md5hash,fitzpatrick_scale,fitzpatrick_group_3,truth_label_grouped,truth_malignancy,app,app_code,target,truth_positive,pred_positive,score,correct
fc00af3afd475aa7679fe83be88b4b8e,1,I-II,squamous cell carcinoma,malignant,AI Skin Scanner,a,malignant_vs_benign,TRUE,TRUE,0.63,1
fc00af3afd475aa7679fe83be88b4b8e,1,I-II,squamous cell carcinoma,malignant,AI Skin Scanner,a,melanoma_vs_rest,FALSE,FALSE,0,1
fc00af3afd475aa7679fe83be88b4b8e,1,I-II,squamous cell carcinoma,malignant,AI Skin Scanner,a,basal_cell_carcinoma_vs_rest,FALSE,FALSE,0.16,1
fc00af3afd475aa7679fe83be88b4b8e,1,I-II,squamous cell carcinoma,malignant,AI Skin Scanner,a,squamous_cell_carcinoma_vs_rest,TRUE,FALSE,0.16,0
c0d87b8dc5b8419b85c8fa07517007fd,1,I-II,squamous cell carcinoma,malignant,AI Skin Scanner,a,malignant_vs_benign,TRUE,TRUE,0.8,1
c0d87b8dc5b8419b85c8fa07517007fd,1,I-II,squamous cell carcinoma,malignant,AI Skin Scanner,a,melanoma_vs_rest,FALSE,FALSE,0,1
c0d87b8dc5b8419b85c8fa07517007fd,1,I-II,squamous cell carcinoma,malignant,AI Skin Scanner,a,basal_cell_carcinoma_vs_rest,FALSE,FALSE,0.12,1
c0d87b8dc5b8419b85c8fa07517007fd,1,I-II,squamous cell carcinoma,malignant,AI Skin Scanner,a,squamous_cell_carcinoma_vs_rest,TRUE,TRUE,0.8,1
57b5a38f58b25a43d4997a599154baf9,1,I-II,squamous cell carcinoma,malignant,AI Skin Scanner,a,malignant_vs_benign,TRUE,TRUE,0.61,1
57b5a38f58b25a43d4997a599154baf9,1,I-II,squamous cell carcinoma,malignant,AI Skin Scanner,a,melanoma_vs_rest,FALSE,FALSE,0,1
57b5a38f58b25a43d4997a599154baf9,1,I-II,squamous cell carcinoma,malignant,AI Skin Scanner,a,basal_cell_carcinoma_vs_rest,FALSE,TRUE,0.61,0
57b5a38f58b25a43d4997a599154baf9,1,I-II,squamous cell carcinoma,malignant,AI Skin Scanner,a,squamous_cell_carcinoma_vs_rest,TRUE,FALSE,0.27,0
a49abcfad0d9a5270d1c9488a6fc466f,1,I-II,squamous cell carcinoma,malignant,AI Skin Scanner,a,malignant_vs_benign,TRUE,FALSE,0,0
a49abcfad0d9a5270d1c9488a6fc466f,1,I-II,squamous cell carcinoma,malignant,AI Skin Scanner,a,melanoma_vs_rest,FALSE,FALSE,0,1
a49abcfad0d9a5270d1c9488a6fc466f,1,I-II,squamous cell carcinoma,malignant,AI Skin Scanner,a,basal_cell_carcinoma_vs_rest,FALSE,FALSE,0,1
a49abcfad0d9a5270d1c9488a6fc466f,1,I-II,squamous cell carcinoma,malignant,AI Skin Scanner,a,squamous_cell_carcinoma_vs_rest,TRUE,FALSE,0,0
50c5fdef946e0cd8ef022a82c6167381,1,I-II,squamous cell carcinoma,malignant,AI Skin Scanner,a,malignant_vs_benign,TRUE,TRUE,0.72,1
50c5fdef946e0cd8ef022a82c6167381,1,I-II,squamous cell carcinoma,malignant,AI Skin Scanner,a,melanoma_vs_rest,FALSE,FALSE,0,1
50c5fdef946e0cd8ef022a82c6167381,1,I-II,squamous cell carcinoma,malignant,AI Skin Scanner,a,basal_cell_carcinoma_vs_rest,FALSE,TRUE,0.72,0
50c5fdef946e0cd8ef022a82c6167381,1,I-II,squamous cell carcinoma,malignant,AI Skin Scanner,a,squamous_cell_carcinoma_vs_rest,TRUE,FALSE,0.26,0
fce617ed190a7d97bfad65ebb6e767d7,1,I-II,squamous cell carcinoma,malignant,AI Skin Scanner,a,malignant_vs_benign,TRUE,TRUE,0.97,1
fce617ed190a7d97bfad65ebb6e767d7,1,I-II,squamous cell carcinoma,malignant,AI Skin Scanner,a,melanoma_vs_rest,FALSE,FALSE,0,1
fce617ed190a7d97bfad65ebb6e767d7,1,I-II,squamous cell carcinoma,malignant,AI Skin Scanner,a,basal_cell_carcinoma_vs_rest,FALSE,TRUE,0.97,0
fce617ed190a7d97bfad65ebb6e767d7,1,I-II,squamous cell carcinoma,malignant,AI Skin Scanner,a,squamous_cell_carcinoma_vs_rest,TRUE,FALSE,0.01,0
547fd367c30b04f56988da2c5aab46f4,1,I-II,squamous cell carcinoma,malignant,AI Skin Scanner,a,malignant_vs_benign,TRUE,TRUE,0.34,1
547fd367c30b04f56988da2c5aab46f4,1,I-II,squamous cell carcinoma,malignant,AI Skin Scanner,a,melanoma_vs_rest,FALSE,TRUE,0.34,0
547fd367c30b04f56988da2c5aab46f4,1,I-II,squamous cell carcinoma,malignant,AI Skin Scanner,a,basal_cell_carcinoma_vs_rest,FALSE,FALSE,0,1
547fd367c30b04f56988da2c5aab46f4,1,I-II,squamous cell carcinoma,malignant,AI Skin Scanner,a,squamous_cell_carcinoma_vs_rest,TRUE,FALSE,0.31,0
66f46297056511b1057d5c31ad7acd23,1,I-II,squamous cell carcinoma,malignant,AI Skin Scanner,a,malignant_vs_benign,TRUE,FALSE,0,0
66f46297056511b1057d5c31ad7acd23,1,I-II,squamous cell carcinoma,malignant,AI Skin Scanner,a,melanoma_vs_rest,FALSE,FALSE,0,1
66f46297056511b1057d5c31ad7acd23,1,I-II,squamous cell carcinoma,malignant,AI Skin Scanner,a,basal_cell_carcinoma_vs_rest,FALSE,FALSE,0,1
66f46297056511b1057d5c31ad7acd23,1,I-II,squamous cell carcinoma,malignant,AI Skin Scanner,a,squamous_cell_carcinoma_vs_rest,TRUE,FALSE,0,0
2222992c3bb757f63b0f36674ea0e5f2,1,I-II,squamous cell carcinoma,malignant,AI Skin Scanner,a,malignant_vs_benign,TRUE,TRUE,0.99,1
2222992c3bb757f63b0f36674ea0e5f2,1,I-II,squamous cell carcinoma,malignant,AI Skin Scanner,a,melanoma_vs_rest,FALSE,FALSE,0,1
2222992c3bb757f63b0f36674ea0e5f2,1,I-II,squamous cell carcinoma,malignant,AI Skin Scanner,a,basal_cell_carcinoma_vs_rest,FALSE,TRUE,0.99,0
2222992c3bb757f63b0f36674ea0e5f2,1,I-II,squamous cell carcinoma,malignant,AI Skin Scanner,a,squamous_cell_carcinoma_vs_rest,TRUE,FALSE,0,0
a3a0ffe406386ff29eb7a6cebc3c4985,1,I-II,squamous cell carcinoma,malignant,AI Skin Scanner,a,malignant_vs_benign,TRUE,TRUE,0.68,1
a3a0ffe406386ff29eb7a6cebc3c4985,1,I-II,squamous cell carcinoma,malignant,AI Skin Scanner,a,melanoma_vs_rest,FALSE,FALSE,0,1
a3a0ffe406386ff29eb7a6cebc3c4985,1,I-II,squamous cell carcinoma,malignant,AI Skin Scanner,a,basal_cell_carcinoma_vs_rest,FALSE,FALSE,0.24,1
a3a0ffe406386ff29eb7a6cebc3c4985,1,I-II,squamous cell carcinoma,malignant,AI Skin Scanner,a,squamous_cell_carcinoma_vs_rest,TRUE,FALSE,0.05,0
9a2685b99d2db77c7297891d1c5b2dae,2,I-II,squamous cell carcinoma,malignant,AI Skin Scanner,a,malignant_vs_benign,TRUE,TRUE,0.8,1
9a2685b99d2db77c7297891d1c5b2dae,2,I-II,squamous cell carcinoma,malignant,AI Skin Scanner,a,melanoma_vs_rest,FALSE,FALSE,0,1
9a2685b99d2db77c7297891d1c5b2dae,2,I-II,squamous cell carcinoma,malignant,AI Skin Scanner,a,basal_cell_carcinoma_vs_rest,FALSE,TRUE,0.8,0
9a2685b99d2db77c7297891d1c5b2dae,2,I-II,squamous cell carcinoma,malignant,AI Skin Scanner,a,squamous_cell_carcinoma_vs_rest,TRUE,FALSE,0.09,0
4ff4109275ef98c7cd754dee47249adc,2,I-II,squamous cell carcinoma,malignant,AI Skin Scanner,a,malignant_vs_benign,TRUE,FALSE,0.38,0
4ff4109275ef98c7cd754dee47249adc,2,I-II,squamous cell carcinoma,malignant,AI Skin Scanner,a,melanoma_vs_rest,FALSE,FALSE,0,1
4ff4109275ef98c7cd754dee47249adc,2,I-II,squamous cell carcinoma,malignant,AI Skin Scanner,a,basal_cell_carcinoma_vs_rest,FALSE,FALSE,0.38,1
4ff4109275ef98c7cd754dee47249adc,2,I-II,squamous cell carcinoma,malignant,AI Skin Scanner,a,squamous_cell_carcinoma_vs_rest,TRUE,FALSE,0,0
38d20f98356a171a3c206985213c366b,2,I-II,squamous cell carcinoma,malignant,AI Skin Scanner,a,malignant_vs_benign,TRUE,TRUE,0.62,1
38d20f98356a171a3c206985213c366b,2,I-II,squamous cell carcinoma,malignant,AI Skin Scanner,a,melanoma_vs_rest,FALSE,FALSE,0,1
38d20f98356a171a3c206985213c366b,2,I-II,squamous cell carcinoma,malignant,AI Skin Scanner,a,basal_cell_carcinoma_vs_rest,FALSE,TRUE,0.62,0
38d20f98356a171a3c206985213c366b,2,I-II,squamous cell carcinoma,malignant,AI Skin Scanner,a,squamous_cell_carcinoma_vs_rest,TRUE,FALSE,0.28,0
7075c2cde6d86aa53d709a2ead26b93f,2,I-II,squamous cell carcinoma,malignant,AI Skin Scanner,a,malignant_vs_benign,TRUE,TRUE,0.62,1
7075c2cde6d86aa53d709a2ead26b93f,2,I-II,squamous cell carcinoma,malignant,AI Skin Scanner,a,melanoma_vs_rest,FALSE,FALSE,0,1
7075c2cde6d86aa53d709a2ead26b93f,2,I-II,squamous cell carcinoma,malignant,AI Skin Scanner,a,basal_cell_carcinoma_vs_rest,FALSE,FALSE,0.21,1
7075c2cde6d86aa53d709a2ead26b93f,2,I-II,squamous cell carcinoma,malignant,AI Skin Scanner,a,squamous_cell_carcinoma_vs_rest,TRUE,FALSE,0,0
48cec03c27c9107baa6cea045851ec23,2,I-II,squamous cell carcinoma,malignant,AI Skin Scanner,a,malignant_vs_benign,TRUE,TRUE,0.97,1
48cec03c27c9107baa6cea045851ec23,2,I-II,squamous cell carcinoma,malignant,AI Skin Scanner,a,melanoma_vs_rest,FALSE,FALSE,0,1
48cec03c27c9107baa6cea045851ec23,2,I-II,squamous cell carcinoma,malignant,AI Skin Scanner,a,basal_cell_carcinoma_vs_rest,FALSE,FALSE,0,1
48cec03c27c9107baa6cea045851ec23,2,I-II,squamous cell carcinoma,malignant,AI Skin Scanner,a,squamous_cell_carcinoma_vs_rest,TRUE,TRUE,0.97,1
6f6f8c6bb2e0d48e9c6b4d4345ab56b7,2,I-II,squamous cell carcinoma,malignant,AI Skin Scanner,a,malignant_vs_benign,TRUE,TRUE,0.88,1
6f6f8c6bb2e0d48e9c6b4d4345ab56b7,2,I-II,squamous cell carcinoma,malignant,AI Skin Scanner,a,melanoma_vs_rest,FALSE,FALSE,0,1
6f6f8c6bb2e0d48e9c6b4d4345ab56b7,2,I-II,squamous cell carcinoma,malignant,AI Skin Scanner,a,basal_cell_carcinoma_vs_rest,FALSE,TRUE,0.88,0
6f6f8c6bb2e0d48e9c6b4d4345ab56b7,2,I-II,squamous cell carcinoma,malignant,AI Skin Scanner,a,squamous_cell_carcinoma_vs_rest,TRUE,FALSE,0.06,0
9ec57ddbac15eba36a635c7c7eb7b4c0,2,I-II,squamous cell carcinoma,malignant,AI Skin Scanner,a,malignant_vs_benign,TRUE,TRUE,0.99,1
9ec57ddbac15eba36a635c7c7eb7b4c0,2,I-II,squamous cell carcinoma,malignant,AI Skin Scanner,a,melanoma_vs_rest,FALSE,FALSE,0,1
9ec57ddbac15eba36a635c7c7eb7b4c0,2,I-II,squamous cell carcinoma,malignant,AI Skin Scanner,a,basal_cell_carcinoma_vs_rest,FALSE,FALSE,0.01,1
9ec57ddbac15eba36a635c7c7eb7b4c0,2,I-II,squamous cell carcinoma,malignant,AI Skin Scanner,a,squamous_cell_carcinoma_vs_rest,TRUE,TRUE,0.99,1
f909638c31e8f182ddf042a2573a96b2,2,I-II,squamous cell carcinoma,malignant,AI Skin Scanner,a,malignant_vs_benign,TRUE,TRUE,0.94,1
f909638c31e8f182ddf042a2573a96b2,2,I-II,squamous cell carcinoma,malignant,AI Skin Scanner,a,melanoma_vs_rest,FALSE,FALSE,0,1
f909638c31e8f182ddf042a2573a96b2,2,I-II,squamous cell carcinoma,malignant,AI Skin Scanner,a,basal_cell_carcinoma_vs_rest,FALSE,TRUE,0.94,0
f909638c31e8f182ddf042a2573a96b2,2,I-II,squamous cell carcinoma,malignant,AI Skin Scanner,a,squamous_cell_carcinoma_vs_rest,TRUE,FALSE,0.04,0
2b1d6c4f83524d2e9a0047053986b6a3,2,I-II,squamous cell carcinoma,malignant,AI Skin Scanner,a,malignant_vs_benign,TRUE,TRUE,0.83,1
2b1d6c4f83524d2e9a0047053986b6a3,2,I-II,squamous cell carcinoma,malignant,AI Skin Scanner,a,melanoma_vs_rest,FALSE,FALSE,0,1
2b1d6c4f83524d2e9a0047053986b6a3,2,I-II,squamous cell carcinoma,malignant,AI Skin Scanner,a,basal_cell_carcinoma_vs_rest,FALSE,FALSE,0.07,1
2b1d6c4f83524d2e9a0047053986b6a3,2,I-II,squamous cell carcinoma,malignant,AI Skin Scanner,a,squamous_cell_carcinoma_vs_rest,TRUE,TRUE,0.83,1
d48ef382ac315465ba4322ca3b660c8f,2,I-II,squamous cell carcinoma,malignant,AI Skin Scanner,a,malignant_vs_benign,TRUE,TRUE,0.99,1
d48ef382ac315465ba4322ca3b660c8f,2,I-II,squamous cell carcinoma,malignant,AI Skin Scanner,a,melanoma_vs_rest,FALSE,FALSE,0,1
d48ef382ac315465ba4322ca3b660c8f,2,I-II,squamous cell carcinoma,malignant,AI Skin Scanner,a,basal_cell_carcinoma_vs_rest,FALSE,FALSE,0.01,1
d48ef382ac315465ba4322ca3b660c8f,2,I-II,squamous cell carcinoma,malignant,AI Skin Scanner,a,squamous_cell_carcinoma_vs_rest,TRUE,TRUE,0.99,1
07360bff59d68a64fe7e279625a4bbd4,3,III-IV,squamous cell carcinoma,malignant,AI Skin Scanner,a,malignant_vs_benign,TRUE,FALSE,0,0
07360bff59d68a64fe7e279625a4bbd4,3,III-IV,squamous cell carcinoma,malignant,AI Skin Scanner,a,melanoma_vs_rest,FALSE,FALSE,0,1
07360bff59d68a64fe7e279625a4bbd4,3,III-IV,squamous cell carcinoma,malignant,AI Skin Scanner,a,basal_cell_carcinoma_vs_rest,FALSE,FALSE,0,1
07360bff59d68a64fe7e279625a4bbd4,3,III-IV,squamous cell carcinoma,malignant,AI Skin Scanner,a,squamous_cell_carcinoma_vs_rest,TRUE,FALSE,0,0
bc578ce738482dd8f76af0c5ef32bca6,3,III-IV,squamous cell carcinoma,malignant,AI Skin Scanner,a,malignant_vs_benign,TRUE,TRUE,0.89,1
bc578ce738482dd8f76af0c5ef32bca6,3,III-IV,squamous cell carcinoma,malignant,AI Skin Scanner,a,melanoma_vs_rest,FALSE,FALSE,0,1
bc578ce738482dd8f76af0c5ef32bca6,3,III-IV,squamous cell carcinoma,malignant,AI Skin Scanner,a,basal_cell_carcinoma_vs_rest,FALSE,FALSE,0.02,1
bc578ce738482dd8f76af0c5ef32bca6,3,III-IV,squamous cell carcinoma,malignant,AI Skin Scanner,a,squamous_cell_carcinoma_vs_rest,TRUE,FALSE,0.08,0
15e4e61777fdee377d7a930c224939d0,3,III-IV,squamous cell carcinoma,malignant,AI Skin Scanner,a,malignant_vs_benign,TRUE,FALSE,0,0
15e4e61777fdee377d7a930c224939d0,3,III-IV,squamous cell carcinoma,malignant,AI Skin Scanner,a,melanoma_vs_rest,FALSE,FALSE,0,1
15e4e61777fdee377d7a930c224939d0,3,III-IV,squamous cell carcinoma,malignant,AI Skin Scanner,a,basal_cell_carcinoma_vs_rest,FALSE,FALSE,0,1
15e4e61777fdee377d7a930c224939d0,3,III-IV,squamous cell carcinoma,malignant,AI Skin Scanner,a,squamous_cell_carcinoma_vs_rest,TRUE,FALSE,0,0
82f57c180f4a89b2fcce489bf47a2074,3,III-IV,squamous cell carcinoma,malignant,AI Skin Scanner,a,malignant_vs_benign,TRUE,TRUE,0.46,1
82f57c180f4a89b2fcce489bf47a2074,3,III-IV,squamous cell carcinoma,malignant,AI Skin Scanner,a,melanoma_vs_rest,FALSE,FALSE,0,1
82f57c180f4a89b2fcce489bf47a2074,3,III-IV,squamous cell carcinoma,malignant,AI Skin Scanner,a,basal_cell_carcinoma_vs_rest,FALSE,FALSE,0.2,1
82f57c180f4a89b2fcce489bf47a2074,3,III-IV,squamous cell carcinoma,malignant,AI Skin Scanner,a,squamous_cell_carcinoma_vs_rest,TRUE,FALSE,0.28,0
0b035e5709e08c96e471bf050c805697,3,III-IV,squamous cell carcinoma,malignant,AI Skin Scanner,a,malignant_vs_benign,TRUE,FALSE,0,0
0b035e5709e08c96e471bf050c805697,3,III-IV,squamous cell carcinoma,malignant,AI Skin Scanner,a,melanoma_vs_rest,FALSE,FALSE,0,1
0b035e5709e08c96e471bf050c805697,3,III-IV,squamous cell carcinoma,malignant,AI Skin Scanner,a,basal_cell_carcinoma_vs_rest,FALSE,FALSE,0,1
0b035e5709e08c96e471bf050c805697,3,III-IV,squamous cell carcinoma,malignant,AI Skin Scanner,a,squamous_cell_carcinoma_vs_rest,TRUE,FALSE,0,0
2cd9e868bed17ffb8c6b118d91c441c7,3,III-IV,squamous cell carcinoma,malignant,AI Skin Scanner,a,malignant_vs_benign,TRUE,TRUE,0.68,1
2cd9e868bed17ffb8c6b118d91c441c7,3,III-IV,squamous cell carcinoma,malignant,AI Skin Scanner,a,melanoma_vs_rest,FALSE,FALSE,0,1
2cd9e868bed17ffb8c6b118d91c441c7,3,III-IV,squamous cell carcinoma,malignant,AI Skin Scanner,a,basal_cell_carcinoma_vs_rest,FALSE,TRUE,0.68,0
2cd9e868bed17ffb8c6b118d91c441c7,3,III-IV,squamous cell carcinoma,malignant,AI Skin Scanner,a,squamous_cell_carcinoma_vs_rest,TRUE,FALSE,0,0
d0b0400c882ead562db99693b7548504,3,III-IV,squamous cell carcinoma,malignant,AI Skin Scanner,a,malignant_vs_benign,TRUE,TRUE,0.67,1
d0b0400c882ead562db99693b7548504,3,III-IV,squamous cell carcinoma,malignant,AI Skin Scanner,a,melanoma_vs_rest,FALSE,FALSE,0,1
d0b0400c882ead562db99693b7548504,3,III-IV,squamous cell carcinoma,malignant,AI Skin Scanner,a,basal_cell_carcinoma_vs_rest,FALSE,FALSE,0.27,1
d0b0400c882ead562db99693b7548504,3,III-IV,squamous cell carcinoma,malignant,AI Skin Scanner,a,squamous_cell_carcinoma_vs_rest,TRUE,FALSE,0.04,0
567224dca06e7f3fa5ec45ee4745a4e1,3,III-IV,squamous cell carcinoma,malignant,AI Skin Scanner,a,malignant_vs_benign,TRUE,TRUE,0.7,1
567224dca06e7f3fa5ec45ee4745a4e1,3,III-IV,squamous cell carcinoma,malignant,AI Skin Scanner,a,melanoma_vs_rest,FALSE,FALSE,0,1
567224dca06e7f3fa5ec45ee4745a4e1,3,III-IV,squamous cell carcinoma,malignant,AI Skin Scanner,a,basal_cell_carcinoma_vs_rest,FALSE,TRUE,0.7,0
567224dca06e7f3fa5ec45ee4745a4e1,3,III-IV,squamous cell carcinoma,malignant,AI Skin Scanner,a,squamous_cell_carcinoma_vs_rest,TRUE,FALSE,0.1,0
528442cac3214e5f4785f78b1fcad0cc,3,III-IV,squamous cell carcinoma,malignant,AI Skin Scanner,a,malignant_vs_benign,TRUE,TRUE,0.98,1
528442cac3214e5f4785f78b1fcad0cc,3,III-IV,squamous cell carcinoma,malignant,AI Skin Scanner,a,melanoma_vs_rest,FALSE,FALSE,0,1
528442cac3214e5f4785f78b1fcad0cc,3,III-IV,squamous cell carcinoma,malignant,AI Skin Scanner,a,basal_cell_carcinoma_vs_rest,FALSE,FALSE,0,1
528442cac3214e5f4785f78b1fcad0cc,3,III-IV,squamous cell carcinoma,malignant,AI Skin Scanner,a,squamous_cell_carcinoma_vs_rest,TRUE,FALSE,0.01,0
7ae07553e54194d86ee8dac84e470ff8,3,III-IV,squamous cell carcinoma,malignant,AI Skin Scanner,a,malignant_vs_benign,TRUE,FALSE,0,0
7ae07553e54194d86ee8dac84e470ff8,3,III-IV,squamous cell carcinoma,malignant,AI Skin Scanner,a,melanoma_vs_rest,FALSE,FALSE,0,1
7ae07553e54194d86ee8dac84e470ff8,3,III-IV,squamous cell carcinoma,malignant,AI Skin Scanner,a,basal_cell_carcinoma_vs_rest,FALSE,FALSE,0,1
7ae07553e54194d86ee8dac84e470ff8,3,III-IV,squamous cell carcinoma,malignant,AI Skin Scanner,a,squamous_cell_carcinoma_vs_rest,TRUE,FALSE,0,0
69568fbb5f210c22cc07d54a578dfffe,4,III-IV,squamous cell carcinoma,malignant,AI Skin Scanner,a,malignant_vs_benign,TRUE,FALSE,0,0
69568fbb5f210c22cc07d54a578dfffe,4,III-IV,squamous cell carcinoma,malignant,AI Skin Scanner,a,melanoma_vs_rest,FALSE,FALSE,0,1
69568fbb5f210c22cc07d54a578dfffe,4,III-IV,squamous cell carcinoma,malignant,AI Skin Scanner,a,basal_cell_carcinoma_vs_rest,FALSE,FALSE,0,1
69568fbb5f210c22cc07d54a578dfffe,4,III-IV,squamous cell carcinoma,malignant,AI Skin Scanner,a,squamous_cell_carcinoma_vs_rest,TRUE,FALSE,0,0
45b54dadb3dfc9b5f0daaf9359fcbc43,4,III-IV,squamous cell carcinoma,malignant,AI Skin Scanner,a,malignant_vs_benign,TRUE,TRUE,0.82,1
45b54dadb3dfc9b5f0daaf9359fcbc43,4,III-IV,squamous cell carcinoma,malignant,AI Skin Scanner,a,melanoma_vs_rest,FALSE,FALSE,0,1
45b54dadb3dfc9b5f0daaf9359fcbc43,4,III-IV,squamous cell carcinoma,malignant,AI Skin Scanner,a,basal_cell_carcinoma_vs_rest,FALSE,FALSE,0.07,1
45b54dadb3dfc9b5f0daaf9359fcbc43,4,III-IV,squamous cell carcinoma,malignant,AI Skin Scanner,a,squamous_cell_carcinoma_vs_rest,TRUE,TRUE,0.82,1
9de1afbb265ce50b1d0829f54fe4b668,4,III-IV,squamous cell carcinoma,malignant,AI Skin Scanner,a,malignant_vs_benign,TRUE,TRUE,0.77,1
9de1afbb265ce50b1d0829f54fe4b668,4,III-IV,squamous cell carcinoma,malignant,AI Skin Scanner,a,melanoma_vs_rest,FALSE,FALSE,0,1
9de1afbb265ce50b1d0829f54fe4b668,4,III-IV,squamous cell carcinoma,malignant,AI Skin Scanner,a,basal_cell_carcinoma_vs_rest,FALSE,FALSE,0.03,1
9de1afbb265ce50b1d0829f54fe4b668,4,III-IV,squamous cell carcinoma,malignant,AI Skin Scanner,a,squamous_cell_carcinoma_vs_rest,TRUE,FALSE,0,0
4e90f3cc9051c8bcc7ee07f25e169134,4,III-IV,squamous cell carcinoma,malignant,AI Skin Scanner,a,malignant_vs_benign,TRUE,TRUE,0.89,1
4e90f3cc9051c8bcc7ee07f25e169134,4,III-IV,squamous cell carcinoma,malignant,AI Skin Scanner,a,melanoma_vs_rest,FALSE,FALSE,0,1
4e90f3cc9051c8bcc7ee07f25e169134,4,III-IV,squamous cell carcinoma,malignant,AI Skin Scanner,a,basal_cell_carcinoma_vs_rest,FALSE,FALSE,0.04,1
4e90f3cc9051c8bcc7ee07f25e169134,4,III-IV,squamous cell carcinoma,malignant,AI Skin Scanner,a,squamous_cell_carcinoma_vs_rest,TRUE,FALSE,0.05,0
ba50c75cb5701c4f29b7f662510fca0a,4,III-IV,squamous cell carcinoma,malignant,AI Skin Scanner,a,malignant_vs_benign,TRUE,FALSE,0,0
ba50c75cb5701c4f29b7f662510fca0a,4,III-IV,squamous cell carcinoma,malignant,AI Skin Scanner,a,melanoma_vs_rest,FALSE,FALSE,0,1
ba50c75cb5701c4f29b7f662510fca0a,4,III-IV,squamous cell carcinoma,malignant,AI Skin Scanner,a,basal_cell_carcinoma_vs_rest,FALSE,FALSE,0,1
ba50c75cb5701c4f29b7f662510fca0a,4,III-IV,squamous cell carcinoma,malignant,AI Skin Scanner,a,squamous_cell_carcinoma_vs_rest,TRUE,FALSE,0,0
b689987ba3fa37e45f8c62f349f992a9,4,III-IV,squamous cell carcinoma,malignant,AI Skin Scanner,a,malignant_vs_benign,TRUE,TRUE,0.71,1
b689987ba3fa37e45f8c62f349f992a9,4,III-IV,squamous cell carcinoma,malignant,AI Skin Scanner,a,melanoma_vs_rest,FALSE,FALSE,0,1
b689987ba3fa37e45f8c62f349f992a9,4,III-IV,squamous cell carcinoma,malignant,AI Skin Scanner,a,basal_cell_carcinoma_vs_rest,FALSE,TRUE,0.71,0
b689987ba3fa37e45f8c62f349f992a9,4,III-IV,squamous cell carcinoma,malignant,AI Skin Scanner,a,squamous_cell_carcinoma_vs_rest,TRUE,FALSE,0.17,0
f3f6c3ad40a1f6fcc3aba0d74a3de8c3,4,III-IV,squamous cell carcinoma,malignant,AI Skin Scanner,a,malignant_vs_benign,TRUE,TRUE,0.9,1
f3f6c3ad40a1f6fcc3aba0d74a3de8c3,4,III-IV,squamous cell carcinoma,malignant,AI Skin Scanner,a,melanoma_vs_rest,FALSE,FALSE,0,1
f3f6c3ad40a1f6fcc3aba0d74a3de8c3,4,III-IV,squamous cell carcinoma,malignant,AI Skin Scanner,a,basal_cell_carcinoma_vs_rest,FALSE,FALSE,0.07,1
f3f6c3ad40a1f6fcc3aba0d74a3de8c3,4,III-IV,squamous cell carcinoma,malignant,AI Skin Scanner,a,squamous_cell_carcinoma_vs_rest,TRUE,FALSE,0.01,0
fcc9ed3892215e076e9dc5b7a8bf81e7,4,III-IV,squamous cell carcinoma,malignant,AI Skin Scanner,a,malignant_vs_benign,TRUE,TRUE,0.95,1
fcc9ed3892215e076e9dc5b7a8bf81e7,4,III-IV,squamous cell carcinoma,malignant,AI Skin Scanner,a,melanoma_vs_rest,FALSE,FALSE,0,1
fcc9ed3892215e076e9dc5b7a8bf81e7,4,III-IV,squamous cell carcinoma,malignant,AI Skin Scanner,a,basal_cell_carcinoma_vs_rest,FALSE,FALSE,0.01,1
fcc9ed3892215e076e9dc5b7a8bf81e7,4,III-IV,squamous cell carcinoma,malignant,AI Skin Scanner,a,squamous_cell_carcinoma_vs_rest,TRUE,TRUE,0.95,1
73ac23918c9537a8c792938b64f779e0,4,III-IV,squamous cell carcinoma,malignant,AI Skin Scanner,a,malignant_vs_benign,TRUE,FALSE,0.02,0
73ac23918c9537a8c792938b64f779e0,4,III-IV,squamous cell carcinoma,malignant,AI Skin Scanner,a,melanoma_vs_rest,FALSE,FALSE,0.02,1
73ac23918c9537a8c792938b64f779e0,4,III-IV,squamous cell carcinoma,malignant,AI Skin Scanner,a,basal_cell_carcinoma_vs_rest,FALSE,FALSE,0,1
73ac23918c9537a8c792938b64f779e0,4,III-IV,squamous cell carcinoma,malignant,AI Skin Scanner,a,squamous_cell_carcinoma_vs_rest,TRUE,FALSE,0,0
4bd61d9c3ec99cdea6d24b0915e2cd12,4,III-IV,squamous cell carcinoma,malignant,AI Skin Scanner,a,malignant_vs_benign,TRUE,FALSE,0.23,0
4bd61d9c3ec99cdea6d24b0915e2cd12,4,III-IV,squamous cell carcinoma,malignant,AI Skin Scanner,a,melanoma_vs_rest,FALSE,FALSE,0,1
4bd61d9c3ec99cdea6d24b0915e2cd12,4,III-IV,squamous cell carcinoma,malignant,AI Skin Scanner,a,basal_cell_carcinoma_vs_rest,FALSE,FALSE,0,1
4bd61d9c3ec99cdea6d24b0915e2cd12,4,III-IV,squamous cell carcinoma,malignant,AI Skin Scanner,a,squamous_cell_carcinoma_vs_rest,TRUE,FALSE,0.23,0
5de18144953b0dcf774605ae4a9c65c3,5,V-VI,squamous cell carcinoma,malignant,AI Skin Scanner,a,malignant_vs_benign,TRUE,TRUE,0.83,1
5de18144953b0dcf774605ae4a9c65c3,5,V-VI,squamous cell carcinoma,malignant,AI Skin Scanner,a,melanoma_vs_rest,FALSE,FALSE,0,1
5de18144953b0dcf774605ae4a9c65c3,5,V-VI,squamous cell carcinoma,malignant,AI Skin Scanner,a,basal_cell_carcinoma_vs_rest,FALSE,FALSE,0.07,1
5de18144953b0dcf774605ae4a9c65c3,5,V-VI,squamous cell carcinoma,malignant,AI Skin Scanner,a,squamous_cell_carcinoma_vs_rest,TRUE,FALSE,0.06,0
5064dcda8586eb8f2548b1bfce9de3c2,5,V-VI,squamous cell carcinoma,malignant,AI Skin Scanner,a,malignant_vs_benign,TRUE,FALSE,0,0
5064dcda8586eb8f2548b1bfce9de3c2,5,V-VI,squamous cell carcinoma,malignant,AI Skin Scanner,a,melanoma_vs_rest,FALSE,FALSE,0,1
5064dcda8586eb8f2548b1bfce9de3c2,5,V-VI,squamous cell carcinoma,malignant,AI Skin Scanner,a,basal_cell_carcinoma_vs_rest,FALSE,FALSE,0,1
5064dcda8586eb8f2548b1bfce9de3c2,5,V-VI,squamous cell carcinoma,malignant,AI Skin Scanner,a,squamous_cell_carcinoma_vs_rest,TRUE,FALSE,0,0
e36a4c4eec75df99bd208175e4279e50,5,V-VI,squamous cell carcinoma,malignant,AI Skin Scanner,a,malignant_vs_benign,TRUE,TRUE,0.45,1
e36a4c4eec75df99bd208175e4279e50,5,V-VI,squamous cell carcinoma,malignant,AI Skin Scanner,a,melanoma_vs_rest,FALSE,FALSE,0,1
e36a4c4eec75df99bd208175e4279e50,5,V-VI,squamous cell carcinoma,malignant,AI Skin Scanner,a,basal_cell_carcinoma_vs_rest,FALSE,TRUE,0.45,0
e36a4c4eec75df99bd208175e4279e50,5,V-VI,squamous cell carcinoma,malignant,AI Skin Scanner,a,squamous_cell_carcinoma_vs_rest,TRUE,FALSE,0.22,0
24c7a58c0e60303086d0f5f89b121ae4,5,V-VI,squamous cell carcinoma,malignant,AI Skin Scanner,a,malignant_vs_benign,TRUE,TRUE,0.93,1
24c7a58c0e60303086d0f5f89b121ae4,5,V-VI,squamous cell carcinoma,malignant,AI Skin Scanner,a,melanoma_vs_rest,FALSE,FALSE,0,1
24c7a58c0e60303086d0f5f89b121ae4,5,V-VI,squamous cell carcinoma,malignant,AI Skin Scanner,a,basal_cell_carcinoma_vs_rest,FALSE,FALSE,0.03,1
24c7a58c0e60303086d0f5f89b121ae4,5,V-VI,squamous cell carcinoma,malignant,AI Skin Scanner,a,squamous_cell_carcinoma_vs_rest,TRUE,FALSE,0.02,0
1f2489a044a3e3de6bb33af5359e267b,5,V-VI,squamous cell carcinoma,malignant,AI Skin Scanner,a,malignant_vs_benign,TRUE,FALSE,0.06,0
1f2489a044a3e3de6bb33af5359e267b,5,V-VI,squamous cell carcinoma,malignant,AI Skin Scanner,a,melanoma_vs_rest,FALSE,FALSE,0,1
1f2489a044a3e3de6bb33af5359e267b,5,V-VI,squamous cell carcinoma,malignant,AI Skin Scanner,a,basal_cell_carcinoma_vs_rest,FALSE,FALSE,0,1
1f2489a044a3e3de6bb33af5359e267b,5,V-VI,squamous cell carcinoma,malignant,AI Skin Scanner,a,squamous_cell_carcinoma_vs_rest,TRUE,FALSE,0.06,0
257b98dac6241fa7fc474d3ccd0cc23e,5,V-VI,squamous cell carcinoma,malignant,AI Skin Scanner,a,malignant_vs_benign,TRUE,TRUE,0.75,1
257b98dac6241fa7fc474d3ccd0cc23e,5,V-VI,squamous cell carcinoma,malignant,AI Skin Scanner,a,melanoma_vs_rest,FALSE,FALSE,0,1
257b98dac6241fa7fc474d3ccd0cc23e,5,V-VI,squamous cell carcinoma,malignant,AI Skin Scanner,a,basal_cell_carcinoma_vs_rest,FALSE,TRUE,0.75,0
257b98dac6241fa7fc474d3ccd0cc23e,5,V-VI,squamous cell carcinoma,malignant,AI Skin Scanner,a,squamous_cell_carcinoma_vs_rest,TRUE,FALSE,0.23,0
70b283d0053a683abc14e4cf4ce83ac5,5,V-VI,squamous cell carcinoma,malignant,AI Skin Scanner,a,malignant_vs_benign,TRUE,TRUE,0.7,1
70b283d0053a683abc14e4cf4ce83ac5,5,V-VI,squamous cell carcinoma,malignant,AI Skin Scanner,a,melanoma_vs_rest,FALSE,FALSE,0,1
70b283d0053a683abc14e4cf4ce83ac5,5,V-VI,squamous cell carcinoma,malignant,AI Skin Scanner,a,basal_cell_carcinoma_vs_rest,FALSE,FALSE,0.19,1
70b283d0053a683abc14e4cf4ce83ac5,5,V-VI,squamous cell carcinoma,malignant,AI Skin Scanner,a,squamous_cell_carcinoma_vs_rest,TRUE,TRUE,0.7,1
4978a6b94f69b38e5a0fe45857242f45,5,V-VI,squamous cell carcinoma,malignant,AI Skin Scanner,a,malignant_vs_benign,TRUE,FALSE,0,0
4978a6b94f69b38e5a0fe45857242f45,5,V-VI,squamous cell carcinoma,malignant,AI Skin Scanner,a,melanoma_vs_rest,FALSE,FALSE,0,1
4978a6b94f69b38e5a0fe45857242f45,5,V-VI,squamous cell carcinoma,malignant,AI Skin Scanner,a,basal_cell_carcinoma_vs_rest,FALSE,FALSE,0,1
4978a6b94f69b38e5a0fe45857242f45,5,V-VI,squamous cell carcinoma,malignant,AI Skin Scanner,a,squamous_cell_carcinoma_vs_rest,TRUE,FALSE,0,0
a8d1b8f97efb9cebccd244b212d77f28,5,V-VI,squamous cell carcinoma,malignant,AI Skin Scanner,a,malignant_vs_benign,TRUE,FALSE,0,0
a8d1b8f97efb9cebccd244b212d77f28,5,V-VI,squamous cell carcinoma,malignant,AI Skin Scanner,a,melanoma_vs_rest,FALSE,FALSE,0,1
a8d1b8f97efb9cebccd244b212d77f28,5,V-VI,squamous cell carcinoma,malignant,AI Skin Scanner,a,basal_cell_carcinoma_vs_rest,FALSE,FALSE,0,1
a8d1b8f97efb9cebccd244b212d77f28,5,V-VI,squamous cell carcinoma,malignant,AI Skin Scanner,a,squamous_cell_carcinoma_vs_rest,TRUE,FALSE,0,0
54062cedd5bf0e41f3c95feba2bb0373,5,V-VI,squamous cell carcinoma,malignant,AI Skin Scanner,a,malignant_vs_benign,TRUE,TRUE,0.73,1
54062cedd5bf0e41f3c95feba2bb0373,5,V-VI,squamous cell carcinoma,malignant,AI Skin Scanner,a,melanoma_vs_rest,FALSE,FALSE,0,1
54062cedd5bf0e41f3c95feba2bb0373,5,V-VI,squamous cell carcinoma,malignant,AI Skin Scanner,a,basal_cell_carcinoma_vs_rest,FALSE,FALSE,0.14,1
54062cedd5bf0e41f3c95feba2bb0373,5,V-VI,squamous cell carcinoma,malignant,AI Skin Scanner,a,squamous_cell_carcinoma_vs_rest,TRUE,FALSE,0.11,0
1fc1eff4c66e8e14b039964fac65ba7e,6,V-VI,squamous cell carcinoma,malignant,AI Skin Scanner,a,malignant_vs_benign,TRUE,TRUE,0.96,1
1fc1eff4c66e8e14b039964fac65ba7e,6,V-VI,squamous cell carcinoma,malignant,AI Skin Scanner,a,melanoma_vs_rest,FALSE,FALSE,0.01,1
1fc1eff4c66e8e14b039964fac65ba7e,6,V-VI,squamous cell carcinoma,malignant,AI Skin Scanner,a,basal_cell_carcinoma_vs_rest,FALSE,FALSE,0.01,1
1fc1eff4c66e8e14b039964fac65ba7e,6,V-VI,squamous cell carcinoma,malignant,AI Skin Scanner,a,squamous_cell_carcinoma_vs_rest,TRUE,TRUE,0.96,1
bee428af68657ff702c769092b1998c6,6,V-VI,squamous cell carcinoma,malignant,AI Skin Scanner,a,malignant_vs_benign,TRUE,FALSE,0,0
bee428af68657ff702c769092b1998c6,6,V-VI,squamous cell carcinoma,malignant,AI Skin Scanner,a,melanoma_vs_rest,FALSE,FALSE,0,1
bee428af68657ff702c769092b1998c6,6,V-VI,squamous cell carcinoma,malignant,AI Skin Scanner,a,basal_cell_carcinoma_vs_rest,FALSE,FALSE,0,1
bee428af68657ff702c769092b1998c6,6,V-VI,squamous cell carcinoma,malignant,AI Skin Scanner,a,squamous_cell_carcinoma_vs_rest,TRUE,FALSE,0,0
aba082609e966daf665ccfbb264c226f,6,V-VI,squamous cell carcinoma,malignant,AI Skin Scanner,a,malignant_vs_benign,TRUE,FALSE,0,0
aba082609e966daf665ccfbb264c226f,6,V-VI,squamous cell carcinoma,malignant,AI Skin Scanner,a,melanoma_vs_rest,FALSE,FALSE,0,1
aba082609e966daf665ccfbb264c226f,6,V-VI,squamous cell carcinoma,malignant,AI Skin Scanner,a,basal_cell_carcinoma_vs_rest,FALSE,FALSE,0,1
aba082609e966daf665ccfbb264c226f,6,V-VI,squamous cell carcinoma,malignant,AI Skin Scanner,a,squamous_cell_carcinoma_vs_rest,TRUE,FALSE,0,0
9fe7369e9cd9a468a2feb65a81c4bb13,6,V-VI,squamous cell carcinoma,malignant,AI Skin Scanner,a,malignant_vs_benign,TRUE,FALSE,0,0
9fe7369e9cd9a468a2feb65a81c4bb13,6,V-VI,squamous cell carcinoma,malignant,AI Skin Scanner,a,melanoma_vs_rest,FALSE,FALSE,0,1
9fe7369e9cd9a468a2feb65a81c4bb13,6,V-VI,squamous cell carcinoma,malignant,AI Skin Scanner,a,basal_cell_carcinoma_vs_rest,FALSE,FALSE,0,1
9fe7369e9cd9a468a2feb65a81c4bb13,6,V-VI,squamous cell carcinoma,malignant,AI Skin Scanner,a,squamous_cell_carcinoma_vs_rest,TRUE,FALSE,0,0
c465d8b7a4273c618cea01568be5299a,6,V-VI,squamous cell carcinoma,malignant,AI Skin Scanner,a,malignant_vs_benign,TRUE,TRUE,0.88,1
c465d8b7a4273c618cea01568be5299a,6,V-VI,squamous cell carcinoma,malignant,AI Skin Scanner,a,melanoma_vs_rest,FALSE,FALSE,0,1
c465d8b7a4273c618cea01568be5299a,6,V-VI,squamous cell carcinoma,malignant,AI Skin Scanner,a,basal_cell_carcinoma_vs_rest,FALSE,FALSE,0.01,1
c465d8b7a4273c618cea01568be5299a,6,V-VI,squamous cell carcinoma,malignant,AI Skin Scanner,a,squamous_cell_carcinoma_vs_rest,TRUE,TRUE,0.88,1
af048401c6e99acaba177eef6c43c45c,6,V-VI,squamous cell carcinoma,malignant,AI Skin Scanner,a,malignant_vs_benign,TRUE,FALSE,0.01,0
af048401c6e99acaba177eef6c43c45c,6,V-VI,squamous cell carcinoma,malignant,AI Skin Scanner,a,melanoma_vs_rest,FALSE,FALSE,0,1
af048401c6e99acaba177eef6c43c45c,6,V-VI,squamous cell carcinoma,malignant,AI Skin Scanner,a,basal_cell_carcinoma_vs_rest,FALSE,FALSE,0,1
af048401c6e99acaba177eef6c43c45c,6,V-VI,squamous cell carcinoma,malignant,AI Skin Scanner,a,squamous_cell_carcinoma_vs_rest,TRUE,FALSE,0.01,0
36c7bbdced601b5d9fb1cc7cdc0df7e3,6,V-VI,squamous cell carcinoma,malignant,AI Skin Scanner,a,malignant_vs_benign,TRUE,FALSE,0.01,0
36c7bbdced601b5d9fb1cc7cdc0df7e3,6,V-VI,squamous cell carcinoma,malignant,AI Skin Scanner,a,melanoma_vs_rest,FALSE,FALSE,0,1
36c7bbdced601b5d9fb1cc7cdc0df7e3,6,V-VI,squamous cell carcinoma,malignant,AI Skin Scanner,a,basal_cell_carcinoma_vs_rest,FALSE,FALSE,0.01,1
36c7bbdced601b5d9fb1cc7cdc0df7e3,6,V-VI,squamous cell carcinoma,malignant,AI Skin Scanner,a,squamous_cell_carcinoma_vs_rest,TRUE,FALSE,0.01,0
7cedaa3277cb1efd41f5f9f70e6be0c7,6,V-VI,squamous cell carcinoma,malignant,AI Skin Scanner,a,malignant_vs_benign,TRUE,TRUE,0.42,1
7cedaa3277cb1efd41f5f9f70e6be0c7,6,V-VI,squamous cell carcinoma,malignant,AI Skin Scanner,a,melanoma_vs_rest,FALSE,FALSE,0,1
7cedaa3277cb1efd41f5f9f70e6be0c7,6,V-VI,squamous cell carcinoma,malignant,AI Skin Scanner,a,basal_cell_carcinoma_vs_rest,FALSE,FALSE,0.32,1
7cedaa3277cb1efd41f5f9f70e6be0c7,6,V-VI,squamous cell carcinoma,malignant,AI Skin Scanner,a,squamous_cell_carcinoma_vs_rest,TRUE,TRUE,0.42,1
33184eb4424abaf46843d89c4c408552,6,V-VI,squamous cell carcinoma,malignant,AI Skin Scanner,a,malignant_vs_benign,TRUE,FALSE,0.37,0
33184eb4424abaf46843d89c4c408552,6,V-VI,squamous cell carcinoma,malignant,AI Skin Scanner,a,melanoma_vs_rest,FALSE,FALSE,0.37,1
33184eb4424abaf46843d89c4c408552,6,V-VI,squamous cell carcinoma,malignant,AI Skin Scanner,a,basal_cell_carcinoma_vs_rest,FALSE,FALSE,0,1
33184eb4424abaf46843d89c4c408552,6,V-VI,squamous cell carcinoma,malignant,AI Skin Scanner,a,squamous_cell_carcinoma_vs_rest,TRUE,FALSE,0.13,0
a246a3150fe89472eb84a7d49841ae27,6,V-VI,squamous cell carcinoma,malignant,AI Skin Scanner,a,malignant_vs_benign,TRUE,FALSE,0,0
a246a3150fe89472eb84a7d49841ae27,6,V-VI,squamous cell carcinoma,malignant,AI Skin Scanner,a,melanoma_vs_rest,FALSE,FALSE,0,1
a246a3150fe89472eb84a7d49841ae27,6,V-VI,squamous cell carcinoma,malignant,AI Skin Scanner,a,basal_cell_carcinoma_vs_rest,FALSE,FALSE,0,1
a246a3150fe89472eb84a7d49841ae27,6,V-VI,squamous cell carcinoma,malignant,AI Skin Scanner,a,squamous_cell_carcinoma_vs_rest,TRUE,FALSE,0,0
d2c77aa81ca884f99174471132bd3e24,1,I-II,basal cell carcinoma,malignant,AI Skin Scanner,a,malignant_vs_benign,TRUE,FALSE,0,0
d2c77aa81ca884f99174471132bd3e24,1,I-II,basal cell carcinoma,malignant,AI Skin Scanner,a,melanoma_vs_rest,FALSE,FALSE,0,1
d2c77aa81ca884f99174471132bd3e24,1,I-II,basal cell carcinoma,malignant,AI Skin Scanner,a,basal_cell_carcinoma_vs_rest,TRUE,FALSE,0,0
d2c77aa81ca884f99174471132bd3e24,1,I-II,basal cell carcinoma,malignant,AI Skin Scanner,a,squamous_cell_carcinoma_vs_rest,FALSE,FALSE,0,1
a7821ca7a0f65f9095a61d66c234f683,1,I-II,basal cell carcinoma,malignant,AI Skin Scanner,a,malignant_vs_benign,TRUE,FALSE,0.13,0
a7821ca7a0f65f9095a61d66c234f683,1,I-II,basal cell carcinoma,malignant,AI Skin Scanner,a,melanoma_vs_rest,FALSE,FALSE,0,1
a7821ca7a0f65f9095a61d66c234f683,1,I-II,basal cell carcinoma,malignant,AI Skin Scanner,a,basal_cell_carcinoma_vs_rest,TRUE,FALSE,0.13,0
a7821ca7a0f65f9095a61d66c234f683,1,I-II,basal cell carcinoma,malignant,AI Skin Scanner,a,squamous_cell_carcinoma_vs_rest,FALSE,FALSE,0,1
1bbe4519608f606a18adf1811fd1c051,1,I-II,basal cell carcinoma,malignant,AI Skin Scanner,a,malignant_vs_benign,TRUE,FALSE,0.37,0
1bbe4519608f606a18adf1811fd1c051,1,I-II,basal cell carcinoma,malignant,AI Skin Scanner,a,melanoma_vs_rest,FALSE,FALSE,0,1
1bbe4519608f606a18adf1811fd1c051,1,I-II,basal cell carcinoma,malignant,AI Skin Scanner,a,basal_cell_carcinoma_vs_rest,TRUE,FALSE,0.13,0
1bbe4519608f606a18adf1811fd1c051,1,I-II,basal cell carcinoma,malignant,AI Skin Scanner,a,squamous_cell_carcinoma_vs_rest,FALSE,FALSE,0.37,1
42bb46cb779b95f10e531e2b6181e439,1,I-II,basal cell carcinoma,malignant,AI Skin Scanner,a,malignant_vs_benign,TRUE,FALSE,0,0
42bb46cb779b95f10e531e2b6181e439,1,I-II,basal cell carcinoma,malignant,AI Skin Scanner,a,melanoma_vs_rest,FALSE,FALSE,0,1
42bb46cb779b95f10e531e2b6181e439,1,I-II,basal cell carcinoma,malignant,AI Skin Scanner,a,basal_cell_carcinoma_vs_rest,TRUE,FALSE,0,0
42bb46cb779b95f10e531e2b6181e439,1,I-II,basal cell carcinoma,malignant,AI Skin Scanner,a,squamous_cell_carcinoma_vs_rest,FALSE,FALSE,0,1
d2e96d346577a155b0125dda66b16395,1,I-II,basal cell carcinoma,malignant,AI Skin Scanner,a,malignant_vs_benign,TRUE,TRUE,0.99,1
d2e96d346577a155b0125dda66b16395,1,I-II,basal cell carcinoma,malignant,AI Skin Scanner,a,melanoma_vs_rest,FALSE,FALSE,0,1
d2e96d346577a155b0125dda66b16395,1,I-II,basal cell carcinoma,malignant,AI Skin Scanner,a,basal_cell_carcinoma_vs_rest,TRUE,TRUE,0.99,1
d2e96d346577a155b0125dda66b16395,1,I-II,basal cell carcinoma,malignant,AI Skin Scanner,a,squamous_cell_carcinoma_vs_rest,FALSE,FALSE,0,1
9f0704d534bda1e469eb5e19bd4aa4e6,1,I-II,basal cell carcinoma,malignant,AI Skin Scanner,a,malignant_vs_benign,TRUE,TRUE,0.78,1
9f0704d534bda1e469eb5e19bd4aa4e6,1,I-II,basal cell carcinoma,malignant,AI Skin Scanner,a,melanoma_vs_rest,FALSE,FALSE,0,1
9f0704d534bda1e469eb5e19bd4aa4e6,1,I-II,basal cell carcinoma,malignant,AI Skin Scanner,a,basal_cell_carcinoma_vs_rest,TRUE,FALSE,0.21,0
9f0704d534bda1e469eb5e19bd4aa4e6,1,I-II,basal cell carcinoma,malignant,AI Skin Scanner,a,squamous_cell_carcinoma_vs_rest,FALSE,TRUE,0.78,0
edaf72dfe0910228db8eb491ed9dc2b3,1,I-II,basal cell carcinoma,malignant,AI Skin Scanner,a,malignant_vs_benign,TRUE,TRUE,0.88,1
edaf72dfe0910228db8eb491ed9dc2b3,1,I-II,basal cell carcinoma,malignant,AI Skin Scanner,a,melanoma_vs_rest,FALSE,FALSE,0,1
edaf72dfe0910228db8eb491ed9dc2b3,1,I-II,basal cell carcinoma,malignant,AI Skin Scanner,a,basal_cell_carcinoma_vs_rest,TRUE,TRUE,0.88,1
edaf72dfe0910228db8eb491ed9dc2b3,1,I-II,basal cell carcinoma,malignant,AI Skin Scanner,a,squamous_cell_carcinoma_vs_rest,FALSE,FALSE,0.11,1
95ac125ff5c616b972d9be4419f2a7a6,1,I-II,basal cell carcinoma,malignant,AI Skin Scanner,a,malignant_vs_benign,TRUE,TRUE,0.98,1
95ac125ff5c616b972d9be4419f2a7a6,1,I-II,basal cell carcinoma,malignant,AI Skin Scanner,a,melanoma_vs_rest,FALSE,FALSE,0,1
95ac125ff5c616b972d9be4419f2a7a6,1,I-II,basal cell carcinoma,malignant,AI Skin Scanner,a,basal_cell_carcinoma_vs_rest,TRUE,TRUE,0.98,1
95ac125ff5c616b972d9be4419f2a7a6,1,I-II,basal cell carcinoma,malignant,AI Skin Scanner,a,squamous_cell_carcinoma_vs_rest,FALSE,FALSE,0.01,1
4ea4ab5f3ef5e7f1b8b422eaff3066f6,1,I-II,basal cell carcinoma,malignant,AI Skin Scanner,a,malignant_vs_benign,TRUE,TRUE,0.52,1
4ea4ab5f3ef5e7f1b8b422eaff3066f6,1,I-II,basal cell carcinoma,malignant,AI Skin Scanner,a,melanoma_vs_rest,FALSE,TRUE,0.52,0
4ea4ab5f3ef5e7f1b8b422eaff3066f6,1,I-II,basal cell carcinoma,malignant,AI Skin Scanner,a,basal_cell_carcinoma_vs_rest,TRUE,FALSE,0,0
4ea4ab5f3ef5e7f1b8b422eaff3066f6,1,I-II,basal cell carcinoma,malignant,AI Skin Scanner,a,squamous_cell_carcinoma_vs_rest,FALSE,FALSE,0,1
1b1a8cfbe054b2fa9895a08644a10e28,1,I-II,basal cell carcinoma,malignant,AI Skin Scanner,a,malignant_vs_benign,TRUE,TRUE,0.99,1
1b1a8cfbe054b2fa9895a08644a10e28,1,I-II,basal cell carcinoma,malignant,AI Skin Scanner,a,melanoma_vs_rest,FALSE,FALSE,0,1
1b1a8cfbe054b2fa9895a08644a10e28,1,I-II,basal cell carcinoma,malignant,AI Skin Scanner,a,basal_cell_carcinoma_vs_rest,TRUE,TRUE,0.99,1
1b1a8cfbe054b2fa9895a08644a10e28,1,I-II,basal cell carcinoma,malignant,AI Skin Scanner,a,squamous_cell_carcinoma_vs_rest,FALSE,FALSE,0,1
9838b6548e7842a1c228e9548a32099c,2,I-II,basal cell carcinoma,malignant,AI Skin Scanner,a,malignant_vs_benign,TRUE,FALSE,0.23,0
9838b6548e7842a1c228e9548a32099c,2,I-II,basal cell carcinoma,malignant,AI Skin Scanner,a,melanoma_vs_rest,FALSE,FALSE,0.1,1
9838b6548e7842a1c228e9548a32099c,2,I-II,basal cell carcinoma,malignant,AI Skin Scanner,a,basal_cell_carcinoma_vs_rest,TRUE,FALSE,0.23,0
9838b6548e7842a1c228e9548a32099c,2,I-II,basal cell carcinoma,malignant,AI Skin Scanner,a,squamous_cell_carcinoma_vs_rest,FALSE,FALSE,0,1
cf3d2262e2ddccfee4641197f689e6dd,2,I-II,basal cell carcinoma,malignant,AI Skin Scanner,a,malignant_vs_benign,TRUE,TRUE,0.9,1
cf3d2262e2ddccfee4641197f689e6dd,2,I-II,basal cell carcinoma,malignant,AI Skin Scanner,a,melanoma_vs_rest,FALSE,FALSE,0,1
cf3d2262e2ddccfee4641197f689e6dd,2,I-II,basal cell carcinoma,malignant,AI Skin Scanner,a,basal_cell_carcinoma_vs_rest,TRUE,TRUE,0.9,1
cf3d2262e2ddccfee4641197f689e6dd,2,I-II,basal cell carcinoma,malignant,AI Skin Scanner,a,squamous_cell_carcinoma_vs_rest,FALSE,FALSE,0.02,1
4774398105aa32b8d004b499ccbf5633,2,I-II,basal cell carcinoma,malignant,AI Skin Scanner,a,malignant_vs_benign,TRUE,TRUE,0.99,1
4774398105aa32b8d004b499ccbf5633,2,I-II,basal cell carcinoma,malignant,AI Skin Scanner,a,melanoma_vs_rest,FALSE,FALSE,0,1
4774398105aa32b8d004b499ccbf5633,2,I-II,basal cell carcinoma,malignant,AI Skin Scanner,a,basal_cell_carcinoma_vs_rest,TRUE,TRUE,0.99,1
4774398105aa32b8d004b499ccbf5633,2,I-II,basal cell carcinoma,malignant,AI Skin Scanner,a,squamous_cell_carcinoma_vs_rest,FALSE,FALSE,0.01,1
516b8ed8e7db3a27e68118aac9191fb5,2,I-II,basal cell carcinoma,malignant,AI Skin Scanner,a,malignant_vs_benign,TRUE,TRUE,0.99,1
516b8ed8e7db3a27e68118aac9191fb5,2,I-II,basal cell carcinoma,malignant,AI Skin Scanner,a,melanoma_vs_rest,FALSE,FALSE,0.01,1
516b8ed8e7db3a27e68118aac9191fb5,2,I-II,basal cell carcinoma,malignant,AI Skin Scanner,a,basal_cell_carcinoma_vs_rest,TRUE,TRUE,0.99,1
516b8ed8e7db3a27e68118aac9191fb5,2,I-II,basal cell carcinoma,malignant,AI Skin Scanner,a,squamous_cell_carcinoma_vs_rest,FALSE,FALSE,0,1
6323e7bf168cb3f170902b24cd05e8c4,2,I-II,basal cell carcinoma,malignant,AI Skin Scanner,a,malignant_vs_benign,TRUE,TRUE,0.86,1
6323e7bf168cb3f170902b24cd05e8c4,2,I-II,basal cell carcinoma,malignant,AI Skin Scanner,a,melanoma_vs_rest,FALSE,FALSE,0.13,1
6323e7bf168cb3f170902b24cd05e8c4,2,I-II,basal cell carcinoma,malignant,AI Skin Scanner,a,basal_cell_carcinoma_vs_rest,TRUE,TRUE,0.86,1
6323e7bf168cb3f170902b24cd05e8c4,2,I-II,basal cell carcinoma,malignant,AI Skin Scanner,a,squamous_cell_carcinoma_vs_rest,FALSE,FALSE,0,1
fb7c974e189e0dc9cbd83e2d22835e94,2,I-II,basal cell carcinoma,malignant,AI Skin Scanner,a,malignant_vs_benign,TRUE,TRUE,0.96,1
fb7c974e189e0dc9cbd83e2d22835e94,2,I-II,basal cell carcinoma,malignant,AI Skin Scanner,a,melanoma_vs_rest,FALSE,FALSE,0.01,1
fb7c974e189e0dc9cbd83e2d22835e94,2,I-II,basal cell carcinoma,malignant,AI Skin Scanner,a,basal_cell_carcinoma_vs_rest,TRUE,TRUE,0.96,1
fb7c974e189e0dc9cbd83e2d22835e94,2,I-II,basal cell carcinoma,malignant,AI Skin Scanner,a,squamous_cell_carcinoma_vs_rest,FALSE,FALSE,0.01,1
13135f44ed77ea527b70db862a83bd61,2,I-II,basal cell carcinoma,malignant,AI Skin Scanner,a,malignant_vs_benign,TRUE,TRUE,0.57,1
13135f44ed77ea527b70db862a83bd61,2,I-II,basal cell carcinoma,malignant,AI Skin Scanner,a,melanoma_vs_rest,FALSE,FALSE,0,1
13135f44ed77ea527b70db862a83bd61,2,I-II,basal cell carcinoma,malignant,AI Skin Scanner,a,basal_cell_carcinoma_vs_rest,TRUE,TRUE,0.57,1
13135f44ed77ea527b70db862a83bd61,2,I-II,basal cell carcinoma,malignant,AI Skin Scanner,a,squamous_cell_carcinoma_vs_rest,FALSE,FALSE,0,1
94937a8ab45b71486731a59c5e5448e4,2,I-II,basal cell carcinoma,malignant,AI Skin Scanner,a,malignant_vs_benign,TRUE,TRUE,0.91,1
94937a8ab45b71486731a59c5e5448e4,2,I-II,basal cell carcinoma,malignant,AI Skin Scanner,a,melanoma_vs_rest,FALSE,FALSE,0,1
94937a8ab45b71486731a59c5e5448e4,2,I-II,basal cell carcinoma,malignant,AI Skin Scanner,a,basal_cell_carcinoma_vs_rest,TRUE,TRUE,0.91,1
94937a8ab45b71486731a59c5e5448e4,2,I-II,basal cell carcinoma,malignant,AI Skin Scanner,a,squamous_cell_carcinoma_vs_rest,FALSE,FALSE,0.05,1
46cfd1a77dfc44893b3166eca5f5514d,2,I-II,basal cell carcinoma,malignant,AI Skin Scanner,a,malignant_vs_benign,TRUE,FALSE,0,0
46cfd1a77dfc44893b3166eca5f5514d,2,I-II,basal cell carcinoma,malignant,AI Skin Scanner,a,melanoma_vs_rest,FALSE,FALSE,0,1
46cfd1a77dfc44893b3166eca5f5514d,2,I-II,basal cell carcinoma,malignant,AI Skin Scanner,a,basal_cell_carcinoma_vs_rest,TRUE,FALSE,0,0
46cfd1a77dfc44893b3166eca5f5514d,2,I-II,basal cell carcinoma,malignant,AI Skin Scanner,a,squamous_cell_carcinoma_vs_rest,FALSE,FALSE,0,1
be7bead78fed91bdc5056a70246ed703,2,I-II,basal cell carcinoma,malignant,AI Skin Scanner,a,malignant_vs_benign,TRUE,TRUE,0.99,1
be7bead78fed91bdc5056a70246ed703,2,I-II,basal cell carcinoma,malignant,AI Skin Scanner,a,melanoma_vs_rest,FALSE,FALSE,0,1
be7bead78fed91bdc5056a70246ed703,2,I-II,basal cell carcinoma,malignant,AI Skin Scanner,a,basal_cell_carcinoma_vs_rest,TRUE,TRUE,0.99,1
be7bead78fed91bdc5056a70246ed703,2,I-II,basal cell carcinoma,malignant,AI Skin Scanner,a,squamous_cell_carcinoma_vs_rest,FALSE,FALSE,0,1
f08034a69a57680dbe4521f6e913ba22,3,III-IV,basal cell carcinoma,malignant,AI Skin Scanner,a,malignant_vs_benign,TRUE,FALSE,0.38,0
f08034a69a57680dbe4521f6e913ba22,3,III-IV,basal cell carcinoma,malignant,AI Skin Scanner,a,melanoma_vs_rest,FALSE,FALSE,0,1
f08034a69a57680dbe4521f6e913ba22,3,III-IV,basal cell carcinoma,malignant,AI Skin Scanner,a,basal_cell_carcinoma_vs_rest,TRUE,FALSE,0.38,0
f08034a69a57680dbe4521f6e913ba22,3,III-IV,basal cell carcinoma,malignant,AI Skin Scanner,a,squamous_cell_carcinoma_vs_rest,FALSE,FALSE,0,1
4a42c72a20a24c80ee1d43aca4a1e498,3,III-IV,basal cell carcinoma,malignant,AI Skin Scanner,a,malignant_vs_benign,TRUE,TRUE,0.56,1
4a42c72a20a24c80ee1d43aca4a1e498,3,III-IV,basal cell carcinoma,malignant,AI Skin Scanner,a,melanoma_vs_rest,FALSE,FALSE,0,1
4a42c72a20a24c80ee1d43aca4a1e498,3,III-IV,basal cell carcinoma,malignant,AI Skin Scanner,a,basal_cell_carcinoma_vs_rest,TRUE,TRUE,0.56,1
4a42c72a20a24c80ee1d43aca4a1e498,3,III-IV,basal cell carcinoma,malignant,AI Skin Scanner,a,squamous_cell_carcinoma_vs_rest,FALSE,FALSE,0.4,1
95e4e2ee44567f284171a4f368a7aecd,3,III-IV,basal cell carcinoma,malignant,AI Skin Scanner,a,malignant_vs_benign,TRUE,FALSE,0,0
95e4e2ee44567f284171a4f368a7aecd,3,III-IV,basal cell carcinoma,malignant,AI Skin Scanner,a,melanoma_vs_rest,FALSE,FALSE,0,1
95e4e2ee44567f284171a4f368a7aecd,3,III-IV,basal cell carcinoma,malignant,AI Skin Scanner,a,basal_cell_carcinoma_vs_rest,TRUE,FALSE,0,0
95e4e2ee44567f284171a4f368a7aecd,3,III-IV,basal cell carcinoma,malignant,AI Skin Scanner,a,squamous_cell_carcinoma_vs_rest,FALSE,FALSE,0,1
bc3fd36c7d32ae2f2961409049e240b4,3,III-IV,basal cell carcinoma,malignant,AI Skin Scanner,a,malignant_vs_benign,TRUE,TRUE,0.84,1
bc3fd36c7d32ae2f2961409049e240b4,3,III-IV,basal cell carcinoma,malignant,AI Skin Scanner,a,melanoma_vs_rest,FALSE,FALSE,0,1
bc3fd36c7d32ae2f2961409049e240b4,3,III-IV,basal cell carcinoma,malignant,AI Skin Scanner,a,basal_cell_carcinoma_vs_rest,TRUE,TRUE,0.84,1
bc3fd36c7d32ae2f2961409049e240b4,3,III-IV,basal cell carcinoma,malignant,AI Skin Scanner,a,squamous_cell_carcinoma_vs_rest,FALSE,FALSE,0,1
7cc6621d7d99fcca1f0bf2b6bd3043fb,3,III-IV,basal cell carcinoma,malignant,AI Skin Scanner,a,malignant_vs_benign,TRUE,TRUE,0.67,1
7cc6621d7d99fcca1f0bf2b6bd3043fb,3,III-IV,basal cell carcinoma,malignant,AI Skin Scanner,a,melanoma_vs_rest,FALSE,FALSE,0,1
7cc6621d7d99fcca1f0bf2b6bd3043fb,3,III-IV,basal cell carcinoma,malignant,AI Skin Scanner,a,basal_cell_carcinoma_vs_rest,TRUE,TRUE,0.67,1
7cc6621d7d99fcca1f0bf2b6bd3043fb,3,III-IV,basal cell carcinoma,malignant,AI Skin Scanner,a,squamous_cell_carcinoma_vs_rest,FALSE,FALSE,0,1
521773286f1d292e0cdcf5c1354fc0ea,3,III-IV,basal cell carcinoma,malignant,AI Skin Scanner,a,malignant_vs_benign,TRUE,TRUE,0.99,1
521773286f1d292e0cdcf5c1354fc0ea,3,III-IV,basal cell carcinoma,malignant,AI Skin Scanner,a,melanoma_vs_rest,FALSE,FALSE,0.01,1
521773286f1d292e0cdcf5c1354fc0ea,3,III-IV,basal cell carcinoma,malignant,AI Skin Scanner,a,basal_cell_carcinoma_vs_rest,TRUE,TRUE,0.99,1
521773286f1d292e0cdcf5c1354fc0ea,3,III-IV,basal cell carcinoma,malignant,AI Skin Scanner,a,squamous_cell_carcinoma_vs_rest,FALSE,FALSE,0.01,1
13b24f877270a05937f4c80fff693b04,3,III-IV,basal cell carcinoma,malignant,AI Skin Scanner,a,malignant_vs_benign,TRUE,TRUE,0.99,1
13b24f877270a05937f4c80fff693b04,3,III-IV,basal cell carcinoma,malignant,AI Skin Scanner,a,melanoma_vs_rest,FALSE,FALSE,0.01,1
13b24f877270a05937f4c80fff693b04,3,III-IV,basal cell carcinoma,malignant,AI Skin Scanner,a,basal_cell_carcinoma_vs_rest,TRUE,TRUE,0.99,1
13b24f877270a05937f4c80fff693b04,3,III-IV,basal cell carcinoma,malignant,AI Skin Scanner,a,squamous_cell_carcinoma_vs_rest,FALSE,FALSE,0,1
736143719650b30bb48965ee67c3ee4e,3,III-IV,basal cell carcinoma,malignant,AI Skin Scanner,a,malignant_vs_benign,TRUE,FALSE,0,0
736143719650b30bb48965ee67c3ee4e,3,III-IV,basal cell carcinoma,malignant,AI Skin Scanner,a,melanoma_vs_rest,FALSE,FALSE,0,1
736143719650b30bb48965ee67c3ee4e,3,III-IV,basal cell carcinoma,malignant,AI Skin Scanner,a,basal_cell_carcinoma_vs_rest,TRUE,FALSE,0,0
736143719650b30bb48965ee67c3ee4e,3,III-IV,basal cell carcinoma,malignant,AI Skin Scanner,a,squamous_cell_carcinoma_vs_rest,FALSE,FALSE,0,1
2d88a3fa67aa761b65e280c2e14c68c3,3,III-IV,basal cell carcinoma,malignant,AI Skin Scanner,a,malignant_vs_benign,TRUE,TRUE,0.94,1
2d88a3fa67aa761b65e280c2e14c68c3,3,III-IV,basal cell carcinoma,malignant,AI Skin Scanner,a,melanoma_vs_rest,FALSE,FALSE,0,1
2d88a3fa67aa761b65e280c2e14c68c3,3,III-IV,basal cell carcinoma,malignant,AI Skin Scanner,a,basal_cell_carcinoma_vs_rest,TRUE,TRUE,0.94,1
2d88a3fa67aa761b65e280c2e14c68c3,3,III-IV,basal cell carcinoma,malignant,AI Skin Scanner,a,squamous_cell_carcinoma_vs_rest,FALSE,FALSE,0.01,1
22bcca7d579abf5c2c121c98aa01a4c7,3,III-IV,basal cell carcinoma,malignant,AI Skin Scanner,a,malignant_vs_benign,TRUE,TRUE,0.88,1
22bcca7d579abf5c2c121c98aa01a4c7,3,III-IV,basal cell carcinoma,malignant,AI Skin Scanner,a,melanoma_vs_rest,FALSE,FALSE,0,1
22bcca7d579abf5c2c121c98aa01a4c7,3,III-IV,basal cell carcinoma,malignant,AI Skin Scanner,a,basal_cell_carcinoma_vs_rest,TRUE,TRUE,0.88,1
22bcca7d579abf5c2c121c98aa01a4c7,3,III-IV,basal cell carcinoma,malignant,AI Skin Scanner,a,squamous_cell_carcinoma_vs_rest,FALSE,FALSE,0.1,1
ec434ee7ba467dd5ec5a4b87fd515e29,4,III-IV,basal cell carcinoma,malignant,AI Skin Scanner,a,malignant_vs_benign,TRUE,TRUE,0.74,1
ec434ee7ba467dd5ec5a4b87fd515e29,4,III-IV,basal cell carcinoma,malignant,AI Skin Scanner,a,melanoma_vs_rest,FALSE,FALSE,0,1
ec434ee7ba467dd5ec5a4b87fd515e29,4,III-IV,basal cell carcinoma,malignant,AI Skin Scanner,a,basal_cell_carcinoma_vs_rest,TRUE,TRUE,0.74,1
ec434ee7ba467dd5ec5a4b87fd515e29,4,III-IV,basal cell carcinoma,malignant,AI Skin Scanner,a,squamous_cell_carcinoma_vs_rest,FALSE,FALSE,0,1
82375585ff47e3738a54447e43b613f2,4,III-IV,basal cell carcinoma,malignant,AI Skin Scanner,a,malignant_vs_benign,TRUE,TRUE,0.81,1
82375585ff47e3738a54447e43b613f2,4,III-IV,basal cell carcinoma,malignant,AI Skin Scanner,a,melanoma_vs_rest,FALSE,FALSE,0,1
82375585ff47e3738a54447e43b613f2,4,III-IV,basal cell carcinoma,malignant,AI Skin Scanner,a,basal_cell_carcinoma_vs_rest,TRUE,FALSE,0.14,0
82375585ff47e3738a54447e43b613f2,4,III-IV,basal cell carcinoma,malignant,AI Skin Scanner,a,squamous_cell_carcinoma_vs_rest,FALSE,TRUE,0.81,0
db871411820979160cb098e6453399ce,4,III-IV,basal cell carcinoma,malignant,AI Skin Scanner,a,malignant_vs_benign,TRUE,TRUE,0.99,1
db871411820979160cb098e6453399ce,4,III-IV,basal cell carcinoma,malignant,AI Skin Scanner,a,melanoma_vs_rest,FALSE,FALSE,0.01,1
db871411820979160cb098e6453399ce,4,III-IV,basal cell carcinoma,malignant,AI Skin Scanner,a,basal_cell_carcinoma_vs_rest,TRUE,TRUE,0.99,1
db871411820979160cb098e6453399ce,4,III-IV,basal cell carcinoma,malignant,AI Skin Scanner,a,squamous_cell_carcinoma_vs_rest,FALSE,FALSE,0.01,1
8cb3945cf58f8e5540208408a50b5827,4,III-IV,basal cell carcinoma,malignant,AI Skin Scanner,a,malignant_vs_benign,TRUE,TRUE,0.99,1
8cb3945cf58f8e5540208408a50b5827,4,III-IV,basal cell carcinoma,malignant,AI Skin Scanner,a,melanoma_vs_rest,FALSE,FALSE,0,1
8cb3945cf58f8e5540208408a50b5827,4,III-IV,basal cell carcinoma,malignant,AI Skin Scanner,a,basal_cell_carcinoma_vs_rest,TRUE,TRUE,0.99,1
8cb3945cf58f8e5540208408a50b5827,4,III-IV,basal cell carcinoma,malignant,AI Skin Scanner,a,squamous_cell_carcinoma_vs_rest,FALSE,FALSE,0,1
c7aac9b9850c541b1cf2619c7cec8d06,4,III-IV,basal cell carcinoma,malignant,AI Skin Scanner,a,malignant_vs_benign,TRUE,TRUE,0.64,1
c7aac9b9850c541b1cf2619c7cec8d06,4,III-IV,basal cell carcinoma,malignant,AI Skin Scanner,a,melanoma_vs_rest,FALSE,FALSE,0,1
c7aac9b9850c541b1cf2619c7cec8d06,4,III-IV,basal cell carcinoma,malignant,AI Skin Scanner,a,basal_cell_carcinoma_vs_rest,TRUE,TRUE,0.64,1
c7aac9b9850c541b1cf2619c7cec8d06,4,III-IV,basal cell carcinoma,malignant,AI Skin Scanner,a,squamous_cell_carcinoma_vs_rest,FALSE,FALSE,0.12,1
5832419baf0cbfefcac35578a40fa5a5,4,III-IV,basal cell carcinoma,malignant,AI Skin Scanner,a,malignant_vs_benign,TRUE,TRUE,0.99,1
5832419baf0cbfefcac35578a40fa5a5,4,III-IV,basal cell carcinoma,malignant,AI Skin Scanner,a,melanoma_vs_rest,FALSE,FALSE,0.01,1
5832419baf0cbfefcac35578a40fa5a5,4,III-IV,basal cell carcinoma,malignant,AI Skin Scanner,a,basal_cell_carcinoma_vs_rest,TRUE,TRUE,0.99,1
5832419baf0cbfefcac35578a40fa5a5,4,III-IV,basal cell carcinoma,malignant,AI Skin Scanner,a,squamous_cell_carcinoma_vs_rest,FALSE,FALSE,0.01,1
af64774e30b2dc701e3f2a88348a78dc,4,III-IV,basal cell carcinoma,malignant,AI Skin Scanner,a,malignant_vs_benign,TRUE,TRUE,0.98,1
af64774e30b2dc701e3f2a88348a78dc,4,III-IV,basal cell carcinoma,malignant,AI Skin Scanner,a,melanoma_vs_rest,FALSE,FALSE,0,1
af64774e30b2dc701e3f2a88348a78dc,4,III-IV,basal cell carcinoma,malignant,AI Skin Scanner,a,basal_cell_carcinoma_vs_rest,TRUE,TRUE,0.98,1
af64774e30b2dc701e3f2a88348a78dc,4,III-IV,basal cell carcinoma,malignant,AI Skin Scanner,a,squamous_cell_carcinoma_vs_rest,FALSE,FALSE,0.01,1
794572175ce2487d073bcbd2d62f2743,4,III-IV,basal cell carcinoma,malignant,AI Skin Scanner,a,malignant_vs_benign,TRUE,TRUE,0.97,1
794572175ce2487d073bcbd2d62f2743,4,III-IV,basal cell carcinoma,malignant,AI Skin Scanner,a,melanoma_vs_rest,FALSE,FALSE,0,1
794572175ce2487d073bcbd2d62f2743,4,III-IV,basal cell carcinoma,malignant,AI Skin Scanner,a,basal_cell_carcinoma_vs_rest,TRUE,TRUE,0.97,1
794572175ce2487d073bcbd2d62f2743,4,III-IV,basal cell carcinoma,malignant,AI Skin Scanner,a,squamous_cell_carcinoma_vs_rest,FALSE,FALSE,0.01,1
de24cc0b5dc20eccdd67e7a60c8a1fa9,4,III-IV,basal cell carcinoma,malignant,AI Skin Scanner,a,malignant_vs_benign,TRUE,TRUE,0.99,1
de24cc0b5dc20eccdd67e7a60c8a1fa9,4,III-IV,basal cell carcinoma,malignant,AI Skin Scanner,a,melanoma_vs_rest,FALSE,FALSE,0,1
de24cc0b5dc20eccdd67e7a60c8a1fa9,4,III-IV,basal cell carcinoma,malignant,AI Skin Scanner,a,basal_cell_carcinoma_vs_rest,TRUE,TRUE,0.99,1
de24cc0b5dc20eccdd67e7a60c8a1fa9,4,III-IV,basal cell carcinoma,malignant,AI Skin Scanner,a,squamous_cell_carcinoma_vs_rest,FALSE,FALSE,0.01,1
6ed58ed2e4c8b378493cd5766f7bad56,4,III-IV,basal cell carcinoma,malignant,AI Skin Scanner,a,malignant_vs_benign,TRUE,TRUE,0.83,1
6ed58ed2e4c8b378493cd5766f7bad56,4,III-IV,basal cell carcinoma,malignant,AI Skin Scanner,a,melanoma_vs_rest,FALSE,FALSE,0,1
6ed58ed2e4c8b378493cd5766f7bad56,4,III-IV,basal cell carcinoma,malignant,AI Skin Scanner,a,basal_cell_carcinoma_vs_rest,TRUE,TRUE,0.83,1
6ed58ed2e4c8b378493cd5766f7bad56,4,III-IV,basal cell carcinoma,malignant,AI Skin Scanner,a,squamous_cell_carcinoma_vs_rest,FALSE,FALSE,0.07,1
9ca9d8e0946f6d8598daad6770b5581f,5,V-VI,basal cell carcinoma,malignant,AI Skin Scanner,a,malignant_vs_benign,TRUE,TRUE,0.83,1
9ca9d8e0946f6d8598daad6770b5581f,5,V-VI,basal cell carcinoma,malignant,AI Skin Scanner,a,melanoma_vs_rest,FALSE,FALSE,0,1
9ca9d8e0946f6d8598daad6770b5581f,5,V-VI,basal cell carcinoma,malignant,AI Skin Scanner,a,basal_cell_carcinoma_vs_rest,TRUE,TRUE,0.83,1
9ca9d8e0946f6d8598daad6770b5581f,5,V-VI,basal cell carcinoma,malignant,AI Skin Scanner,a,squamous_cell_carcinoma_vs_rest,FALSE,FALSE,0,1
70b99a1005a08821fd9b9c48d7e8e698,5,V-VI,basal cell carcinoma,malignant,AI Skin Scanner,a,malignant_vs_benign,TRUE,TRUE,0.99,1
70b99a1005a08821fd9b9c48d7e8e698,5,V-VI,basal cell carcinoma,malignant,AI Skin Scanner,a,melanoma_vs_rest,FALSE,FALSE,0,1
70b99a1005a08821fd9b9c48d7e8e698,5,V-VI,basal cell carcinoma,malignant,AI Skin Scanner,a,basal_cell_carcinoma_vs_rest,TRUE,TRUE,0.99,1
70b99a1005a08821fd9b9c48d7e8e698,5,V-VI,basal cell carcinoma,malignant,AI Skin Scanner,a,squamous_cell_carcinoma_vs_rest,FALSE,FALSE,0.01,1
5ff2e2cbcbb9f92610ec54dca324d149,5,V-VI,basal cell carcinoma,malignant,AI Skin Scanner,a,malignant_vs_benign,TRUE,TRUE,0.95,1
5ff2e2cbcbb9f92610ec54dca324d149,5,V-VI,basal cell carcinoma,malignant,AI Skin Scanner,a,melanoma_vs_rest,FALSE,FALSE,0.01,1
5ff2e2cbcbb9f92610ec54dca324d149,5,V-VI,basal cell carcinoma,malignant,AI Skin Scanner,a,basal_cell_carcinoma_vs_rest,TRUE,TRUE,0.95,1
5ff2e2cbcbb9f92610ec54dca324d149,5,V-VI,basal cell carcinoma,malignant,AI Skin Scanner,a,squamous_cell_carcinoma_vs_rest,FALSE,FALSE,0,1
875d767d2fa63aa3f740d7d19f21e32a,5,V-VI,basal cell carcinoma,malignant,AI Skin Scanner,a,malignant_vs_benign,TRUE,TRUE,0.36,1
875d767d2fa63aa3f740d7d19f21e32a,5,V-VI,basal cell carcinoma,malignant,AI Skin Scanner,a,melanoma_vs_rest,FALSE,FALSE,0,1
875d767d2fa63aa3f740d7d19f21e32a,5,V-VI,basal cell carcinoma,malignant,AI Skin Scanner,a,basal_cell_carcinoma_vs_rest,TRUE,FALSE,0.23,0
875d767d2fa63aa3f740d7d19f21e32a,5,V-VI,basal cell carcinoma,malignant,AI Skin Scanner,a,squamous_cell_carcinoma_vs_rest,FALSE,TRUE,0.36,0
bba3db5954f7975d59a37347222d954d,5,V-VI,basal cell carcinoma,malignant,AI Skin Scanner,a,malignant_vs_benign,TRUE,FALSE,0.03,0
bba3db5954f7975d59a37347222d954d,5,V-VI,basal cell carcinoma,malignant,AI Skin Scanner,a,melanoma_vs_rest,FALSE,FALSE,0,1
bba3db5954f7975d59a37347222d954d,5,V-VI,basal cell carcinoma,malignant,AI Skin Scanner,a,basal_cell_carcinoma_vs_rest,TRUE,FALSE,0,0
bba3db5954f7975d59a37347222d954d,5,V-VI,basal cell carcinoma,malignant,AI Skin Scanner,a,squamous_cell_carcinoma_vs_rest,FALSE,FALSE,0.03,1
1dcc2fb45c366dafbb1f45c0e8afd3bd,5,V-VI,basal cell carcinoma,malignant,AI Skin Scanner,a,malignant_vs_benign,TRUE,TRUE,0.89,1
1dcc2fb45c366dafbb1f45c0e8afd3bd,5,V-VI,basal cell carcinoma,malignant,AI Skin Scanner,a,melanoma_vs_rest,FALSE,FALSE,0.07,1
1dcc2fb45c366dafbb1f45c0e8afd3bd,5,V-VI,basal cell carcinoma,malignant,AI Skin Scanner,a,basal_cell_carcinoma_vs_rest,TRUE,TRUE,0.89,1
1dcc2fb45c366dafbb1f45c0e8afd3bd,5,V-VI,basal cell carcinoma,malignant,AI Skin Scanner,a,squamous_cell_carcinoma_vs_rest,FALSE,FALSE,0,1
9255b18c770f58de26221d16839fadb2,5,V-VI,basal cell carcinoma,malignant,AI Skin Scanner,a,malignant_vs_benign,TRUE,TRUE,0.77,1
9255b18c770f58de26221d16839fadb2,5,V-VI,basal cell carcinoma,malignant,AI Skin Scanner,a,melanoma_vs_rest,FALSE,FALSE,0,1
9255b18c770f58de26221d16839fadb2,5,V-VI,basal cell carcinoma,malignant,AI Skin Scanner,a,basal_cell_carcinoma_vs_rest,TRUE,TRUE,0.77,1
9255b18c770f58de26221d16839fadb2,5,V-VI,basal cell carcinoma,malignant,AI Skin Scanner,a,squamous_cell_carcinoma_vs_rest,FALSE,FALSE,0,1
915d7fa381560d5b77f1e37cd1c37206,5,V-VI,basal cell carcinoma,malignant,AI Skin Scanner,a,malignant_vs_benign,TRUE,TRUE,0.99,1
915d7fa381560d5b77f1e37cd1c37206,5,V-VI,basal cell carcinoma,malignant,AI Skin Scanner,a,melanoma_vs_rest,FALSE,FALSE,0,1
915d7fa381560d5b77f1e37cd1c37206,5,V-VI,basal cell carcinoma,malignant,AI Skin Scanner,a,basal_cell_carcinoma_vs_rest,TRUE,TRUE,0.99,1
915d7fa381560d5b77f1e37cd1c37206,5,V-VI,basal cell carcinoma,malignant,AI Skin Scanner,a,squamous_cell_carcinoma_vs_rest,FALSE,FALSE,0,1
032b3adb839c23047aedc87707ff978e,5,V-VI,basal cell carcinoma,malignant,AI Skin Scanner,a,malignant_vs_benign,TRUE,TRUE,0.97,1
032b3adb839c23047aedc87707ff978e,5,V-VI,basal cell carcinoma,malignant,AI Skin Scanner,a,melanoma_vs_rest,FALSE,FALSE,0,1
032b3adb839c23047aedc87707ff978e,5,V-VI,basal cell carcinoma,malignant,AI Skin Scanner,a,basal_cell_carcinoma_vs_rest,TRUE,TRUE,0.97,1
032b3adb839c23047aedc87707ff978e,5,V-VI,basal cell carcinoma,malignant,AI Skin Scanner,a,squamous_cell_carcinoma_vs_rest,FALSE,FALSE,0.01,1
89867feafae04841becf921893861722,5,V-VI,basal cell carcinoma,malignant,AI Skin Scanner,a,malignant_vs_benign,TRUE,TRUE,0.89,1
89867feafae04841becf921893861722,5,V-VI,basal cell carcinoma,malignant,AI Skin Scanner,a,melanoma_vs_rest,FALSE,FALSE,0.06,1
89867feafae04841becf921893861722,5,V-VI,basal cell carcinoma,malignant,AI Skin Scanner,a,basal_cell_carcinoma_vs_rest,TRUE,TRUE,0.89,1
89867feafae04841becf921893861722,5,V-VI,basal cell carcinoma,malignant,AI Skin Scanner,a,squamous_cell_carcinoma_vs_rest,FALSE,FALSE,0,1
849d862189a58f44a063ee6ba1a80b1b,5,V-VI,basal cell carcinoma,malignant,AI Skin Scanner,a,malignant_vs_benign,TRUE,TRUE,0.99,1
849d862189a58f44a063ee6ba1a80b1b,5,V-VI,basal cell carcinoma,malignant,AI Skin Scanner,a,melanoma_vs_rest,FALSE,FALSE,0.01,1
849d862189a58f44a063ee6ba1a80b1b,5,V-VI,basal cell carcinoma,malignant,AI Skin Scanner,a,basal_cell_carcinoma_vs_rest,TRUE,TRUE,0.99,1
849d862189a58f44a063ee6ba1a80b1b,5,V-VI,basal cell carcinoma,malignant,AI Skin Scanner,a,squamous_cell_carcinoma_vs_rest,FALSE,FALSE,0.01,1
9209a4be6a83500ae0c536cc16386284,5,V-VI,basal cell carcinoma,malignant,AI Skin Scanner,a,malignant_vs_benign,TRUE,TRUE,0.99,1
9209a4be6a83500ae0c536cc16386284,5,V-VI,basal cell carcinoma,malignant,AI Skin Scanner,a,melanoma_vs_rest,FALSE,FALSE,0.01,1
9209a4be6a83500ae0c536cc16386284,5,V-VI,basal cell carcinoma,malignant,AI Skin Scanner,a,basal_cell_carcinoma_vs_rest,TRUE,TRUE,0.99,1
9209a4be6a83500ae0c536cc16386284,5,V-VI,basal cell carcinoma,malignant,AI Skin Scanner,a,squamous_cell_carcinoma_vs_rest,FALSE,FALSE,0,1
94646305d86635230c4eb1763bb043bc,5,V-VI,basal cell carcinoma,malignant,AI Skin Scanner,a,malignant_vs_benign,TRUE,FALSE,0.09,0
94646305d86635230c4eb1763bb043bc,5,V-VI,basal cell carcinoma,malignant,AI Skin Scanner,a,melanoma_vs_rest,FALSE,FALSE,0,1
94646305d86635230c4eb1763bb043bc,5,V-VI,basal cell carcinoma,malignant,AI Skin Scanner,a,basal_cell_carcinoma_vs_rest,TRUE,FALSE,0.09,0
94646305d86635230c4eb1763bb043bc,5,V-VI,basal cell carcinoma,malignant,AI Skin Scanner,a,squamous_cell_carcinoma_vs_rest,FALSE,FALSE,0,1
5f1a4d80fdc87563f3cc7174241c3477,5,V-VI,basal cell carcinoma,malignant,AI Skin Scanner,a,malignant_vs_benign,TRUE,TRUE,0.93,1
5f1a4d80fdc87563f3cc7174241c3477,5,V-VI,basal cell carcinoma,malignant,AI Skin Scanner,a,melanoma_vs_rest,FALSE,FALSE,0,1
5f1a4d80fdc87563f3cc7174241c3477,5,V-VI,basal cell carcinoma,malignant,AI Skin Scanner,a,basal_cell_carcinoma_vs_rest,TRUE,TRUE,0.93,1
5f1a4d80fdc87563f3cc7174241c3477,5,V-VI,basal cell carcinoma,malignant,AI Skin Scanner,a,squamous_cell_carcinoma_vs_rest,FALSE,FALSE,0.05,1
49ed416e5f1dc646ecbaf99b23b48095,5,V-VI,basal cell carcinoma,malignant,AI Skin Scanner,a,malignant_vs_benign,TRUE,TRUE,0.99,1
49ed416e5f1dc646ecbaf99b23b48095,5,V-VI,basal cell carcinoma,malignant,AI Skin Scanner,a,melanoma_vs_rest,FALSE,FALSE,0,1
49ed416e5f1dc646ecbaf99b23b48095,5,V-VI,basal cell carcinoma,malignant,AI Skin Scanner,a,basal_cell_carcinoma_vs_rest,TRUE,TRUE,0.99,1
49ed416e5f1dc646ecbaf99b23b48095,5,V-VI,basal cell carcinoma,malignant,AI Skin Scanner,a,squamous_cell_carcinoma_vs_rest,FALSE,FALSE,0.01,1
b02abb6e18e64ffd99083dcf884ad75a,6,V-VI,basal cell carcinoma,malignant,AI Skin Scanner,a,malignant_vs_benign,TRUE,FALSE,0,0
b02abb6e18e64ffd99083dcf884ad75a,6,V-VI,basal cell carcinoma,malignant,AI Skin Scanner,a,melanoma_vs_rest,FALSE,FALSE,0,1
b02abb6e18e64ffd99083dcf884ad75a,6,V-VI,basal cell carcinoma,malignant,AI Skin Scanner,a,basal_cell_carcinoma_vs_rest,TRUE,FALSE,0,0
b02abb6e18e64ffd99083dcf884ad75a,6,V-VI,basal cell carcinoma,malignant,AI Skin Scanner,a,squamous_cell_carcinoma_vs_rest,FALSE,FALSE,0,1
2cc47698a46f2371a31a5a5a547de03a,6,V-VI,basal cell carcinoma,malignant,AI Skin Scanner,a,malignant_vs_benign,TRUE,FALSE,0,0
2cc47698a46f2371a31a5a5a547de03a,6,V-VI,basal cell carcinoma,malignant,AI Skin Scanner,a,melanoma_vs_rest,FALSE,FALSE,0,1
2cc47698a46f2371a31a5a5a547de03a,6,V-VI,basal cell carcinoma,malignant,AI Skin Scanner,a,basal_cell_carcinoma_vs_rest,TRUE,FALSE,0,0
2cc47698a46f2371a31a5a5a547de03a,6,V-VI,basal cell carcinoma,malignant,AI Skin Scanner,a,squamous_cell_carcinoma_vs_rest,FALSE,FALSE,0,1
a1d96dfd1897917119021000c1f9a5af,6,V-VI,basal cell carcinoma,malignant,AI Skin Scanner,a,malignant_vs_benign,TRUE,TRUE,0.44,1
a1d96dfd1897917119021000c1f9a5af,6,V-VI,basal cell carcinoma,malignant,AI Skin Scanner,a,melanoma_vs_rest,FALSE,FALSE,0,1
a1d96dfd1897917119021000c1f9a5af,6,V-VI,basal cell carcinoma,malignant,AI Skin Scanner,a,basal_cell_carcinoma_vs_rest,TRUE,TRUE,0.44,1
a1d96dfd1897917119021000c1f9a5af,6,V-VI,basal cell carcinoma,malignant,AI Skin Scanner,a,squamous_cell_carcinoma_vs_rest,FALSE,FALSE,0,1
16e8de6bd449154d0823adddef933b73,1,I-II,melanoma spectrum,malignant,AI Skin Scanner,a,malignant_vs_benign,TRUE,FALSE,0.05,0
16e8de6bd449154d0823adddef933b73,1,I-II,melanoma spectrum,malignant,AI Skin Scanner,a,melanoma_vs_rest,TRUE,FALSE,0.05,0
16e8de6bd449154d0823adddef933b73,1,I-II,melanoma spectrum,malignant,AI Skin Scanner,a,basal_cell_carcinoma_vs_rest,FALSE,FALSE,0,1
16e8de6bd449154d0823adddef933b73,1,I-II,melanoma spectrum,malignant,AI Skin Scanner,a,squamous_cell_carcinoma_vs_rest,FALSE,FALSE,0,1
e170d124649f3cddf0e8d2ac7a4e597f,1,I-II,melanoma spectrum,malignant,AI Skin Scanner,a,malignant_vs_benign,TRUE,TRUE,0.92,1
e170d124649f3cddf0e8d2ac7a4e597f,1,I-II,melanoma spectrum,malignant,AI Skin Scanner,a,melanoma_vs_rest,TRUE,FALSE,0.06,0
e170d124649f3cddf0e8d2ac7a4e597f,1,I-II,melanoma spectrum,malignant,AI Skin Scanner,a,basal_cell_carcinoma_vs_rest,FALSE,FALSE,0.01,1
e170d124649f3cddf0e8d2ac7a4e597f,1,I-II,melanoma spectrum,malignant,AI Skin Scanner,a,squamous_cell_carcinoma_vs_rest,FALSE,TRUE,0.92,0
c12375fa8da3696e9198df1fd74703c1,1,I-II,melanoma spectrum,malignant,AI Skin Scanner,a,malignant_vs_benign,TRUE,TRUE,0.99,1
c12375fa8da3696e9198df1fd74703c1,1,I-II,melanoma spectrum,malignant,AI Skin Scanner,a,melanoma_vs_rest,TRUE,TRUE,0.99,1
c12375fa8da3696e9198df1fd74703c1,1,I-II,melanoma spectrum,malignant,AI Skin Scanner,a,basal_cell_carcinoma_vs_rest,FALSE,FALSE,0,1
c12375fa8da3696e9198df1fd74703c1,1,I-II,melanoma spectrum,malignant,AI Skin Scanner,a,squamous_cell_carcinoma_vs_rest,FALSE,FALSE,0,1
b222feca6ef56a50502589690b14cb1a,1,I-II,melanoma spectrum,malignant,AI Skin Scanner,a,malignant_vs_benign,TRUE,TRUE,0.51,1
b222feca6ef56a50502589690b14cb1a,1,I-II,melanoma spectrum,malignant,AI Skin Scanner,a,melanoma_vs_rest,TRUE,TRUE,0.51,1
b222feca6ef56a50502589690b14cb1a,1,I-II,melanoma spectrum,malignant,AI Skin Scanner,a,basal_cell_carcinoma_vs_rest,FALSE,FALSE,0.4,1
b222feca6ef56a50502589690b14cb1a,1,I-II,melanoma spectrum,malignant,AI Skin Scanner,a,squamous_cell_carcinoma_vs_rest,FALSE,FALSE,0,1
0fc62c72c433cd6f7ff35d6ba510ac48,1,I-II,melanoma spectrum,malignant,AI Skin Scanner,a,malignant_vs_benign,TRUE,FALSE,0.09,0
0fc62c72c433cd6f7ff35d6ba510ac48,1,I-II,melanoma spectrum,malignant,AI Skin Scanner,a,melanoma_vs_rest,TRUE,FALSE,0,0
0fc62c72c433cd6f7ff35d6ba510ac48,1,I-II,melanoma spectrum,malignant,AI Skin Scanner,a,basal_cell_carcinoma_vs_rest,FALSE,FALSE,0,1
0fc62c72c433cd6f7ff35d6ba510ac48,1,I-II,melanoma spectrum,malignant,AI Skin Scanner,a,squamous_cell_carcinoma_vs_rest,FALSE,FALSE,0.09,1
fc6e05f39ad27f0d3717f4fb51e607ef,1,I-II,melanoma spectrum,malignant,AI Skin Scanner,a,malignant_vs_benign,TRUE,TRUE,0.51,1
fc6e05f39ad27f0d3717f4fb51e607ef,1,I-II,melanoma spectrum,malignant,AI Skin Scanner,a,melanoma_vs_rest,TRUE,TRUE,0.51,1
fc6e05f39ad27f0d3717f4fb51e607ef,1,I-II,melanoma spectrum,malignant,AI Skin Scanner,a,basal_cell_carcinoma_vs_rest,FALSE,FALSE,0,1
fc6e05f39ad27f0d3717f4fb51e607ef,1,I-II,melanoma spectrum,malignant,AI Skin Scanner,a,squamous_cell_carcinoma_vs_rest,FALSE,FALSE,0,1
e4e6247b65749ac9939b1465693e9bfb,1,I-II,melanoma spectrum,malignant,AI Skin Scanner,a,malignant_vs_benign,TRUE,TRUE,0.9,1
e4e6247b65749ac9939b1465693e9bfb,1,I-II,melanoma spectrum,malignant,AI Skin Scanner,a,melanoma_vs_rest,TRUE,FALSE,0.02,0
e4e6247b65749ac9939b1465693e9bfb,1,I-II,melanoma spectrum,malignant,AI Skin Scanner,a,basal_cell_carcinoma_vs_rest,FALSE,FALSE,0,1
e4e6247b65749ac9939b1465693e9bfb,1,I-II,melanoma spectrum,malignant,AI Skin Scanner,a,squamous_cell_carcinoma_vs_rest,FALSE,TRUE,0.9,0
361c860d6d11345eb0d14b6ff560a952,1,I-II,melanoma spectrum,malignant,AI Skin Scanner,a,malignant_vs_benign,TRUE,TRUE,0.95,1
361c860d6d11345eb0d14b6ff560a952,1,I-II,melanoma spectrum,malignant,AI Skin Scanner,a,melanoma_vs_rest,TRUE,TRUE,0.95,1
361c860d6d11345eb0d14b6ff560a952,1,I-II,melanoma spectrum,malignant,AI Skin Scanner,a,basal_cell_carcinoma_vs_rest,FALSE,FALSE,0,1
361c860d6d11345eb0d14b6ff560a952,1,I-II,melanoma spectrum,malignant,AI Skin Scanner,a,squamous_cell_carcinoma_vs_rest,FALSE,FALSE,0,1
98a86bd0a6b6d31cc399703220627eab,1,I-II,melanoma spectrum,malignant,AI Skin Scanner,a,malignant_vs_benign,TRUE,FALSE,0.15,0
98a86bd0a6b6d31cc399703220627eab,1,I-II,melanoma spectrum,malignant,AI Skin Scanner,a,melanoma_vs_rest,TRUE,FALSE,0.15,0
98a86bd0a6b6d31cc399703220627eab,1,I-II,melanoma spectrum,malignant,AI Skin Scanner,a,basal_cell_carcinoma_vs_rest,FALSE,FALSE,0,1
98a86bd0a6b6d31cc399703220627eab,1,I-II,melanoma spectrum,malignant,AI Skin Scanner,a,squamous_cell_carcinoma_vs_rest,FALSE,FALSE,0,1
1e7a332c75655b759c774efeac3d9dcc,1,I-II,melanoma spectrum,malignant,AI Skin Scanner,a,malignant_vs_benign,TRUE,FALSE,0.01,0
1e7a332c75655b759c774efeac3d9dcc,1,I-II,melanoma spectrum,malignant,AI Skin Scanner,a,melanoma_vs_rest,TRUE,FALSE,0.01,0
1e7a332c75655b759c774efeac3d9dcc,1,I-II,melanoma spectrum,malignant,AI Skin Scanner,a,basal_cell_carcinoma_vs_rest,FALSE,FALSE,0,1
1e7a332c75655b759c774efeac3d9dcc,1,I-II,melanoma spectrum,malignant,AI Skin Scanner,a,squamous_cell_carcinoma_vs_rest,FALSE,FALSE,0,1
203f72e12bfd9132ba8f843eaa9a894f,2,I-II,melanoma spectrum,malignant,AI Skin Scanner,a,malignant_vs_benign,TRUE,FALSE,0,0
203f72e12bfd9132ba8f843eaa9a894f,2,I-II,melanoma spectrum,malignant,AI Skin Scanner,a,melanoma_vs_rest,TRUE,FALSE,0,0
203f72e12bfd9132ba8f843eaa9a894f,2,I-II,melanoma spectrum,malignant,AI Skin Scanner,a,basal_cell_carcinoma_vs_rest,FALSE,FALSE,0,1
203f72e12bfd9132ba8f843eaa9a894f,2,I-II,melanoma spectrum,malignant,AI Skin Scanner,a,squamous_cell_carcinoma_vs_rest,FALSE,FALSE,0,1
163d9c550fad4704990a3d1b8183d0f8,2,I-II,melanoma spectrum,malignant,AI Skin Scanner,a,malignant_vs_benign,TRUE,TRUE,0.75,1
163d9c550fad4704990a3d1b8183d0f8,2,I-II,melanoma spectrum,malignant,AI Skin Scanner,a,melanoma_vs_rest,TRUE,FALSE,0.05,0
163d9c550fad4704990a3d1b8183d0f8,2,I-II,melanoma spectrum,malignant,AI Skin Scanner,a,basal_cell_carcinoma_vs_rest,FALSE,TRUE,0.75,0
163d9c550fad4704990a3d1b8183d0f8,2,I-II,melanoma spectrum,malignant,AI Skin Scanner,a,squamous_cell_carcinoma_vs_rest,FALSE,FALSE,0,1
c05b03bcef867fca1e842f5226089b2c,2,I-II,melanoma spectrum,malignant,AI Skin Scanner,a,malignant_vs_benign,TRUE,FALSE,0,0
c05b03bcef867fca1e842f5226089b2c,2,I-II,melanoma spectrum,malignant,AI Skin Scanner,a,melanoma_vs_rest,TRUE,FALSE,0,0
c05b03bcef867fca1e842f5226089b2c,2,I-II,melanoma spectrum,malignant,AI Skin Scanner,a,basal_cell_carcinoma_vs_rest,FALSE,FALSE,0,1
c05b03bcef867fca1e842f5226089b2c,2,I-II,melanoma spectrum,malignant,AI Skin Scanner,a,squamous_cell_carcinoma_vs_rest,FALSE,FALSE,0,1
62d277784521ca0bc25d6e91268b3c71,2,I-II,melanoma spectrum,malignant,AI Skin Scanner,a,malignant_vs_benign,TRUE,TRUE,0.51,1
62d277784521ca0bc25d6e91268b3c71,2,I-II,melanoma spectrum,malignant,AI Skin Scanner,a,melanoma_vs_rest,TRUE,TRUE,0.51,1
62d277784521ca0bc25d6e91268b3c71,2,I-II,melanoma spectrum,malignant,AI Skin Scanner,a,basal_cell_carcinoma_vs_rest,FALSE,FALSE,0,1
62d277784521ca0bc25d6e91268b3c71,2,I-II,melanoma spectrum,malignant,AI Skin Scanner,a,squamous_cell_carcinoma_vs_rest,FALSE,FALSE,0,1
cc2bd788c5212e2ec7e0869b9e9279e5,2,I-II,melanoma spectrum,malignant,AI Skin Scanner,a,malignant_vs_benign,TRUE,FALSE,0,0
cc2bd788c5212e2ec7e0869b9e9279e5,2,I-II,melanoma spectrum,malignant,AI Skin Scanner,a,melanoma_vs_rest,TRUE,FALSE,0,0
cc2bd788c5212e2ec7e0869b9e9279e5,2,I-II,melanoma spectrum,malignant,AI Skin Scanner,a,basal_cell_carcinoma_vs_rest,FALSE,FALSE,0,1
cc2bd788c5212e2ec7e0869b9e9279e5,2,I-II,melanoma spectrum,malignant,AI Skin Scanner,a,squamous_cell_carcinoma_vs_rest,FALSE,FALSE,0,1
c8e15692cc70579b3ca3b0cf8236ac0d,2,I-II,melanoma spectrum,malignant,AI Skin Scanner,a,malignant_vs_benign,TRUE,TRUE,0.99,1
c8e15692cc70579b3ca3b0cf8236ac0d,2,I-II,melanoma spectrum,malignant,AI Skin Scanner,a,melanoma_vs_rest,TRUE,TRUE,0.99,1
c8e15692cc70579b3ca3b0cf8236ac0d,2,I-II,melanoma spectrum,malignant,AI Skin Scanner,a,basal_cell_carcinoma_vs_rest,FALSE,FALSE,0,1
c8e15692cc70579b3ca3b0cf8236ac0d,2,I-II,melanoma spectrum,malignant,AI Skin Scanner,a,squamous_cell_carcinoma_vs_rest,FALSE,FALSE,0,1
1400a56e8de2b64427acf3ba96895ded,2,I-II,melanoma spectrum,malignant,AI Skin Scanner,a,malignant_vs_benign,TRUE,FALSE,0,0
1400a56e8de2b64427acf3ba96895ded,2,I-II,melanoma spectrum,malignant,AI Skin Scanner,a,melanoma_vs_rest,TRUE,FALSE,0,0
1400a56e8de2b64427acf3ba96895ded,2,I-II,melanoma spectrum,malignant,AI Skin Scanner,a,basal_cell_carcinoma_vs_rest,FALSE,FALSE,0,1
1400a56e8de2b64427acf3ba96895ded,2,I-II,melanoma spectrum,malignant,AI Skin Scanner,a,squamous_cell_carcinoma_vs_rest,FALSE,FALSE,0,1
85f9b49f753224a9a20c6fb66169335b,2,I-II,melanoma spectrum,malignant,AI Skin Scanner,a,malignant_vs_benign,TRUE,TRUE,0.79,1
85f9b49f753224a9a20c6fb66169335b,2,I-II,melanoma spectrum,malignant,AI Skin Scanner,a,melanoma_vs_rest,TRUE,TRUE,0.79,1
85f9b49f753224a9a20c6fb66169335b,2,I-II,melanoma spectrum,malignant,AI Skin Scanner,a,basal_cell_carcinoma_vs_rest,FALSE,FALSE,0,1
85f9b49f753224a9a20c6fb66169335b,2,I-II,melanoma spectrum,malignant,AI Skin Scanner,a,squamous_cell_carcinoma_vs_rest,FALSE,FALSE,0,1
40322591e45e91f55f0ba4daff917d1f,2,I-II,melanoma spectrum,malignant,AI Skin Scanner,a,malignant_vs_benign,TRUE,FALSE,0.2,0
40322591e45e91f55f0ba4daff917d1f,2,I-II,melanoma spectrum,malignant,AI Skin Scanner,a,melanoma_vs_rest,TRUE,FALSE,0.2,0
40322591e45e91f55f0ba4daff917d1f,2,I-II,melanoma spectrum,malignant,AI Skin Scanner,a,basal_cell_carcinoma_vs_rest,FALSE,FALSE,0,1
40322591e45e91f55f0ba4daff917d1f,2,I-II,melanoma spectrum,malignant,AI Skin Scanner,a,squamous_cell_carcinoma_vs_rest,FALSE,FALSE,0,1
098d28da6fe1db559126d701d74fc8e0,2,I-II,melanoma spectrum,malignant,AI Skin Scanner,a,malignant_vs_benign,TRUE,FALSE,0.29,0
098d28da6fe1db559126d701d74fc8e0,2,I-II,melanoma spectrum,malignant,AI Skin Scanner,a,melanoma_vs_rest,TRUE,FALSE,0.29,0
098d28da6fe1db559126d701d74fc8e0,2,I-II,melanoma spectrum,malignant,AI Skin Scanner,a,basal_cell_carcinoma_vs_rest,FALSE,FALSE,0,1
098d28da6fe1db559126d701d74fc8e0,2,I-II,melanoma spectrum,malignant,AI Skin Scanner,a,squamous_cell_carcinoma_vs_rest,FALSE,FALSE,0,1
f0758a39abe4ef22f174aa6e68689459,3,III-IV,melanoma spectrum,malignant,AI Skin Scanner,a,malignant_vs_benign,TRUE,TRUE,0.94,1
f0758a39abe4ef22f174aa6e68689459,3,III-IV,melanoma spectrum,malignant,AI Skin Scanner,a,melanoma_vs_rest,TRUE,TRUE,0.94,1
f0758a39abe4ef22f174aa6e68689459,3,III-IV,melanoma spectrum,malignant,AI Skin Scanner,a,basal_cell_carcinoma_vs_rest,FALSE,FALSE,0,1
f0758a39abe4ef22f174aa6e68689459,3,III-IV,melanoma spectrum,malignant,AI Skin Scanner,a,squamous_cell_carcinoma_vs_rest,FALSE,FALSE,0,1
6c01e05cf7c76a641b92bb4b7383d27b,3,III-IV,melanoma spectrum,malignant,AI Skin Scanner,a,malignant_vs_benign,TRUE,FALSE,0.1,0
6c01e05cf7c76a641b92bb4b7383d27b,3,III-IV,melanoma spectrum,malignant,AI Skin Scanner,a,melanoma_vs_rest,TRUE,FALSE,0.1,0
6c01e05cf7c76a641b92bb4b7383d27b,3,III-IV,melanoma spectrum,malignant,AI Skin Scanner,a,basal_cell_carcinoma_vs_rest,FALSE,FALSE,0,1
6c01e05cf7c76a641b92bb4b7383d27b,3,III-IV,melanoma spectrum,malignant,AI Skin Scanner,a,squamous_cell_carcinoma_vs_rest,FALSE,FALSE,0,1
bfb6b1bace873ed26a0f69d6bfde27ba,3,III-IV,melanoma spectrum,malignant,AI Skin Scanner,a,malignant_vs_benign,TRUE,FALSE,0,0
bfb6b1bace873ed26a0f69d6bfde27ba,3,III-IV,melanoma spectrum,malignant,AI Skin Scanner,a,melanoma_vs_rest,TRUE,FALSE,0,0
bfb6b1bace873ed26a0f69d6bfde27ba,3,III-IV,melanoma spectrum,malignant,AI Skin Scanner,a,basal_cell_carcinoma_vs_rest,FALSE,FALSE,0,1
bfb6b1bace873ed26a0f69d6bfde27ba,3,III-IV,melanoma spectrum,malignant,AI Skin Scanner,a,squamous_cell_carcinoma_vs_rest,FALSE,FALSE,0,1
16732968b8b8bf0e9dc529bb65031adf,3,III-IV,melanoma spectrum,malignant,AI Skin Scanner,a,malignant_vs_benign,TRUE,TRUE,0.46,1
16732968b8b8bf0e9dc529bb65031adf,3,III-IV,melanoma spectrum,malignant,AI Skin Scanner,a,melanoma_vs_rest,TRUE,TRUE,0.46,1
16732968b8b8bf0e9dc529bb65031adf,3,III-IV,melanoma spectrum,malignant,AI Skin Scanner,a,basal_cell_carcinoma_vs_rest,FALSE,FALSE,0.17,1
16732968b8b8bf0e9dc529bb65031adf,3,III-IV,melanoma spectrum,malignant,AI Skin Scanner,a,squamous_cell_carcinoma_vs_rest,FALSE,FALSE,0,1
38c5bd7619923f1297d3b49cebd1bd85,3,III-IV,melanoma spectrum,malignant,AI Skin Scanner,a,malignant_vs_benign,TRUE,TRUE,0.71,1
38c5bd7619923f1297d3b49cebd1bd85,3,III-IV,melanoma spectrum,malignant,AI Skin Scanner,a,melanoma_vs_rest,TRUE,TRUE,0.71,1
38c5bd7619923f1297d3b49cebd1bd85,3,III-IV,melanoma spectrum,malignant,AI Skin Scanner,a,basal_cell_carcinoma_vs_rest,FALSE,FALSE,0,1
38c5bd7619923f1297d3b49cebd1bd85,3,III-IV,melanoma spectrum,malignant,AI Skin Scanner,a,squamous_cell_carcinoma_vs_rest,FALSE,FALSE,0,1
079c3dd9e4b48d119bcdcfc024558128,3,III-IV,melanoma spectrum,malignant,AI Skin Scanner,a,malignant_vs_benign,TRUE,FALSE,0,0
079c3dd9e4b48d119bcdcfc024558128,3,III-IV,melanoma spectrum,malignant,AI Skin Scanner,a,melanoma_vs_rest,TRUE,FALSE,0,0
079c3dd9e4b48d119bcdcfc024558128,3,III-IV,melanoma spectrum,malignant,AI Skin Scanner,a,basal_cell_carcinoma_vs_rest,FALSE,FALSE,0,1
079c3dd9e4b48d119bcdcfc024558128,3,III-IV,melanoma spectrum,malignant,AI Skin Scanner,a,squamous_cell_carcinoma_vs_rest,FALSE,FALSE,0,1
2004c88f0aba56122257c4f71e67c719,3,III-IV,melanoma spectrum,malignant,AI Skin Scanner,a,malignant_vs_benign,TRUE,TRUE,0.94,1
2004c88f0aba56122257c4f71e67c719,3,III-IV,melanoma spectrum,malignant,AI Skin Scanner,a,melanoma_vs_rest,TRUE,TRUE,0.94,1
2004c88f0aba56122257c4f71e67c719,3,III-IV,melanoma spectrum,malignant,AI Skin Scanner,a,basal_cell_carcinoma_vs_rest,FALSE,FALSE,0,1
2004c88f0aba56122257c4f71e67c719,3,III-IV,melanoma spectrum,malignant,AI Skin Scanner,a,squamous_cell_carcinoma_vs_rest,FALSE,FALSE,0,1
6744db78a0f5c8b6a5ce65df24cb7473,3,III-IV,melanoma spectrum,malignant,AI Skin Scanner,a,malignant_vs_benign,TRUE,TRUE,0.99,1
6744db78a0f5c8b6a5ce65df24cb7473,3,III-IV,melanoma spectrum,malignant,AI Skin Scanner,a,melanoma_vs_rest,TRUE,TRUE,0.99,1
6744db78a0f5c8b6a5ce65df24cb7473,3,III-IV,melanoma spectrum,malignant,AI Skin Scanner,a,basal_cell_carcinoma_vs_rest,FALSE,FALSE,0.01,1
6744db78a0f5c8b6a5ce65df24cb7473,3,III-IV,melanoma spectrum,malignant,AI Skin Scanner,a,squamous_cell_carcinoma_vs_rest,FALSE,FALSE,0,1
68528c33db3fc238d183b5d2c14d6f75,3,III-IV,melanoma spectrum,malignant,AI Skin Scanner,a,malignant_vs_benign,TRUE,FALSE,0.15,0
68528c33db3fc238d183b5d2c14d6f75,3,III-IV,melanoma spectrum,malignant,AI Skin Scanner,a,melanoma_vs_rest,TRUE,FALSE,0.15,0
68528c33db3fc238d183b5d2c14d6f75,3,III-IV,melanoma spectrum,malignant,AI Skin Scanner,a,basal_cell_carcinoma_vs_rest,FALSE,FALSE,0,1
68528c33db3fc238d183b5d2c14d6f75,3,III-IV,melanoma spectrum,malignant,AI Skin Scanner,a,squamous_cell_carcinoma_vs_rest,FALSE,FALSE,0,1
80af44814ea5730ac2e9ba49971ed054,3,III-IV,melanoma spectrum,malignant,AI Skin Scanner,a,malignant_vs_benign,TRUE,TRUE,0.36,1
80af44814ea5730ac2e9ba49971ed054,3,III-IV,melanoma spectrum,malignant,AI Skin Scanner,a,melanoma_vs_rest,TRUE,TRUE,0.36,1
80af44814ea5730ac2e9ba49971ed054,3,III-IV,melanoma spectrum,malignant,AI Skin Scanner,a,basal_cell_carcinoma_vs_rest,FALSE,FALSE,0.17,1
80af44814ea5730ac2e9ba49971ed054,3,III-IV,melanoma spectrum,malignant,AI Skin Scanner,a,squamous_cell_carcinoma_vs_rest,FALSE,FALSE,0,1
031906ece1abcde6af5ef82780ea3034,4,III-IV,melanoma spectrum,malignant,AI Skin Scanner,a,malignant_vs_benign,TRUE,TRUE,0.85,1
031906ece1abcde6af5ef82780ea3034,4,III-IV,melanoma spectrum,malignant,AI Skin Scanner,a,melanoma_vs_rest,TRUE,TRUE,0.85,1
031906ece1abcde6af5ef82780ea3034,4,III-IV,melanoma spectrum,malignant,AI Skin Scanner,a,basal_cell_carcinoma_vs_rest,FALSE,FALSE,0,1
031906ece1abcde6af5ef82780ea3034,4,III-IV,melanoma spectrum,malignant,AI Skin Scanner,a,squamous_cell_carcinoma_vs_rest,FALSE,FALSE,0,1
44dd09cec3d8e1a42c64235346e4d062,4,III-IV,melanoma spectrum,malignant,AI Skin Scanner,a,malignant_vs_benign,TRUE,TRUE,0.49,1
44dd09cec3d8e1a42c64235346e4d062,4,III-IV,melanoma spectrum,malignant,AI Skin Scanner,a,melanoma_vs_rest,TRUE,TRUE,0.49,1
44dd09cec3d8e1a42c64235346e4d062,4,III-IV,melanoma spectrum,malignant,AI Skin Scanner,a,basal_cell_carcinoma_vs_rest,FALSE,FALSE,0.01,1
44dd09cec3d8e1a42c64235346e4d062,4,III-IV,melanoma spectrum,malignant,AI Skin Scanner,a,squamous_cell_carcinoma_vs_rest,FALSE,FALSE,0,1
1d78d91cb196cb45b40c615cbf7a94ff,4,III-IV,melanoma spectrum,malignant,AI Skin Scanner,a,malignant_vs_benign,TRUE,TRUE,0.36,1
1d78d91cb196cb45b40c615cbf7a94ff,4,III-IV,melanoma spectrum,malignant,AI Skin Scanner,a,melanoma_vs_rest,TRUE,TRUE,0.36,1
1d78d91cb196cb45b40c615cbf7a94ff,4,III-IV,melanoma spectrum,malignant,AI Skin Scanner,a,basal_cell_carcinoma_vs_rest,FALSE,FALSE,0.17,1
1d78d91cb196cb45b40c615cbf7a94ff,4,III-IV,melanoma spectrum,malignant,AI Skin Scanner,a,squamous_cell_carcinoma_vs_rest,FALSE,FALSE,0,1
25f0286ffedff3a8a17bcdb8f220cdaf,4,III-IV,melanoma spectrum,malignant,AI Skin Scanner,a,malignant_vs_benign,TRUE,TRUE,0.77,1
25f0286ffedff3a8a17bcdb8f220cdaf,4,III-IV,melanoma spectrum,malignant,AI Skin Scanner,a,melanoma_vs_rest,TRUE,TRUE,0.77,1
25f0286ffedff3a8a17bcdb8f220cdaf,4,III-IV,melanoma spectrum,malignant,AI Skin Scanner,a,basal_cell_carcinoma_vs_rest,FALSE,FALSE,0,1
25f0286ffedff3a8a17bcdb8f220cdaf,4,III-IV,melanoma spectrum,malignant,AI Skin Scanner,a,squamous_cell_carcinoma_vs_rest,FALSE,FALSE,0,1
30559e9ff81800fcc4e2819d89988b88,4,III-IV,melanoma spectrum,malignant,AI Skin Scanner,a,malignant_vs_benign,TRUE,TRUE,0.87,1
30559e9ff81800fcc4e2819d89988b88,4,III-IV,melanoma spectrum,malignant,AI Skin Scanner,a,melanoma_vs_rest,TRUE,TRUE,0.87,1
30559e9ff81800fcc4e2819d89988b88,4,III-IV,melanoma spectrum,malignant,AI Skin Scanner,a,basal_cell_carcinoma_vs_rest,FALSE,FALSE,0.01,1
30559e9ff81800fcc4e2819d89988b88,4,III-IV,melanoma spectrum,malignant,AI Skin Scanner,a,squamous_cell_carcinoma_vs_rest,FALSE,FALSE,0,1
3b36608c5ee59c5c9d86d64fb5309007,4,III-IV,melanoma spectrum,malignant,AI Skin Scanner,a,malignant_vs_benign,TRUE,TRUE,0.99,1
3b36608c5ee59c5c9d86d64fb5309007,4,III-IV,melanoma spectrum,malignant,AI Skin Scanner,a,melanoma_vs_rest,TRUE,TRUE,0.99,1
3b36608c5ee59c5c9d86d64fb5309007,4,III-IV,melanoma spectrum,malignant,AI Skin Scanner,a,basal_cell_carcinoma_vs_rest,FALSE,FALSE,0.01,1
3b36608c5ee59c5c9d86d64fb5309007,4,III-IV,melanoma spectrum,malignant,AI Skin Scanner,a,squamous_cell_carcinoma_vs_rest,FALSE,FALSE,0,1
3f014488acf61087ab152f8dc5fac8b3,4,III-IV,melanoma spectrum,malignant,AI Skin Scanner,a,malignant_vs_benign,TRUE,TRUE,0.95,1
3f014488acf61087ab152f8dc5fac8b3,4,III-IV,melanoma spectrum,malignant,AI Skin Scanner,a,melanoma_vs_rest,TRUE,FALSE,0,0
3f014488acf61087ab152f8dc5fac8b3,4,III-IV,melanoma spectrum,malignant,AI Skin Scanner,a,basal_cell_carcinoma_vs_rest,FALSE,TRUE,0.95,0
3f014488acf61087ab152f8dc5fac8b3,4,III-IV,melanoma spectrum,malignant,AI Skin Scanner,a,squamous_cell_carcinoma_vs_rest,FALSE,FALSE,0.03,1
e64bc4a3e3dfc2db301f0b8c64253da5,4,III-IV,melanoma spectrum,malignant,AI Skin Scanner,a,malignant_vs_benign,TRUE,TRUE,0.67,1
e64bc4a3e3dfc2db301f0b8c64253da5,4,III-IV,melanoma spectrum,malignant,AI Skin Scanner,a,melanoma_vs_rest,TRUE,TRUE,0.67,1
e64bc4a3e3dfc2db301f0b8c64253da5,4,III-IV,melanoma spectrum,malignant,AI Skin Scanner,a,basal_cell_carcinoma_vs_rest,FALSE,FALSE,0,1
e64bc4a3e3dfc2db301f0b8c64253da5,4,III-IV,melanoma spectrum,malignant,AI Skin Scanner,a,squamous_cell_carcinoma_vs_rest,FALSE,FALSE,0,1
00f1b7bb9581e91250a2bb224c3321b8,4,III-IV,melanoma spectrum,malignant,AI Skin Scanner,a,malignant_vs_benign,TRUE,TRUE,0.33,1
00f1b7bb9581e91250a2bb224c3321b8,4,III-IV,melanoma spectrum,malignant,AI Skin Scanner,a,melanoma_vs_rest,TRUE,FALSE,0,0
00f1b7bb9581e91250a2bb224c3321b8,4,III-IV,melanoma spectrum,malignant,AI Skin Scanner,a,basal_cell_carcinoma_vs_rest,FALSE,FALSE,0.23,1
00f1b7bb9581e91250a2bb224c3321b8,4,III-IV,melanoma spectrum,malignant,AI Skin Scanner,a,squamous_cell_carcinoma_vs_rest,FALSE,FALSE,0,1
be813befb6f1f53ce07c77838af159ea,4,III-IV,melanoma spectrum,malignant,AI Skin Scanner,a,malignant_vs_benign,TRUE,FALSE,0.3,0
be813befb6f1f53ce07c77838af159ea,4,III-IV,melanoma spectrum,malignant,AI Skin Scanner,a,melanoma_vs_rest,TRUE,FALSE,0.3,0
be813befb6f1f53ce07c77838af159ea,4,III-IV,melanoma spectrum,malignant,AI Skin Scanner,a,basal_cell_carcinoma_vs_rest,FALSE,FALSE,0,1
be813befb6f1f53ce07c77838af159ea,4,III-IV,melanoma spectrum,malignant,AI Skin Scanner,a,squamous_cell_carcinoma_vs_rest,FALSE,FALSE,0,1
0d8457afebb67905127da37baece43d8,5,V-VI,melanoma spectrum,malignant,AI Skin Scanner,a,malignant_vs_benign,TRUE,TRUE,0.87,1
0d8457afebb67905127da37baece43d8,5,V-VI,melanoma spectrum,malignant,AI Skin Scanner,a,melanoma_vs_rest,TRUE,TRUE,0.87,1
0d8457afebb67905127da37baece43d8,5,V-VI,melanoma spectrum,malignant,AI Skin Scanner,a,basal_cell_carcinoma_vs_rest,FALSE,FALSE,0,1
0d8457afebb67905127da37baece43d8,5,V-VI,melanoma spectrum,malignant,AI Skin Scanner,a,squamous_cell_carcinoma_vs_rest,FALSE,FALSE,0,1
1d8fcc49e4dda6868fcf76916fc14405,5,V-VI,melanoma spectrum,malignant,AI Skin Scanner,a,malignant_vs_benign,TRUE,FALSE,0,0
1d8fcc49e4dda6868fcf76916fc14405,5,V-VI,melanoma spectrum,malignant,AI Skin Scanner,a,melanoma_vs_rest,TRUE,FALSE,0,0
1d8fcc49e4dda6868fcf76916fc14405,5,V-VI,melanoma spectrum,malignant,AI Skin Scanner,a,basal_cell_carcinoma_vs_rest,FALSE,FALSE,0,1
1d8fcc49e4dda6868fcf76916fc14405,5,V-VI,melanoma spectrum,malignant,AI Skin Scanner,a,squamous_cell_carcinoma_vs_rest,FALSE,FALSE,0,1
1ef72998789229d4659d564ba15e7432,5,V-VI,melanoma spectrum,malignant,AI Skin Scanner,a,malignant_vs_benign,TRUE,FALSE,0,0
1ef72998789229d4659d564ba15e7432,5,V-VI,melanoma spectrum,malignant,AI Skin Scanner,a,melanoma_vs_rest,TRUE,FALSE,0,0
1ef72998789229d4659d564ba15e7432,5,V-VI,melanoma spectrum,malignant,AI Skin Scanner,a,basal_cell_carcinoma_vs_rest,FALSE,FALSE,0,1
1ef72998789229d4659d564ba15e7432,5,V-VI,melanoma spectrum,malignant,AI Skin Scanner,a,squamous_cell_carcinoma_vs_rest,FALSE,FALSE,0,1
37de8e0406609884c1140bf660798d40,5,V-VI,melanoma spectrum,malignant,AI Skin Scanner,a,malignant_vs_benign,TRUE,TRUE,0.84,1
37de8e0406609884c1140bf660798d40,5,V-VI,melanoma spectrum,malignant,AI Skin Scanner,a,melanoma_vs_rest,TRUE,TRUE,0.84,1
37de8e0406609884c1140bf660798d40,5,V-VI,melanoma spectrum,malignant,AI Skin Scanner,a,basal_cell_carcinoma_vs_rest,FALSE,FALSE,0.02,1
37de8e0406609884c1140bf660798d40,5,V-VI,melanoma spectrum,malignant,AI Skin Scanner,a,squamous_cell_carcinoma_vs_rest,FALSE,FALSE,0.05,1
3edf305f280a7b9753a141631b8f3ad9,5,V-VI,melanoma spectrum,malignant,AI Skin Scanner,a,malignant_vs_benign,TRUE,FALSE,0.08,0
3edf305f280a7b9753a141631b8f3ad9,5,V-VI,melanoma spectrum,malignant,AI Skin Scanner,a,melanoma_vs_rest,TRUE,FALSE,0.08,0
3edf305f280a7b9753a141631b8f3ad9,5,V-VI,melanoma spectrum,malignant,AI Skin Scanner,a,basal_cell_carcinoma_vs_rest,FALSE,FALSE,0,1
3edf305f280a7b9753a141631b8f3ad9,5,V-VI,melanoma spectrum,malignant,AI Skin Scanner,a,squamous_cell_carcinoma_vs_rest,FALSE,FALSE,0,1
7041e0d82e0d554237bd1e6dc886a81f,5,V-VI,melanoma spectrum,malignant,AI Skin Scanner,a,malignant_vs_benign,TRUE,TRUE,0.99,1
7041e0d82e0d554237bd1e6dc886a81f,5,V-VI,melanoma spectrum,malignant,AI Skin Scanner,a,melanoma_vs_rest,TRUE,FALSE,0,0
7041e0d82e0d554237bd1e6dc886a81f,5,V-VI,melanoma spectrum,malignant,AI Skin Scanner,a,basal_cell_carcinoma_vs_rest,FALSE,FALSE,0,1
7041e0d82e0d554237bd1e6dc886a81f,5,V-VI,melanoma spectrum,malignant,AI Skin Scanner,a,squamous_cell_carcinoma_vs_rest,FALSE,FALSE,0,1
7d4182584c503100338e00b7b46bcc4b,5,V-VI,melanoma spectrum,malignant,AI Skin Scanner,a,malignant_vs_benign,TRUE,TRUE,0.75,1
7d4182584c503100338e00b7b46bcc4b,5,V-VI,melanoma spectrum,malignant,AI Skin Scanner,a,melanoma_vs_rest,TRUE,TRUE,0.75,1
7d4182584c503100338e00b7b46bcc4b,5,V-VI,melanoma spectrum,malignant,AI Skin Scanner,a,basal_cell_carcinoma_vs_rest,FALSE,FALSE,0,1
7d4182584c503100338e00b7b46bcc4b,5,V-VI,melanoma spectrum,malignant,AI Skin Scanner,a,squamous_cell_carcinoma_vs_rest,FALSE,FALSE,0,1
a9f949191444e250146b49ff8c95c6ac,5,V-VI,melanoma spectrum,malignant,AI Skin Scanner,a,malignant_vs_benign,TRUE,TRUE,0.98,1
a9f949191444e250146b49ff8c95c6ac,5,V-VI,melanoma spectrum,malignant,AI Skin Scanner,a,melanoma_vs_rest,TRUE,TRUE,0.98,1
a9f949191444e250146b49ff8c95c6ac,5,V-VI,melanoma spectrum,malignant,AI Skin Scanner,a,basal_cell_carcinoma_vs_rest,FALSE,FALSE,0,1
a9f949191444e250146b49ff8c95c6ac,5,V-VI,melanoma spectrum,malignant,AI Skin Scanner,a,squamous_cell_carcinoma_vs_rest,FALSE,FALSE,0,1
ac04675f4d3943dfcfadd5284c60ef20,5,V-VI,melanoma spectrum,malignant,AI Skin Scanner,a,malignant_vs_benign,TRUE,FALSE,0.01,0
ac04675f4d3943dfcfadd5284c60ef20,5,V-VI,melanoma spectrum,malignant,AI Skin Scanner,a,melanoma_vs_rest,TRUE,FALSE,0.01,0
ac04675f4d3943dfcfadd5284c60ef20,5,V-VI,melanoma spectrum,malignant,AI Skin Scanner,a,basal_cell_carcinoma_vs_rest,FALSE,FALSE,0,1
ac04675f4d3943dfcfadd5284c60ef20,5,V-VI,melanoma spectrum,malignant,AI Skin Scanner,a,squamous_cell_carcinoma_vs_rest,FALSE,FALSE,0,1
d4862d1b866e2c536dde339f60de4f0d,5,V-VI,melanoma spectrum,malignant,AI Skin Scanner,a,malignant_vs_benign,TRUE,FALSE,0,0
d4862d1b866e2c536dde339f60de4f0d,5,V-VI,melanoma spectrum,malignant,AI Skin Scanner,a,melanoma_vs_rest,TRUE,FALSE,0,0
d4862d1b866e2c536dde339f60de4f0d,5,V-VI,melanoma spectrum,malignant,AI Skin Scanner,a,basal_cell_carcinoma_vs_rest,FALSE,FALSE,0,1
d4862d1b866e2c536dde339f60de4f0d,5,V-VI,melanoma spectrum,malignant,AI Skin Scanner,a,squamous_cell_carcinoma_vs_rest,FALSE,FALSE,0,1
eab91c11e20398a89c454717dc5eaa94,5,V-VI,melanoma spectrum,malignant,AI Skin Scanner,a,malignant_vs_benign,TRUE,TRUE,0.26,1
eab91c11e20398a89c454717dc5eaa94,5,V-VI,melanoma spectrum,malignant,AI Skin Scanner,a,melanoma_vs_rest,TRUE,TRUE,0.26,1
eab91c11e20398a89c454717dc5eaa94,5,V-VI,melanoma spectrum,malignant,AI Skin Scanner,a,basal_cell_carcinoma_vs_rest,FALSE,FALSE,0,1
eab91c11e20398a89c454717dc5eaa94,5,V-VI,melanoma spectrum,malignant,AI Skin Scanner,a,squamous_cell_carcinoma_vs_rest,FALSE,FALSE,0,1
02f11821915d67f20fb15a8e8b96c1d3,6,V-VI,melanoma spectrum,malignant,AI Skin Scanner,a,malignant_vs_benign,TRUE,FALSE,0,0
02f11821915d67f20fb15a8e8b96c1d3,6,V-VI,melanoma spectrum,malignant,AI Skin Scanner,a,melanoma_vs_rest,TRUE,FALSE,0,0
02f11821915d67f20fb15a8e8b96c1d3,6,V-VI,melanoma spectrum,malignant,AI Skin Scanner,a,basal_cell_carcinoma_vs_rest,FALSE,FALSE,0,1
02f11821915d67f20fb15a8e8b96c1d3,6,V-VI,melanoma spectrum,malignant,AI Skin Scanner,a,squamous_cell_carcinoma_vs_rest,FALSE,FALSE,0,1
3b24865e842419e4efc3fb909c633077,6,V-VI,melanoma spectrum,malignant,AI Skin Scanner,a,malignant_vs_benign,TRUE,TRUE,0.99,1
3b24865e842419e4efc3fb909c633077,6,V-VI,melanoma spectrum,malignant,AI Skin Scanner,a,melanoma_vs_rest,TRUE,TRUE,0.99,1
3b24865e842419e4efc3fb909c633077,6,V-VI,melanoma spectrum,malignant,AI Skin Scanner,a,basal_cell_carcinoma_vs_rest,FALSE,FALSE,0,1
3b24865e842419e4efc3fb909c633077,6,V-VI,melanoma spectrum,malignant,AI Skin Scanner,a,squamous_cell_carcinoma_vs_rest,FALSE,FALSE,0,1
454e68bf5705eabf0f4d28fc1dbd77be,6,V-VI,melanoma spectrum,malignant,AI Skin Scanner,a,malignant_vs_benign,TRUE,TRUE,0.99,1
454e68bf5705eabf0f4d28fc1dbd77be,6,V-VI,melanoma spectrum,malignant,AI Skin Scanner,a,melanoma_vs_rest,TRUE,TRUE,0.99,1
454e68bf5705eabf0f4d28fc1dbd77be,6,V-VI,melanoma spectrum,malignant,AI Skin Scanner,a,basal_cell_carcinoma_vs_rest,FALSE,FALSE,0,1
454e68bf5705eabf0f4d28fc1dbd77be,6,V-VI,melanoma spectrum,malignant,AI Skin Scanner,a,squamous_cell_carcinoma_vs_rest,FALSE,FALSE,0,1
4ab4fa98f5acf7ec42886917128df401,6,V-VI,melanoma spectrum,malignant,AI Skin Scanner,a,malignant_vs_benign,TRUE,FALSE,0.3,0
4ab4fa98f5acf7ec42886917128df401,6,V-VI,melanoma spectrum,malignant,AI Skin Scanner,a,melanoma_vs_rest,TRUE,FALSE,0,0
4ab4fa98f5acf7ec42886917128df401,6,V-VI,melanoma spectrum,malignant,AI Skin Scanner,a,basal_cell_carcinoma_vs_rest,FALSE,FALSE,0,1
4ab4fa98f5acf7ec42886917128df401,6,V-VI,melanoma spectrum,malignant,AI Skin Scanner,a,squamous_cell_carcinoma_vs_rest,FALSE,FALSE,0,1
4c3f795cf8eb72b946f9bd2642cf23c1,6,V-VI,melanoma spectrum,malignant,AI Skin Scanner,a,malignant_vs_benign,TRUE,TRUE,0.91,1
4c3f795cf8eb72b946f9bd2642cf23c1,6,V-VI,melanoma spectrum,malignant,AI Skin Scanner,a,melanoma_vs_rest,TRUE,TRUE,0.91,1
4c3f795cf8eb72b946f9bd2642cf23c1,6,V-VI,melanoma spectrum,malignant,AI Skin Scanner,a,basal_cell_carcinoma_vs_rest,FALSE,FALSE,0,1
4c3f795cf8eb72b946f9bd2642cf23c1,6,V-VI,melanoma spectrum,malignant,AI Skin Scanner,a,squamous_cell_carcinoma_vs_rest,FALSE,FALSE,0,1
617f9ddb778028f305520a92ac052c68,6,V-VI,melanoma spectrum,malignant,AI Skin Scanner,a,malignant_vs_benign,TRUE,TRUE,0.98,1
617f9ddb778028f305520a92ac052c68,6,V-VI,melanoma spectrum,malignant,AI Skin Scanner,a,melanoma_vs_rest,TRUE,TRUE,0.98,1
617f9ddb778028f305520a92ac052c68,6,V-VI,melanoma spectrum,malignant,AI Skin Scanner,a,basal_cell_carcinoma_vs_rest,FALSE,FALSE,0,1
617f9ddb778028f305520a92ac052c68,6,V-VI,melanoma spectrum,malignant,AI Skin Scanner,a,squamous_cell_carcinoma_vs_rest,FALSE,FALSE,0,1
a177a5fc4b0e7033c39fb4f2503279ab,6,V-VI,melanoma spectrum,malignant,AI Skin Scanner,a,malignant_vs_benign,TRUE,TRUE,0.34,1
a177a5fc4b0e7033c39fb4f2503279ab,6,V-VI,melanoma spectrum,malignant,AI Skin Scanner,a,melanoma_vs_rest,TRUE,TRUE,0.34,1
a177a5fc4b0e7033c39fb4f2503279ab,6,V-VI,melanoma spectrum,malignant,AI Skin Scanner,a,basal_cell_carcinoma_vs_rest,FALSE,FALSE,0.31,1
a177a5fc4b0e7033c39fb4f2503279ab,6,V-VI,melanoma spectrum,malignant,AI Skin Scanner,a,squamous_cell_carcinoma_vs_rest,FALSE,FALSE,0,1
b22e94f7e5cde4d33adf24245ea5faf2,6,V-VI,melanoma spectrum,malignant,AI Skin Scanner,a,malignant_vs_benign,TRUE,FALSE,0,0
b22e94f7e5cde4d33adf24245ea5faf2,6,V-VI,melanoma spectrum,malignant,AI Skin Scanner,a,melanoma_vs_rest,TRUE,FALSE,0,0
b22e94f7e5cde4d33adf24245ea5faf2,6,V-VI,melanoma spectrum,malignant,AI Skin Scanner,a,basal_cell_carcinoma_vs_rest,FALSE,FALSE,0,1
b22e94f7e5cde4d33adf24245ea5faf2,6,V-VI,melanoma spectrum,malignant,AI Skin Scanner,a,squamous_cell_carcinoma_vs_rest,FALSE,FALSE,0,1
d10722216af2bab5bfc450259169f9fe,6,V-VI,melanoma spectrum,malignant,AI Skin Scanner,a,malignant_vs_benign,TRUE,FALSE,0,0
d10722216af2bab5bfc450259169f9fe,6,V-VI,melanoma spectrum,malignant,AI Skin Scanner,a,melanoma_vs_rest,TRUE,FALSE,0,0
d10722216af2bab5bfc450259169f9fe,6,V-VI,melanoma spectrum,malignant,AI Skin Scanner,a,basal_cell_carcinoma_vs_rest,FALSE,FALSE,0,1
d10722216af2bab5bfc450259169f9fe,6,V-VI,melanoma spectrum,malignant,AI Skin Scanner,a,squamous_cell_carcinoma_vs_rest,FALSE,FALSE,0,1
04ff8956172642998a8edbcaa0960f09,1,I-II,benign nevus,benign,AI Skin Scanner,a,malignant_vs_benign,FALSE,TRUE,0.61,0
04ff8956172642998a8edbcaa0960f09,1,I-II,benign nevus,benign,AI Skin Scanner,a,melanoma_vs_rest,FALSE,TRUE,0.61,0
04ff8956172642998a8edbcaa0960f09,1,I-II,benign nevus,benign,AI Skin Scanner,a,basal_cell_carcinoma_vs_rest,FALSE,FALSE,0,1
04ff8956172642998a8edbcaa0960f09,1,I-II,benign nevus,benign,AI Skin Scanner,a,squamous_cell_carcinoma_vs_rest,FALSE,FALSE,0,1
6135408e7729eb1deb0711446ecc4883,1,I-II,benign nevus,benign,AI Skin Scanner,a,malignant_vs_benign,FALSE,FALSE,0,1
6135408e7729eb1deb0711446ecc4883,1,I-II,benign nevus,benign,AI Skin Scanner,a,melanoma_vs_rest,FALSE,FALSE,0,1
6135408e7729eb1deb0711446ecc4883,1,I-II,benign nevus,benign,AI Skin Scanner,a,basal_cell_carcinoma_vs_rest,FALSE,FALSE,0,1
6135408e7729eb1deb0711446ecc4883,1,I-II,benign nevus,benign,AI Skin Scanner,a,squamous_cell_carcinoma_vs_rest,FALSE,FALSE,0,1
67a5980c2855fb037a812e716dc911ca,1,I-II,benign nevus,benign,AI Skin Scanner,a,malignant_vs_benign,FALSE,FALSE,0,1
67a5980c2855fb037a812e716dc911ca,1,I-II,benign nevus,benign,AI Skin Scanner,a,melanoma_vs_rest,FALSE,FALSE,0,1
67a5980c2855fb037a812e716dc911ca,1,I-II,benign nevus,benign,AI Skin Scanner,a,basal_cell_carcinoma_vs_rest,FALSE,FALSE,0,1
67a5980c2855fb037a812e716dc911ca,1,I-II,benign nevus,benign,AI Skin Scanner,a,squamous_cell_carcinoma_vs_rest,FALSE,FALSE,0,1
7edd1ea64cd58993db33eb7f63c9e23b,1,I-II,benign nevus,benign,AI Skin Scanner,a,malignant_vs_benign,FALSE,FALSE,0,1
7edd1ea64cd58993db33eb7f63c9e23b,1,I-II,benign nevus,benign,AI Skin Scanner,a,melanoma_vs_rest,FALSE,FALSE,0,1
7edd1ea64cd58993db33eb7f63c9e23b,1,I-II,benign nevus,benign,AI Skin Scanner,a,basal_cell_carcinoma_vs_rest,FALSE,FALSE,0,1
7edd1ea64cd58993db33eb7f63c9e23b,1,I-II,benign nevus,benign,AI Skin Scanner,a,squamous_cell_carcinoma_vs_rest,FALSE,FALSE,0,1
8169683ac60b87ed3de3870d8a5e1c19,1,I-II,benign nevus,benign,AI Skin Scanner,a,malignant_vs_benign,FALSE,FALSE,0,1
8169683ac60b87ed3de3870d8a5e1c19,1,I-II,benign nevus,benign,AI Skin Scanner,a,melanoma_vs_rest,FALSE,FALSE,0,1
8169683ac60b87ed3de3870d8a5e1c19,1,I-II,benign nevus,benign,AI Skin Scanner,a,basal_cell_carcinoma_vs_rest,FALSE,FALSE,0,1
8169683ac60b87ed3de3870d8a5e1c19,1,I-II,benign nevus,benign,AI Skin Scanner,a,squamous_cell_carcinoma_vs_rest,FALSE,FALSE,0,1
870cc15be006f854b30fb4959bb54eae,1,I-II,benign nevus,benign,AI Skin Scanner,a,malignant_vs_benign,FALSE,FALSE,0,1
870cc15be006f854b30fb4959bb54eae,1,I-II,benign nevus,benign,AI Skin Scanner,a,melanoma_vs_rest,FALSE,FALSE,0,1
870cc15be006f854b30fb4959bb54eae,1,I-II,benign nevus,benign,AI Skin Scanner,a,basal_cell_carcinoma_vs_rest,FALSE,FALSE,0,1
870cc15be006f854b30fb4959bb54eae,1,I-II,benign nevus,benign,AI Skin Scanner,a,squamous_cell_carcinoma_vs_rest,FALSE,FALSE,0,1
886e41a00b7d754d53e7ecd9dec9058f,1,I-II,benign nevus,benign,AI Skin Scanner,a,malignant_vs_benign,FALSE,FALSE,0,1
886e41a00b7d754d53e7ecd9dec9058f,1,I-II,benign nevus,benign,AI Skin Scanner,a,melanoma_vs_rest,FALSE,FALSE,0,1
886e41a00b7d754d53e7ecd9dec9058f,1,I-II,benign nevus,benign,AI Skin Scanner,a,basal_cell_carcinoma_vs_rest,FALSE,FALSE,0,1
886e41a00b7d754d53e7ecd9dec9058f,1,I-II,benign nevus,benign,AI Skin Scanner,a,squamous_cell_carcinoma_vs_rest,FALSE,FALSE,0,1
9b80bb011a2ae3f741c6c1af12ec34e9,1,I-II,benign nevus,benign,AI Skin Scanner,a,malignant_vs_benign,FALSE,FALSE,0,1
9b80bb011a2ae3f741c6c1af12ec34e9,1,I-II,benign nevus,benign,AI Skin Scanner,a,melanoma_vs_rest,FALSE,FALSE,0,1
9b80bb011a2ae3f741c6c1af12ec34e9,1,I-II,benign nevus,benign,AI Skin Scanner,a,basal_cell_carcinoma_vs_rest,FALSE,FALSE,0,1
9b80bb011a2ae3f741c6c1af12ec34e9,1,I-II,benign nevus,benign,AI Skin Scanner,a,squamous_cell_carcinoma_vs_rest,FALSE,FALSE,0,1
b9e384f23afb5f3b9312668aebfc342f,1,I-II,benign nevus,benign,AI Skin Scanner,a,malignant_vs_benign,FALSE,FALSE,0,1
b9e384f23afb5f3b9312668aebfc342f,1,I-II,benign nevus,benign,AI Skin Scanner,a,melanoma_vs_rest,FALSE,FALSE,0,1
b9e384f23afb5f3b9312668aebfc342f,1,I-II,benign nevus,benign,AI Skin Scanner,a,basal_cell_carcinoma_vs_rest,FALSE,FALSE,0,1
b9e384f23afb5f3b9312668aebfc342f,1,I-II,benign nevus,benign,AI Skin Scanner,a,squamous_cell_carcinoma_vs_rest,FALSE,FALSE,0,1
c0a5c449ab3d9164f7558370210dadfb,1,I-II,benign nevus,benign,AI Skin Scanner,a,malignant_vs_benign,FALSE,FALSE,0,1
c0a5c449ab3d9164f7558370210dadfb,1,I-II,benign nevus,benign,AI Skin Scanner,a,melanoma_vs_rest,FALSE,FALSE,0,1
c0a5c449ab3d9164f7558370210dadfb,1,I-II,benign nevus,benign,AI Skin Scanner,a,basal_cell_carcinoma_vs_rest,FALSE,FALSE,0,1
c0a5c449ab3d9164f7558370210dadfb,1,I-II,benign nevus,benign,AI Skin Scanner,a,squamous_cell_carcinoma_vs_rest,FALSE,FALSE,0,1
d52c33f0ce4c9947fc062f4c95ab50f2,1,I-II,benign nevus,benign,AI Skin Scanner,a,malignant_vs_benign,FALSE,FALSE,0,1
d52c33f0ce4c9947fc062f4c95ab50f2,1,I-II,benign nevus,benign,AI Skin Scanner,a,melanoma_vs_rest,FALSE,FALSE,0,1
d52c33f0ce4c9947fc062f4c95ab50f2,1,I-II,benign nevus,benign,AI Skin Scanner,a,basal_cell_carcinoma_vs_rest,FALSE,FALSE,0,1
d52c33f0ce4c9947fc062f4c95ab50f2,1,I-II,benign nevus,benign,AI Skin Scanner,a,squamous_cell_carcinoma_vs_rest,FALSE,FALSE,0,1
1e8e1f523ca089efdeffd0244eec6c85,2,I-II,benign nevus,benign,AI Skin Scanner,a,malignant_vs_benign,FALSE,FALSE,0,1
1e8e1f523ca089efdeffd0244eec6c85,2,I-II,benign nevus,benign,AI Skin Scanner,a,melanoma_vs_rest,FALSE,FALSE,0,1
1e8e1f523ca089efdeffd0244eec6c85,2,I-II,benign nevus,benign,AI Skin Scanner,a,basal_cell_carcinoma_vs_rest,FALSE,FALSE,0,1
1e8e1f523ca089efdeffd0244eec6c85,2,I-II,benign nevus,benign,AI Skin Scanner,a,squamous_cell_carcinoma_vs_rest,FALSE,FALSE,0,1
49635d65d9bc4f7d605f912397ffb3ff,2,I-II,benign nevus,benign,AI Skin Scanner,a,malignant_vs_benign,FALSE,FALSE,0,1
49635d65d9bc4f7d605f912397ffb3ff,2,I-II,benign nevus,benign,AI Skin Scanner,a,melanoma_vs_rest,FALSE,FALSE,0,1
49635d65d9bc4f7d605f912397ffb3ff,2,I-II,benign nevus,benign,AI Skin Scanner,a,basal_cell_carcinoma_vs_rest,FALSE,FALSE,0,1
49635d65d9bc4f7d605f912397ffb3ff,2,I-II,benign nevus,benign,AI Skin Scanner,a,squamous_cell_carcinoma_vs_rest,FALSE,FALSE,0,1
67af6e2923e52eff436a013572b7088b,2,I-II,benign nevus,benign,AI Skin Scanner,a,malignant_vs_benign,FALSE,TRUE,0.74,0
67af6e2923e52eff436a013572b7088b,2,I-II,benign nevus,benign,AI Skin Scanner,a,melanoma_vs_rest,FALSE,FALSE,0,1
67af6e2923e52eff436a013572b7088b,2,I-II,benign nevus,benign,AI Skin Scanner,a,basal_cell_carcinoma_vs_rest,FALSE,FALSE,0,1
67af6e2923e52eff436a013572b7088b,2,I-II,benign nevus,benign,AI Skin Scanner,a,squamous_cell_carcinoma_vs_rest,FALSE,FALSE,0.16,1
7094ebc9834c1cbe6991ca9eb6f38c9a,2,I-II,benign nevus,benign,AI Skin Scanner,a,malignant_vs_benign,FALSE,FALSE,0,1
7094ebc9834c1cbe6991ca9eb6f38c9a,2,I-II,benign nevus,benign,AI Skin Scanner,a,melanoma_vs_rest,FALSE,FALSE,0,1
7094ebc9834c1cbe6991ca9eb6f38c9a,2,I-II,benign nevus,benign,AI Skin Scanner,a,basal_cell_carcinoma_vs_rest,FALSE,FALSE,0,1
7094ebc9834c1cbe6991ca9eb6f38c9a,2,I-II,benign nevus,benign,AI Skin Scanner,a,squamous_cell_carcinoma_vs_rest,FALSE,FALSE,0,1
70f0fd4d38ece05739370023a873cc10,2,I-II,benign nevus,benign,AI Skin Scanner,a,malignant_vs_benign,FALSE,FALSE,0,1
70f0fd4d38ece05739370023a873cc10,2,I-II,benign nevus,benign,AI Skin Scanner,a,melanoma_vs_rest,FALSE,FALSE,0,1
70f0fd4d38ece05739370023a873cc10,2,I-II,benign nevus,benign,AI Skin Scanner,a,basal_cell_carcinoma_vs_rest,FALSE,FALSE,0,1
70f0fd4d38ece05739370023a873cc10,2,I-II,benign nevus,benign,AI Skin Scanner,a,squamous_cell_carcinoma_vs_rest,FALSE,FALSE,0,1
731faa24d8d0b5dc3b266fdfaa0a3154,2,I-II,benign nevus,benign,AI Skin Scanner,a,malignant_vs_benign,FALSE,FALSE,0,1
731faa24d8d0b5dc3b266fdfaa0a3154,2,I-II,benign nevus,benign,AI Skin Scanner,a,melanoma_vs_rest,FALSE,FALSE,0,1
731faa24d8d0b5dc3b266fdfaa0a3154,2,I-II,benign nevus,benign,AI Skin Scanner,a,basal_cell_carcinoma_vs_rest,FALSE,FALSE,0,1
731faa24d8d0b5dc3b266fdfaa0a3154,2,I-II,benign nevus,benign,AI Skin Scanner,a,squamous_cell_carcinoma_vs_rest,FALSE,FALSE,0,1
7fcf488081345e8e4a3b2e3636900f70,2,I-II,benign nevus,benign,AI Skin Scanner,a,malignant_vs_benign,FALSE,FALSE,0,1
7fcf488081345e8e4a3b2e3636900f70,2,I-II,benign nevus,benign,AI Skin Scanner,a,melanoma_vs_rest,FALSE,FALSE,0,1
7fcf488081345e8e4a3b2e3636900f70,2,I-II,benign nevus,benign,AI Skin Scanner,a,basal_cell_carcinoma_vs_rest,FALSE,FALSE,0,1
7fcf488081345e8e4a3b2e3636900f70,2,I-II,benign nevus,benign,AI Skin Scanner,a,squamous_cell_carcinoma_vs_rest,FALSE,FALSE,0,1
d0bfab00dfa3c2c832ddf9e95ad23075,2,I-II,benign nevus,benign,AI Skin Scanner,a,malignant_vs_benign,FALSE,FALSE,0,1
d0bfab00dfa3c2c832ddf9e95ad23075,2,I-II,benign nevus,benign,AI Skin Scanner,a,melanoma_vs_rest,FALSE,FALSE,0,1
d0bfab00dfa3c2c832ddf9e95ad23075,2,I-II,benign nevus,benign,AI Skin Scanner,a,basal_cell_carcinoma_vs_rest,FALSE,FALSE,0,1
d0bfab00dfa3c2c832ddf9e95ad23075,2,I-II,benign nevus,benign,AI Skin Scanner,a,squamous_cell_carcinoma_vs_rest,FALSE,FALSE,0,1
e4e454f19f97b4438229aa58ead1d365,2,I-II,benign nevus,benign,AI Skin Scanner,a,malignant_vs_benign,FALSE,FALSE,0,1
e4e454f19f97b4438229aa58ead1d365,2,I-II,benign nevus,benign,AI Skin Scanner,a,melanoma_vs_rest,FALSE,FALSE,0,1
e4e454f19f97b4438229aa58ead1d365,2,I-II,benign nevus,benign,AI Skin Scanner,a,basal_cell_carcinoma_vs_rest,FALSE,FALSE,0,1
e4e454f19f97b4438229aa58ead1d365,2,I-II,benign nevus,benign,AI Skin Scanner,a,squamous_cell_carcinoma_vs_rest,FALSE,FALSE,0,1
f2a275f5f8fe396644e1601abfe356f9,2,I-II,benign nevus,benign,AI Skin Scanner,a,malignant_vs_benign,FALSE,FALSE,0,1
f2a275f5f8fe396644e1601abfe356f9,2,I-II,benign nevus,benign,AI Skin Scanner,a,melanoma_vs_rest,FALSE,FALSE,0,1
f2a275f5f8fe396644e1601abfe356f9,2,I-II,benign nevus,benign,AI Skin Scanner,a,basal_cell_carcinoma_vs_rest,FALSE,FALSE,0,1
f2a275f5f8fe396644e1601abfe356f9,2,I-II,benign nevus,benign,AI Skin Scanner,a,squamous_cell_carcinoma_vs_rest,FALSE,FALSE,0,1
50e884335df0cc38774797b1e3da724c,3,III-IV,benign nevus,benign,AI Skin Scanner,a,malignant_vs_benign,FALSE,FALSE,0,1
50e884335df0cc38774797b1e3da724c,3,III-IV,benign nevus,benign,AI Skin Scanner,a,melanoma_vs_rest,FALSE,FALSE,0,1
50e884335df0cc38774797b1e3da724c,3,III-IV,benign nevus,benign,AI Skin Scanner,a,basal_cell_carcinoma_vs_rest,FALSE,FALSE,0,1
50e884335df0cc38774797b1e3da724c,3,III-IV,benign nevus,benign,AI Skin Scanner,a,squamous_cell_carcinoma_vs_rest,FALSE,FALSE,0,1
7414a1d3b0319e921a73b2dbf874b7c9,3,III-IV,benign nevus,benign,AI Skin Scanner,a,malignant_vs_benign,FALSE,FALSE,0,1
7414a1d3b0319e921a73b2dbf874b7c9,3,III-IV,benign nevus,benign,AI Skin Scanner,a,melanoma_vs_rest,FALSE,FALSE,0,1
7414a1d3b0319e921a73b2dbf874b7c9,3,III-IV,benign nevus,benign,AI Skin Scanner,a,basal_cell_carcinoma_vs_rest,FALSE,FALSE,0,1
7414a1d3b0319e921a73b2dbf874b7c9,3,III-IV,benign nevus,benign,AI Skin Scanner,a,squamous_cell_carcinoma_vs_rest,FALSE,FALSE,0,1
773ad86674166846f5568c000bc394a1,3,III-IV,benign nevus,benign,AI Skin Scanner,a,malignant_vs_benign,FALSE,FALSE,0.04,1
773ad86674166846f5568c000bc394a1,3,III-IV,benign nevus,benign,AI Skin Scanner,a,melanoma_vs_rest,FALSE,FALSE,0,1
773ad86674166846f5568c000bc394a1,3,III-IV,benign nevus,benign,AI Skin Scanner,a,basal_cell_carcinoma_vs_rest,FALSE,FALSE,0.04,1
773ad86674166846f5568c000bc394a1,3,III-IV,benign nevus,benign,AI Skin Scanner,a,squamous_cell_carcinoma_vs_rest,FALSE,FALSE,0,1
8a3f07df6cf5f88cf06a9a2b0aa35422,3,III-IV,benign nevus,benign,AI Skin Scanner,a,malignant_vs_benign,FALSE,FALSE,0,1
8a3f07df6cf5f88cf06a9a2b0aa35422,3,III-IV,benign nevus,benign,AI Skin Scanner,a,melanoma_vs_rest,FALSE,FALSE,0,1
8a3f07df6cf5f88cf06a9a2b0aa35422,3,III-IV,benign nevus,benign,AI Skin Scanner,a,basal_cell_carcinoma_vs_rest,FALSE,FALSE,0,1
8a3f07df6cf5f88cf06a9a2b0aa35422,3,III-IV,benign nevus,benign,AI Skin Scanner,a,squamous_cell_carcinoma_vs_rest,FALSE,FALSE,0,1
bf099025b4eb00a75d473a3b366952f5,3,III-IV,benign nevus,benign,AI Skin Scanner,a,malignant_vs_benign,FALSE,FALSE,0,1
bf099025b4eb00a75d473a3b366952f5,3,III-IV,benign nevus,benign,AI Skin Scanner,a,melanoma_vs_rest,FALSE,FALSE,0,1
bf099025b4eb00a75d473a3b366952f5,3,III-IV,benign nevus,benign,AI Skin Scanner,a,basal_cell_carcinoma_vs_rest,FALSE,FALSE,0,1
bf099025b4eb00a75d473a3b366952f5,3,III-IV,benign nevus,benign,AI Skin Scanner,a,squamous_cell_carcinoma_vs_rest,FALSE,FALSE,0,1
c8c63f5f347e408981de99a00cbd255d,3,III-IV,benign nevus,benign,AI Skin Scanner,a,malignant_vs_benign,FALSE,FALSE,0,1
c8c63f5f347e408981de99a00cbd255d,3,III-IV,benign nevus,benign,AI Skin Scanner,a,melanoma_vs_rest,FALSE,FALSE,0,1
c8c63f5f347e408981de99a00cbd255d,3,III-IV,benign nevus,benign,AI Skin Scanner,a,basal_cell_carcinoma_vs_rest,FALSE,FALSE,0,1
c8c63f5f347e408981de99a00cbd255d,3,III-IV,benign nevus,benign,AI Skin Scanner,a,squamous_cell_carcinoma_vs_rest,FALSE,FALSE,0,1
d1603db4f4b5efc013984ee9bcaa6b06,3,III-IV,benign nevus,benign,AI Skin Scanner,a,malignant_vs_benign,FALSE,FALSE,0,1
d1603db4f4b5efc013984ee9bcaa6b06,3,III-IV,benign nevus,benign,AI Skin Scanner,a,melanoma_vs_rest,FALSE,FALSE,0,1
d1603db4f4b5efc013984ee9bcaa6b06,3,III-IV,benign nevus,benign,AI Skin Scanner,a,basal_cell_carcinoma_vs_rest,FALSE,FALSE,0,1
d1603db4f4b5efc013984ee9bcaa6b06,3,III-IV,benign nevus,benign,AI Skin Scanner,a,squamous_cell_carcinoma_vs_rest,FALSE,FALSE,0,1
d91f1961238599efad26aa8142fb196d,3,III-IV,benign nevus,benign,AI Skin Scanner,a,malignant_vs_benign,FALSE,FALSE,0,1
d91f1961238599efad26aa8142fb196d,3,III-IV,benign nevus,benign,AI Skin Scanner,a,melanoma_vs_rest,FALSE,FALSE,0,1
d91f1961238599efad26aa8142fb196d,3,III-IV,benign nevus,benign,AI Skin Scanner,a,basal_cell_carcinoma_vs_rest,FALSE,FALSE,0,1
d91f1961238599efad26aa8142fb196d,3,III-IV,benign nevus,benign,AI Skin Scanner,a,squamous_cell_carcinoma_vs_rest,FALSE,FALSE,0,1
e4ba0957015d8478e9a1974968a34b31,3,III-IV,benign nevus,benign,AI Skin Scanner,a,malignant_vs_benign,FALSE,FALSE,0,1
e4ba0957015d8478e9a1974968a34b31,3,III-IV,benign nevus,benign,AI Skin Scanner,a,melanoma_vs_rest,FALSE,FALSE,0,1
e4ba0957015d8478e9a1974968a34b31,3,III-IV,benign nevus,benign,AI Skin Scanner,a,basal_cell_carcinoma_vs_rest,FALSE,FALSE,0,1
e4ba0957015d8478e9a1974968a34b31,3,III-IV,benign nevus,benign,AI Skin Scanner,a,squamous_cell_carcinoma_vs_rest,FALSE,FALSE,0,1
feabe7afd5bf64029cde195e8edad3a5,3,III-IV,benign nevus,benign,AI Skin Scanner,a,malignant_vs_benign,FALSE,FALSE,0,1
feabe7afd5bf64029cde195e8edad3a5,3,III-IV,benign nevus,benign,AI Skin Scanner,a,melanoma_vs_rest,FALSE,FALSE,0,1
feabe7afd5bf64029cde195e8edad3a5,3,III-IV,benign nevus,benign,AI Skin Scanner,a,basal_cell_carcinoma_vs_rest,FALSE,FALSE,0,1
feabe7afd5bf64029cde195e8edad3a5,3,III-IV,benign nevus,benign,AI Skin Scanner,a,squamous_cell_carcinoma_vs_rest,FALSE,FALSE,0,1
55b0a18bf7d66e453577477afad86967,4,III-IV,benign nevus,benign,AI Skin Scanner,a,malignant_vs_benign,FALSE,FALSE,0,1
55b0a18bf7d66e453577477afad86967,4,III-IV,benign nevus,benign,AI Skin Scanner,a,melanoma_vs_rest,FALSE,FALSE,0,1
55b0a18bf7d66e453577477afad86967,4,III-IV,benign nevus,benign,AI Skin Scanner,a,basal_cell_carcinoma_vs_rest,FALSE,FALSE,0,1
55b0a18bf7d66e453577477afad86967,4,III-IV,benign nevus,benign,AI Skin Scanner,a,squamous_cell_carcinoma_vs_rest,FALSE,FALSE,0,1
6a0264fec349d4487c83a53bc8d5d690,4,III-IV,benign nevus,benign,AI Skin Scanner,a,malignant_vs_benign,FALSE,FALSE,0,1
6a0264fec349d4487c83a53bc8d5d690,4,III-IV,benign nevus,benign,AI Skin Scanner,a,melanoma_vs_rest,FALSE,FALSE,0,1
6a0264fec349d4487c83a53bc8d5d690,4,III-IV,benign nevus,benign,AI Skin Scanner,a,basal_cell_carcinoma_vs_rest,FALSE,FALSE,0,1
6a0264fec349d4487c83a53bc8d5d690,4,III-IV,benign nevus,benign,AI Skin Scanner,a,squamous_cell_carcinoma_vs_rest,FALSE,FALSE,0,1
6a4b03f7cf0e7b6fcc018ea929e4acd5,4,III-IV,benign nevus,benign,AI Skin Scanner,a,malignant_vs_benign,FALSE,FALSE,0,1
6a4b03f7cf0e7b6fcc018ea929e4acd5,4,III-IV,benign nevus,benign,AI Skin Scanner,a,melanoma_vs_rest,FALSE,FALSE,0,1
6a4b03f7cf0e7b6fcc018ea929e4acd5,4,III-IV,benign nevus,benign,AI Skin Scanner,a,basal_cell_carcinoma_vs_rest,FALSE,FALSE,0,1
6a4b03f7cf0e7b6fcc018ea929e4acd5,4,III-IV,benign nevus,benign,AI Skin Scanner,a,squamous_cell_carcinoma_vs_rest,FALSE,FALSE,0,1
931d34dec55210d6241da6b512f0110e,4,III-IV,benign nevus,benign,AI Skin Scanner,a,malignant_vs_benign,FALSE,FALSE,0,1
931d34dec55210d6241da6b512f0110e,4,III-IV,benign nevus,benign,AI Skin Scanner,a,melanoma_vs_rest,FALSE,FALSE,0,1
931d34dec55210d6241da6b512f0110e,4,III-IV,benign nevus,benign,AI Skin Scanner,a,basal_cell_carcinoma_vs_rest,FALSE,FALSE,0,1
931d34dec55210d6241da6b512f0110e,4,III-IV,benign nevus,benign,AI Skin Scanner,a,squamous_cell_carcinoma_vs_rest,FALSE,FALSE,0,1
968e1a5756f64d872387e90182a2babf,4,III-IV,benign nevus,benign,AI Skin Scanner,a,malignant_vs_benign,FALSE,FALSE,0,1
968e1a5756f64d872387e90182a2babf,4,III-IV,benign nevus,benign,AI Skin Scanner,a,melanoma_vs_rest,FALSE,FALSE,0,1
968e1a5756f64d872387e90182a2babf,4,III-IV,benign nevus,benign,AI Skin Scanner,a,basal_cell_carcinoma_vs_rest,FALSE,FALSE,0,1
968e1a5756f64d872387e90182a2babf,4,III-IV,benign nevus,benign,AI Skin Scanner,a,squamous_cell_carcinoma_vs_rest,FALSE,FALSE,0,1
afb1549a32af6db1a892ba9c8f162efb,4,III-IV,benign nevus,benign,AI Skin Scanner,a,malignant_vs_benign,FALSE,FALSE,0,1
afb1549a32af6db1a892ba9c8f162efb,4,III-IV,benign nevus,benign,AI Skin Scanner,a,melanoma_vs_rest,FALSE,FALSE,0,1
afb1549a32af6db1a892ba9c8f162efb,4,III-IV,benign nevus,benign,AI Skin Scanner,a,basal_cell_carcinoma_vs_rest,FALSE,FALSE,0,1
afb1549a32af6db1a892ba9c8f162efb,4,III-IV,benign nevus,benign,AI Skin Scanner,a,squamous_cell_carcinoma_vs_rest,FALSE,FALSE,0,1
b1098b20b934997bfc37b366c6bbbf72,4,III-IV,benign nevus,benign,AI Skin Scanner,a,malignant_vs_benign,FALSE,FALSE,0,1
b1098b20b934997bfc37b366c6bbbf72,4,III-IV,benign nevus,benign,AI Skin Scanner,a,melanoma_vs_rest,FALSE,FALSE,0,1
b1098b20b934997bfc37b366c6bbbf72,4,III-IV,benign nevus,benign,AI Skin Scanner,a,basal_cell_carcinoma_vs_rest,FALSE,FALSE,0,1
b1098b20b934997bfc37b366c6bbbf72,4,III-IV,benign nevus,benign,AI Skin Scanner,a,squamous_cell_carcinoma_vs_rest,FALSE,FALSE,0,1
dea8f4fc4ec290d3bc9b5b0977bdf880,4,III-IV,benign nevus,benign,AI Skin Scanner,a,malignant_vs_benign,FALSE,FALSE,0,1
dea8f4fc4ec290d3bc9b5b0977bdf880,4,III-IV,benign nevus,benign,AI Skin Scanner,a,melanoma_vs_rest,FALSE,FALSE,0,1
dea8f4fc4ec290d3bc9b5b0977bdf880,4,III-IV,benign nevus,benign,AI Skin Scanner,a,basal_cell_carcinoma_vs_rest,FALSE,FALSE,0,1
dea8f4fc4ec290d3bc9b5b0977bdf880,4,III-IV,benign nevus,benign,AI Skin Scanner,a,squamous_cell_carcinoma_vs_rest,FALSE,FALSE,0,1
f27cd92ce48e3148f78e5a46c11a460a,4,III-IV,benign nevus,benign,AI Skin Scanner,a,malignant_vs_benign,FALSE,FALSE,0,1
f27cd92ce48e3148f78e5a46c11a460a,4,III-IV,benign nevus,benign,AI Skin Scanner,a,melanoma_vs_rest,FALSE,FALSE,0,1
f27cd92ce48e3148f78e5a46c11a460a,4,III-IV,benign nevus,benign,AI Skin Scanner,a,basal_cell_carcinoma_vs_rest,FALSE,FALSE,0,1
f27cd92ce48e3148f78e5a46c11a460a,4,III-IV,benign nevus,benign,AI Skin Scanner,a,squamous_cell_carcinoma_vs_rest,FALSE,FALSE,0,1
f5289a44be7bbf579e192c12774390c2,4,III-IV,benign nevus,benign,AI Skin Scanner,a,malignant_vs_benign,FALSE,FALSE,0,1
f5289a44be7bbf579e192c12774390c2,4,III-IV,benign nevus,benign,AI Skin Scanner,a,melanoma_vs_rest,FALSE,FALSE,0,1
f5289a44be7bbf579e192c12774390c2,4,III-IV,benign nevus,benign,AI Skin Scanner,a,basal_cell_carcinoma_vs_rest,FALSE,FALSE,0,1
f5289a44be7bbf579e192c12774390c2,4,III-IV,benign nevus,benign,AI Skin Scanner,a,squamous_cell_carcinoma_vs_rest,FALSE,FALSE,0,1
26b46628697510ce0ede5851006d5c34,5,V-VI,benign nevus,benign,AI Skin Scanner,a,malignant_vs_benign,FALSE,FALSE,0,1
26b46628697510ce0ede5851006d5c34,5,V-VI,benign nevus,benign,AI Skin Scanner,a,melanoma_vs_rest,FALSE,FALSE,0,1
26b46628697510ce0ede5851006d5c34,5,V-VI,benign nevus,benign,AI Skin Scanner,a,basal_cell_carcinoma_vs_rest,FALSE,FALSE,0,1
26b46628697510ce0ede5851006d5c34,5,V-VI,benign nevus,benign,AI Skin Scanner,a,squamous_cell_carcinoma_vs_rest,FALSE,FALSE,0,1
2d47534396dae6130583dfb65c30fe61,5,V-VI,benign nevus,benign,AI Skin Scanner,a,malignant_vs_benign,FALSE,FALSE,0,1
2d47534396dae6130583dfb65c30fe61,5,V-VI,benign nevus,benign,AI Skin Scanner,a,melanoma_vs_rest,FALSE,FALSE,0,1
2d47534396dae6130583dfb65c30fe61,5,V-VI,benign nevus,benign,AI Skin Scanner,a,basal_cell_carcinoma_vs_rest,FALSE,FALSE,0,1
2d47534396dae6130583dfb65c30fe61,5,V-VI,benign nevus,benign,AI Skin Scanner,a,squamous_cell_carcinoma_vs_rest,FALSE,FALSE,0,1
535e72695bd844f8ef74d4aab4299f33,5,V-VI,benign nevus,benign,AI Skin Scanner,a,malignant_vs_benign,FALSE,FALSE,0,1
535e72695bd844f8ef74d4aab4299f33,5,V-VI,benign nevus,benign,AI Skin Scanner,a,melanoma_vs_rest,FALSE,FALSE,0,1
535e72695bd844f8ef74d4aab4299f33,5,V-VI,benign nevus,benign,AI Skin Scanner,a,basal_cell_carcinoma_vs_rest,FALSE,FALSE,0,1
535e72695bd844f8ef74d4aab4299f33,5,V-VI,benign nevus,benign,AI Skin Scanner,a,squamous_cell_carcinoma_vs_rest,FALSE,FALSE,0,1
91a12888aa3eb6ac9011939352a9c6e2,5,V-VI,benign nevus,benign,AI Skin Scanner,a,malignant_vs_benign,FALSE,FALSE,0,1
91a12888aa3eb6ac9011939352a9c6e2,5,V-VI,benign nevus,benign,AI Skin Scanner,a,melanoma_vs_rest,FALSE,FALSE,0,1
91a12888aa3eb6ac9011939352a9c6e2,5,V-VI,benign nevus,benign,AI Skin Scanner,a,basal_cell_carcinoma_vs_rest,FALSE,FALSE,0,1
91a12888aa3eb6ac9011939352a9c6e2,5,V-VI,benign nevus,benign,AI Skin Scanner,a,squamous_cell_carcinoma_vs_rest,FALSE,FALSE,0,1
9a049a3ca3f96ae3356d30d1486f7bef,5,V-VI,benign nevus,benign,AI Skin Scanner,a,malignant_vs_benign,FALSE,FALSE,0,1
9a049a3ca3f96ae3356d30d1486f7bef,5,V-VI,benign nevus,benign,AI Skin Scanner,a,melanoma_vs_rest,FALSE,FALSE,0,1
9a049a3ca3f96ae3356d30d1486f7bef,5,V-VI,benign nevus,benign,AI Skin Scanner,a,basal_cell_carcinoma_vs_rest,FALSE,FALSE,0,1
9a049a3ca3f96ae3356d30d1486f7bef,5,V-VI,benign nevus,benign,AI Skin Scanner,a,squamous_cell_carcinoma_vs_rest,FALSE,FALSE,0,1
a11c754f8e19c7a770d73878f86766b8,5,V-VI,benign nevus,benign,AI Skin Scanner,a,malignant_vs_benign,FALSE,FALSE,0,1
a11c754f8e19c7a770d73878f86766b8,5,V-VI,benign nevus,benign,AI Skin Scanner,a,melanoma_vs_rest,FALSE,FALSE,0,1
a11c754f8e19c7a770d73878f86766b8,5,V-VI,benign nevus,benign,AI Skin Scanner,a,basal_cell_carcinoma_vs_rest,FALSE,FALSE,0,1
a11c754f8e19c7a770d73878f86766b8,5,V-VI,benign nevus,benign,AI Skin Scanner,a,squamous_cell_carcinoma_vs_rest,FALSE,FALSE,0,1
cd1723ac116758cb87a16e7a1a30f270,5,V-VI,benign nevus,benign,AI Skin Scanner,a,malignant_vs_benign,FALSE,FALSE,0,1
cd1723ac116758cb87a16e7a1a30f270,5,V-VI,benign nevus,benign,AI Skin Scanner,a,melanoma_vs_rest,FALSE,FALSE,0,1
cd1723ac116758cb87a16e7a1a30f270,5,V-VI,benign nevus,benign,AI Skin Scanner,a,basal_cell_carcinoma_vs_rest,FALSE,FALSE,0,1
cd1723ac116758cb87a16e7a1a30f270,5,V-VI,benign nevus,benign,AI Skin Scanner,a,squamous_cell_carcinoma_vs_rest,FALSE,FALSE,0,1
d4e6307697e22eed8376fb2e2c54ab1f,5,V-VI,benign nevus,benign,AI Skin Scanner,a,malignant_vs_benign,FALSE,TRUE,0.58,0
d4e6307697e22eed8376fb2e2c54ab1f,5,V-VI,benign nevus,benign,AI Skin Scanner,a,melanoma_vs_rest,FALSE,TRUE,0.58,0
d4e6307697e22eed8376fb2e2c54ab1f,5,V-VI,benign nevus,benign,AI Skin Scanner,a,basal_cell_carcinoma_vs_rest,FALSE,FALSE,0,1
d4e6307697e22eed8376fb2e2c54ab1f,5,V-VI,benign nevus,benign,AI Skin Scanner,a,squamous_cell_carcinoma_vs_rest,FALSE,FALSE,0,1
f2eda43c2fa0e4d269fe8cc4baf1e7d6,5,V-VI,benign nevus,benign,AI Skin Scanner,a,malignant_vs_benign,FALSE,FALSE,0,1
f2eda43c2fa0e4d269fe8cc4baf1e7d6,5,V-VI,benign nevus,benign,AI Skin Scanner,a,melanoma_vs_rest,FALSE,FALSE,0,1
f2eda43c2fa0e4d269fe8cc4baf1e7d6,5,V-VI,benign nevus,benign,AI Skin Scanner,a,basal_cell_carcinoma_vs_rest,FALSE,FALSE,0,1
f2eda43c2fa0e4d269fe8cc4baf1e7d6,5,V-VI,benign nevus,benign,AI Skin Scanner,a,squamous_cell_carcinoma_vs_rest,FALSE,FALSE,0,1
f6fe73e66c6d27e33da417c8bc431847,5,V-VI,benign nevus,benign,AI Skin Scanner,a,malignant_vs_benign,FALSE,FALSE,0,1
f6fe73e66c6d27e33da417c8bc431847,5,V-VI,benign nevus,benign,AI Skin Scanner,a,melanoma_vs_rest,FALSE,FALSE,0,1
f6fe73e66c6d27e33da417c8bc431847,5,V-VI,benign nevus,benign,AI Skin Scanner,a,basal_cell_carcinoma_vs_rest,FALSE,FALSE,0,1
f6fe73e66c6d27e33da417c8bc431847,5,V-VI,benign nevus,benign,AI Skin Scanner,a,squamous_cell_carcinoma_vs_rest,FALSE,FALSE,0,1
94238b7bc1fa76e2fb7825d28a755453,6,V-VI,benign nevus,benign,AI Skin Scanner,a,malignant_vs_benign,FALSE,FALSE,0.12,1
94238b7bc1fa76e2fb7825d28a755453,6,V-VI,benign nevus,benign,AI Skin Scanner,a,melanoma_vs_rest,FALSE,FALSE,0,1
94238b7bc1fa76e2fb7825d28a755453,6,V-VI,benign nevus,benign,AI Skin Scanner,a,basal_cell_carcinoma_vs_rest,FALSE,FALSE,0.12,1
94238b7bc1fa76e2fb7825d28a755453,6,V-VI,benign nevus,benign,AI Skin Scanner,a,squamous_cell_carcinoma_vs_rest,FALSE,FALSE,0,1
23298fb4037f3307f5a65b9e65d201a5,6,V-VI,benign nevus,benign,AI Skin Scanner,a,malignant_vs_benign,FALSE,FALSE,0,1
23298fb4037f3307f5a65b9e65d201a5,6,V-VI,benign nevus,benign,AI Skin Scanner,a,melanoma_vs_rest,FALSE,FALSE,0,1
23298fb4037f3307f5a65b9e65d201a5,6,V-VI,benign nevus,benign,AI Skin Scanner,a,basal_cell_carcinoma_vs_rest,FALSE,FALSE,0,1
23298fb4037f3307f5a65b9e65d201a5,6,V-VI,benign nevus,benign,AI Skin Scanner,a,squamous_cell_carcinoma_vs_rest,FALSE,FALSE,0,1
fc00af3afd475aa7679fe83be88b4b8e,1,I-II,squamous cell carcinoma,malignant,Model Dermatol,m,malignant_vs_benign,TRUE,TRUE,1,1
fc00af3afd475aa7679fe83be88b4b8e,1,I-II,squamous cell carcinoma,malignant,Model Dermatol,m,melanoma_vs_rest,FALSE,TRUE,0.98,0
fc00af3afd475aa7679fe83be88b4b8e,1,I-II,squamous cell carcinoma,malignant,Model Dermatol,m,basal_cell_carcinoma_vs_rest,FALSE,TRUE,0.98,0
fc00af3afd475aa7679fe83be88b4b8e,1,I-II,squamous cell carcinoma,malignant,Model Dermatol,m,squamous_cell_carcinoma_vs_rest,TRUE,TRUE,0.98,1
c0d87b8dc5b8419b85c8fa07517007fd,1,I-II,squamous cell carcinoma,malignant,Model Dermatol,m,malignant_vs_benign,TRUE,TRUE,0.87,1
c0d87b8dc5b8419b85c8fa07517007fd,1,I-II,squamous cell carcinoma,malignant,Model Dermatol,m,melanoma_vs_rest,FALSE,TRUE,0.71,0
c0d87b8dc5b8419b85c8fa07517007fd,1,I-II,squamous cell carcinoma,malignant,Model Dermatol,m,basal_cell_carcinoma_vs_rest,FALSE,TRUE,0.71,0
c0d87b8dc5b8419b85c8fa07517007fd,1,I-II,squamous cell carcinoma,malignant,Model Dermatol,m,squamous_cell_carcinoma_vs_rest,TRUE,TRUE,0.87,1
57b5a38f58b25a43d4997a599154baf9,1,I-II,squamous cell carcinoma,malignant,Model Dermatol,m,malignant_vs_benign,TRUE,TRUE,0.62,1
57b5a38f58b25a43d4997a599154baf9,1,I-II,squamous cell carcinoma,malignant,Model Dermatol,m,melanoma_vs_rest,FALSE,TRUE,0.58,0
57b5a38f58b25a43d4997a599154baf9,1,I-II,squamous cell carcinoma,malignant,Model Dermatol,m,basal_cell_carcinoma_vs_rest,FALSE,TRUE,0.58,0
57b5a38f58b25a43d4997a599154baf9,1,I-II,squamous cell carcinoma,malignant,Model Dermatol,m,squamous_cell_carcinoma_vs_rest,TRUE,TRUE,0.58,1
a49abcfad0d9a5270d1c9488a6fc466f,1,I-II,squamous cell carcinoma,malignant,Model Dermatol,m,malignant_vs_benign,TRUE,FALSE,0,0
a49abcfad0d9a5270d1c9488a6fc466f,1,I-II,squamous cell carcinoma,malignant,Model Dermatol,m,melanoma_vs_rest,FALSE,FALSE,0,1
a49abcfad0d9a5270d1c9488a6fc466f,1,I-II,squamous cell carcinoma,malignant,Model Dermatol,m,basal_cell_carcinoma_vs_rest,FALSE,FALSE,0,1
a49abcfad0d9a5270d1c9488a6fc466f,1,I-II,squamous cell carcinoma,malignant,Model Dermatol,m,squamous_cell_carcinoma_vs_rest,TRUE,FALSE,0,0
50c5fdef946e0cd8ef022a82c6167381,1,I-II,squamous cell carcinoma,malignant,Model Dermatol,m,malignant_vs_benign,TRUE,FALSE,0.23,0
50c5fdef946e0cd8ef022a82c6167381,1,I-II,squamous cell carcinoma,malignant,Model Dermatol,m,melanoma_vs_rest,FALSE,FALSE,0,1
50c5fdef946e0cd8ef022a82c6167381,1,I-II,squamous cell carcinoma,malignant,Model Dermatol,m,basal_cell_carcinoma_vs_rest,FALSE,FALSE,0,1
50c5fdef946e0cd8ef022a82c6167381,1,I-II,squamous cell carcinoma,malignant,Model Dermatol,m,squamous_cell_carcinoma_vs_rest,TRUE,FALSE,0.23,0
fce617ed190a7d97bfad65ebb6e767d7,1,I-II,squamous cell carcinoma,malignant,Model Dermatol,m,malignant_vs_benign,TRUE,TRUE,0.9,1
fce617ed190a7d97bfad65ebb6e767d7,1,I-II,squamous cell carcinoma,malignant,Model Dermatol,m,melanoma_vs_rest,FALSE,TRUE,0.71,0
fce617ed190a7d97bfad65ebb6e767d7,1,I-II,squamous cell carcinoma,malignant,Model Dermatol,m,basal_cell_carcinoma_vs_rest,FALSE,TRUE,0.9,0
fce617ed190a7d97bfad65ebb6e767d7,1,I-II,squamous cell carcinoma,malignant,Model Dermatol,m,squamous_cell_carcinoma_vs_rest,TRUE,TRUE,0.71,1
547fd367c30b04f56988da2c5aab46f4,1,I-II,squamous cell carcinoma,malignant,Model Dermatol,m,malignant_vs_benign,TRUE,FALSE,0,0
547fd367c30b04f56988da2c5aab46f4,1,I-II,squamous cell carcinoma,malignant,Model Dermatol,m,melanoma_vs_rest,FALSE,FALSE,0,1
547fd367c30b04f56988da2c5aab46f4,1,I-II,squamous cell carcinoma,malignant,Model Dermatol,m,basal_cell_carcinoma_vs_rest,FALSE,FALSE,0,1
547fd367c30b04f56988da2c5aab46f4,1,I-II,squamous cell carcinoma,malignant,Model Dermatol,m,squamous_cell_carcinoma_vs_rest,TRUE,FALSE,0,0
66f46297056511b1057d5c31ad7acd23,1,I-II,squamous cell carcinoma,malignant,Model Dermatol,m,malignant_vs_benign,TRUE,FALSE,0,0
66f46297056511b1057d5c31ad7acd23,1,I-II,squamous cell carcinoma,malignant,Model Dermatol,m,melanoma_vs_rest,FALSE,FALSE,0,1
66f46297056511b1057d5c31ad7acd23,1,I-II,squamous cell carcinoma,malignant,Model Dermatol,m,basal_cell_carcinoma_vs_rest,FALSE,FALSE,0,1
66f46297056511b1057d5c31ad7acd23,1,I-II,squamous cell carcinoma,malignant,Model Dermatol,m,squamous_cell_carcinoma_vs_rest,TRUE,FALSE,0,0
2222992c3bb757f63b0f36674ea0e5f2,1,I-II,squamous cell carcinoma,malignant,Model Dermatol,m,malignant_vs_benign,TRUE,TRUE,0.56,1
2222992c3bb757f63b0f36674ea0e5f2,1,I-II,squamous cell carcinoma,malignant,Model Dermatol,m,melanoma_vs_rest,FALSE,TRUE,0.46,0
2222992c3bb757f63b0f36674ea0e5f2,1,I-II,squamous cell carcinoma,malignant,Model Dermatol,m,basal_cell_carcinoma_vs_rest,FALSE,TRUE,0.56,0
2222992c3bb757f63b0f36674ea0e5f2,1,I-II,squamous cell carcinoma,malignant,Model Dermatol,m,squamous_cell_carcinoma_vs_rest,TRUE,TRUE,0.46,1
a3a0ffe406386ff29eb7a6cebc3c4985,1,I-II,squamous cell carcinoma,malignant,Model Dermatol,m,malignant_vs_benign,TRUE,TRUE,0.97,1
a3a0ffe406386ff29eb7a6cebc3c4985,1,I-II,squamous cell carcinoma,malignant,Model Dermatol,m,melanoma_vs_rest,FALSE,TRUE,0.95,0
a3a0ffe406386ff29eb7a6cebc3c4985,1,I-II,squamous cell carcinoma,malignant,Model Dermatol,m,basal_cell_carcinoma_vs_rest,FALSE,TRUE,0.95,0
a3a0ffe406386ff29eb7a6cebc3c4985,1,I-II,squamous cell carcinoma,malignant,Model Dermatol,m,squamous_cell_carcinoma_vs_rest,TRUE,TRUE,0.95,1
9a2685b99d2db77c7297891d1c5b2dae,2,I-II,squamous cell carcinoma,malignant,Model Dermatol,m,malignant_vs_benign,TRUE,TRUE,0.78,1
9a2685b99d2db77c7297891d1c5b2dae,2,I-II,squamous cell carcinoma,malignant,Model Dermatol,m,melanoma_vs_rest,FALSE,TRUE,0.74,0
9a2685b99d2db77c7297891d1c5b2dae,2,I-II,squamous cell carcinoma,malignant,Model Dermatol,m,basal_cell_carcinoma_vs_rest,FALSE,TRUE,0.74,0
9a2685b99d2db77c7297891d1c5b2dae,2,I-II,squamous cell carcinoma,malignant,Model Dermatol,m,squamous_cell_carcinoma_vs_rest,TRUE,TRUE,0.74,1
4ff4109275ef98c7cd754dee47249adc,2,I-II,squamous cell carcinoma,malignant,Model Dermatol,m,malignant_vs_benign,TRUE,TRUE,0.38,1
4ff4109275ef98c7cd754dee47249adc,2,I-II,squamous cell carcinoma,malignant,Model Dermatol,m,melanoma_vs_rest,FALSE,TRUE,0.31,0
4ff4109275ef98c7cd754dee47249adc,2,I-II,squamous cell carcinoma,malignant,Model Dermatol,m,basal_cell_carcinoma_vs_rest,FALSE,TRUE,0.38,0
4ff4109275ef98c7cd754dee47249adc,2,I-II,squamous cell carcinoma,malignant,Model Dermatol,m,squamous_cell_carcinoma_vs_rest,TRUE,TRUE,0.31,1
38d20f98356a171a3c206985213c366b,2,I-II,squamous cell carcinoma,malignant,Model Dermatol,m,malignant_vs_benign,TRUE,TRUE,0.41,1
38d20f98356a171a3c206985213c366b,2,I-II,squamous cell carcinoma,malignant,Model Dermatol,m,melanoma_vs_rest,FALSE,TRUE,0.41,0
38d20f98356a171a3c206985213c366b,2,I-II,squamous cell carcinoma,malignant,Model Dermatol,m,basal_cell_carcinoma_vs_rest,FALSE,TRUE,0.41,0
38d20f98356a171a3c206985213c366b,2,I-II,squamous cell carcinoma,malignant,Model Dermatol,m,squamous_cell_carcinoma_vs_rest,TRUE,TRUE,0.41,1
7075c2cde6d86aa53d709a2ead26b93f,2,I-II,squamous cell carcinoma,malignant,Model Dermatol,m,malignant_vs_benign,TRUE,FALSE,0,0
7075c2cde6d86aa53d709a2ead26b93f,2,I-II,squamous cell carcinoma,malignant,Model Dermatol,m,melanoma_vs_rest,FALSE,FALSE,0,1
7075c2cde6d86aa53d709a2ead26b93f,2,I-II,squamous cell carcinoma,malignant,Model Dermatol,m,basal_cell_carcinoma_vs_rest,FALSE,FALSE,0,1
7075c2cde6d86aa53d709a2ead26b93f,2,I-II,squamous cell carcinoma,malignant,Model Dermatol,m,squamous_cell_carcinoma_vs_rest,TRUE,FALSE,0,0
48cec03c27c9107baa6cea045851ec23,2,I-II,squamous cell carcinoma,malignant,Model Dermatol,m,malignant_vs_benign,TRUE,TRUE,0.57,1
48cec03c27c9107baa6cea045851ec23,2,I-II,squamous cell carcinoma,malignant,Model Dermatol,m,melanoma_vs_rest,FALSE,TRUE,0.57,0
48cec03c27c9107baa6cea045851ec23,2,I-II,squamous cell carcinoma,malignant,Model Dermatol,m,basal_cell_carcinoma_vs_rest,FALSE,TRUE,0.57,0
48cec03c27c9107baa6cea045851ec23,2,I-II,squamous cell carcinoma,malignant,Model Dermatol,m,squamous_cell_carcinoma_vs_rest,TRUE,TRUE,0.57,1
6f6f8c6bb2e0d48e9c6b4d4345ab56b7,2,I-II,squamous cell carcinoma,malignant,Model Dermatol,m,malignant_vs_benign,TRUE,TRUE,0.59,1
6f6f8c6bb2e0d48e9c6b4d4345ab56b7,2,I-II,squamous cell carcinoma,malignant,Model Dermatol,m,melanoma_vs_rest,FALSE,TRUE,0.59,0
6f6f8c6bb2e0d48e9c6b4d4345ab56b7,2,I-II,squamous cell carcinoma,malignant,Model Dermatol,m,basal_cell_carcinoma_vs_rest,FALSE,TRUE,0.59,0
6f6f8c6bb2e0d48e9c6b4d4345ab56b7,2,I-II,squamous cell carcinoma,malignant,Model Dermatol,m,squamous_cell_carcinoma_vs_rest,TRUE,TRUE,0.59,1
9ec57ddbac15eba36a635c7c7eb7b4c0,2,I-II,squamous cell carcinoma,malignant,Model Dermatol,m,malignant_vs_benign,TRUE,FALSE,0,0
9ec57ddbac15eba36a635c7c7eb7b4c0,2,I-II,squamous cell carcinoma,malignant,Model Dermatol,m,melanoma_vs_rest,FALSE,FALSE,0,1
9ec57ddbac15eba36a635c7c7eb7b4c0,2,I-II,squamous cell carcinoma,malignant,Model Dermatol,m,basal_cell_carcinoma_vs_rest,FALSE,FALSE,0,1
9ec57ddbac15eba36a635c7c7eb7b4c0,2,I-II,squamous cell carcinoma,malignant,Model Dermatol,m,squamous_cell_carcinoma_vs_rest,TRUE,FALSE,0,0
f909638c31e8f182ddf042a2573a96b2,2,I-II,squamous cell carcinoma,malignant,Model Dermatol,m,malignant_vs_benign,TRUE,TRUE,0.72,1
f909638c31e8f182ddf042a2573a96b2,2,I-II,squamous cell carcinoma,malignant,Model Dermatol,m,melanoma_vs_rest,FALSE,TRUE,0.68,0
f909638c31e8f182ddf042a2573a96b2,2,I-II,squamous cell carcinoma,malignant,Model Dermatol,m,basal_cell_carcinoma_vs_rest,FALSE,TRUE,0.68,0
f909638c31e8f182ddf042a2573a96b2,2,I-II,squamous cell carcinoma,malignant,Model Dermatol,m,squamous_cell_carcinoma_vs_rest,TRUE,TRUE,0.72,1
2b1d6c4f83524d2e9a0047053986b6a3,2,I-II,squamous cell carcinoma,malignant,Model Dermatol,m,malignant_vs_benign,TRUE,TRUE,0.76,1
2b1d6c4f83524d2e9a0047053986b6a3,2,I-II,squamous cell carcinoma,malignant,Model Dermatol,m,melanoma_vs_rest,FALSE,TRUE,0.67,0
2b1d6c4f83524d2e9a0047053986b6a3,2,I-II,squamous cell carcinoma,malignant,Model Dermatol,m,basal_cell_carcinoma_vs_rest,FALSE,TRUE,0.67,0
2b1d6c4f83524d2e9a0047053986b6a3,2,I-II,squamous cell carcinoma,malignant,Model Dermatol,m,squamous_cell_carcinoma_vs_rest,TRUE,TRUE,0.76,1
d48ef382ac315465ba4322ca3b660c8f,2,I-II,squamous cell carcinoma,malignant,Model Dermatol,m,malignant_vs_benign,TRUE,TRUE,0.97,1
d48ef382ac315465ba4322ca3b660c8f,2,I-II,squamous cell carcinoma,malignant,Model Dermatol,m,melanoma_vs_rest,FALSE,TRUE,0.86,0
d48ef382ac315465ba4322ca3b660c8f,2,I-II,squamous cell carcinoma,malignant,Model Dermatol,m,basal_cell_carcinoma_vs_rest,FALSE,TRUE,0.86,0
d48ef382ac315465ba4322ca3b660c8f,2,I-II,squamous cell carcinoma,malignant,Model Dermatol,m,squamous_cell_carcinoma_vs_rest,TRUE,TRUE,0.86,1
07360bff59d68a64fe7e279625a4bbd4,3,III-IV,squamous cell carcinoma,malignant,Model Dermatol,m,malignant_vs_benign,TRUE,FALSE,0,0
07360bff59d68a64fe7e279625a4bbd4,3,III-IV,squamous cell carcinoma,malignant,Model Dermatol,m,melanoma_vs_rest,FALSE,FALSE,0,1
07360bff59d68a64fe7e279625a4bbd4,3,III-IV,squamous cell carcinoma,malignant,Model Dermatol,m,basal_cell_carcinoma_vs_rest,FALSE,FALSE,0,1
07360bff59d68a64fe7e279625a4bbd4,3,III-IV,squamous cell carcinoma,malignant,Model Dermatol,m,squamous_cell_carcinoma_vs_rest,TRUE,FALSE,0,0
bc578ce738482dd8f76af0c5ef32bca6,3,III-IV,squamous cell carcinoma,malignant,Model Dermatol,m,malignant_vs_benign,TRUE,TRUE,0.75,1
bc578ce738482dd8f76af0c5ef32bca6,3,III-IV,squamous cell carcinoma,malignant,Model Dermatol,m,melanoma_vs_rest,FALSE,TRUE,0.75,0
bc578ce738482dd8f76af0c5ef32bca6,3,III-IV,squamous cell carcinoma,malignant,Model Dermatol,m,basal_cell_carcinoma_vs_rest,FALSE,TRUE,0.75,0
bc578ce738482dd8f76af0c5ef32bca6,3,III-IV,squamous cell carcinoma,malignant,Model Dermatol,m,squamous_cell_carcinoma_vs_rest,TRUE,TRUE,0.75,1
15e4e61777fdee377d7a930c224939d0,3,III-IV,squamous cell carcinoma,malignant,Model Dermatol,m,malignant_vs_benign,TRUE,FALSE,0,0
15e4e61777fdee377d7a930c224939d0,3,III-IV,squamous cell carcinoma,malignant,Model Dermatol,m,melanoma_vs_rest,FALSE,FALSE,0,1
15e4e61777fdee377d7a930c224939d0,3,III-IV,squamous cell carcinoma,malignant,Model Dermatol,m,basal_cell_carcinoma_vs_rest,FALSE,FALSE,0,1
15e4e61777fdee377d7a930c224939d0,3,III-IV,squamous cell carcinoma,malignant,Model Dermatol,m,squamous_cell_carcinoma_vs_rest,TRUE,FALSE,0,0
82f57c180f4a89b2fcce489bf47a2074,3,III-IV,squamous cell carcinoma,malignant,Model Dermatol,m,malignant_vs_benign,TRUE,TRUE,0.77,1
82f57c180f4a89b2fcce489bf47a2074,3,III-IV,squamous cell carcinoma,malignant,Model Dermatol,m,melanoma_vs_rest,FALSE,TRUE,0.77,0
82f57c180f4a89b2fcce489bf47a2074,3,III-IV,squamous cell carcinoma,malignant,Model Dermatol,m,basal_cell_carcinoma_vs_rest,FALSE,TRUE,0.77,0
82f57c180f4a89b2fcce489bf47a2074,3,III-IV,squamous cell carcinoma,malignant,Model Dermatol,m,squamous_cell_carcinoma_vs_rest,TRUE,TRUE,0.77,1
0b035e5709e08c96e471bf050c805697,3,III-IV,squamous cell carcinoma,malignant,Model Dermatol,m,malignant_vs_benign,TRUE,FALSE,0,0
0b035e5709e08c96e471bf050c805697,3,III-IV,squamous cell carcinoma,malignant,Model Dermatol,m,melanoma_vs_rest,FALSE,FALSE,0,1
0b035e5709e08c96e471bf050c805697,3,III-IV,squamous cell carcinoma,malignant,Model Dermatol,m,basal_cell_carcinoma_vs_rest,FALSE,FALSE,0,1
0b035e5709e08c96e471bf050c805697,3,III-IV,squamous cell carcinoma,malignant,Model Dermatol,m,squamous_cell_carcinoma_vs_rest,TRUE,FALSE,0,0
2cd9e868bed17ffb8c6b118d91c441c7,3,III-IV,squamous cell carcinoma,malignant,Model Dermatol,m,malignant_vs_benign,TRUE,TRUE,0.66,1
2cd9e868bed17ffb8c6b118d91c441c7,3,III-IV,squamous cell carcinoma,malignant,Model Dermatol,m,melanoma_vs_rest,FALSE,TRUE,0.6,0
2cd9e868bed17ffb8c6b118d91c441c7,3,III-IV,squamous cell carcinoma,malignant,Model Dermatol,m,basal_cell_carcinoma_vs_rest,FALSE,TRUE,0.6,0
2cd9e868bed17ffb8c6b118d91c441c7,3,III-IV,squamous cell carcinoma,malignant,Model Dermatol,m,squamous_cell_carcinoma_vs_rest,TRUE,TRUE,0.6,1
d0b0400c882ead562db99693b7548504,3,III-IV,squamous cell carcinoma,malignant,Model Dermatol,m,malignant_vs_benign,TRUE,TRUE,1,1
d0b0400c882ead562db99693b7548504,3,III-IV,squamous cell carcinoma,malignant,Model Dermatol,m,melanoma_vs_rest,FALSE,TRUE,0.96,0
d0b0400c882ead562db99693b7548504,3,III-IV,squamous cell carcinoma,malignant,Model Dermatol,m,basal_cell_carcinoma_vs_rest,FALSE,TRUE,0.96,0
d0b0400c882ead562db99693b7548504,3,III-IV,squamous cell carcinoma,malignant,Model Dermatol,m,squamous_cell_carcinoma_vs_rest,TRUE,TRUE,0.96,1
567224dca06e7f3fa5ec45ee4745a4e1,3,III-IV,squamous cell carcinoma,malignant,Model Dermatol,m,malignant_vs_benign,TRUE,TRUE,0.84,1
567224dca06e7f3fa5ec45ee4745a4e1,3,III-IV,squamous cell carcinoma,malignant,Model Dermatol,m,melanoma_vs_rest,FALSE,TRUE,0.84,0
567224dca06e7f3fa5ec45ee4745a4e1,3,III-IV,squamous cell carcinoma,malignant,Model Dermatol,m,basal_cell_carcinoma_vs_rest,FALSE,TRUE,0.84,0
567224dca06e7f3fa5ec45ee4745a4e1,3,III-IV,squamous cell carcinoma,malignant,Model Dermatol,m,squamous_cell_carcinoma_vs_rest,TRUE,TRUE,0.84,1
528442cac3214e5f4785f78b1fcad0cc,3,III-IV,squamous cell carcinoma,malignant,Model Dermatol,m,malignant_vs_benign,TRUE,TRUE,1,1
528442cac3214e5f4785f78b1fcad0cc,3,III-IV,squamous cell carcinoma,malignant,Model Dermatol,m,melanoma_vs_rest,FALSE,TRUE,0.93,0
528442cac3214e5f4785f78b1fcad0cc,3,III-IV,squamous cell carcinoma,malignant,Model Dermatol,m,basal_cell_carcinoma_vs_rest,FALSE,TRUE,0.93,0
528442cac3214e5f4785f78b1fcad0cc,3,III-IV,squamous cell carcinoma,malignant,Model Dermatol,m,squamous_cell_carcinoma_vs_rest,TRUE,TRUE,0.93,1
7ae07553e54194d86ee8dac84e470ff8,3,III-IV,squamous cell carcinoma,malignant,Model Dermatol,m,malignant_vs_benign,TRUE,FALSE,0.08,0
7ae07553e54194d86ee8dac84e470ff8,3,III-IV,squamous cell carcinoma,malignant,Model Dermatol,m,melanoma_vs_rest,FALSE,FALSE,0,1
7ae07553e54194d86ee8dac84e470ff8,3,III-IV,squamous cell carcinoma,malignant,Model Dermatol,m,basal_cell_carcinoma_vs_rest,FALSE,FALSE,0,1
7ae07553e54194d86ee8dac84e470ff8,3,III-IV,squamous cell carcinoma,malignant,Model Dermatol,m,squamous_cell_carcinoma_vs_rest,TRUE,FALSE,0,0
69568fbb5f210c22cc07d54a578dfffe,4,III-IV,squamous cell carcinoma,malignant,Model Dermatol,m,malignant_vs_benign,TRUE,FALSE,0,0
69568fbb5f210c22cc07d54a578dfffe,4,III-IV,squamous cell carcinoma,malignant,Model Dermatol,m,melanoma_vs_rest,FALSE,FALSE,0,1
69568fbb5f210c22cc07d54a578dfffe,4,III-IV,squamous cell carcinoma,malignant,Model Dermatol,m,basal_cell_carcinoma_vs_rest,FALSE,FALSE,0,1
69568fbb5f210c22cc07d54a578dfffe,4,III-IV,squamous cell carcinoma,malignant,Model Dermatol,m,squamous_cell_carcinoma_vs_rest,TRUE,FALSE,0,0
45b54dadb3dfc9b5f0daaf9359fcbc43,4,III-IV,squamous cell carcinoma,malignant,Model Dermatol,m,malignant_vs_benign,TRUE,TRUE,0.36,1
45b54dadb3dfc9b5f0daaf9359fcbc43,4,III-IV,squamous cell carcinoma,malignant,Model Dermatol,m,melanoma_vs_rest,FALSE,TRUE,0.36,0
45b54dadb3dfc9b5f0daaf9359fcbc43,4,III-IV,squamous cell carcinoma,malignant,Model Dermatol,m,basal_cell_carcinoma_vs_rest,FALSE,TRUE,0.36,0
45b54dadb3dfc9b5f0daaf9359fcbc43,4,III-IV,squamous cell carcinoma,malignant,Model Dermatol,m,squamous_cell_carcinoma_vs_rest,TRUE,TRUE,0.36,1
9de1afbb265ce50b1d0829f54fe4b668,4,III-IV,squamous cell carcinoma,malignant,Model Dermatol,m,malignant_vs_benign,TRUE,TRUE,0.77,1
9de1afbb265ce50b1d0829f54fe4b668,4,III-IV,squamous cell carcinoma,malignant,Model Dermatol,m,melanoma_vs_rest,FALSE,TRUE,0.66,0
9de1afbb265ce50b1d0829f54fe4b668,4,III-IV,squamous cell carcinoma,malignant,Model Dermatol,m,basal_cell_carcinoma_vs_rest,FALSE,TRUE,0.66,0
9de1afbb265ce50b1d0829f54fe4b668,4,III-IV,squamous cell carcinoma,malignant,Model Dermatol,m,squamous_cell_carcinoma_vs_rest,TRUE,TRUE,0.66,1
4e90f3cc9051c8bcc7ee07f25e169134,4,III-IV,squamous cell carcinoma,malignant,Model Dermatol,m,malignant_vs_benign,TRUE,TRUE,0.99,1
4e90f3cc9051c8bcc7ee07f25e169134,4,III-IV,squamous cell carcinoma,malignant,Model Dermatol,m,melanoma_vs_rest,FALSE,TRUE,0.95,0
4e90f3cc9051c8bcc7ee07f25e169134,4,III-IV,squamous cell carcinoma,malignant,Model Dermatol,m,basal_cell_carcinoma_vs_rest,FALSE,TRUE,0.95,0
4e90f3cc9051c8bcc7ee07f25e169134,4,III-IV,squamous cell carcinoma,malignant,Model Dermatol,m,squamous_cell_carcinoma_vs_rest,TRUE,TRUE,0.95,1
ba50c75cb5701c4f29b7f662510fca0a,4,III-IV,squamous cell carcinoma,malignant,Model Dermatol,m,malignant_vs_benign,TRUE,FALSE,0,0
ba50c75cb5701c4f29b7f662510fca0a,4,III-IV,squamous cell carcinoma,malignant,Model Dermatol,m,melanoma_vs_rest,FALSE,FALSE,0,1
ba50c75cb5701c4f29b7f662510fca0a,4,III-IV,squamous cell carcinoma,malignant,Model Dermatol,m,basal_cell_carcinoma_vs_rest,FALSE,FALSE,0,1
ba50c75cb5701c4f29b7f662510fca0a,4,III-IV,squamous cell carcinoma,malignant,Model Dermatol,m,squamous_cell_carcinoma_vs_rest,TRUE,FALSE,0,0
b689987ba3fa37e45f8c62f349f992a9,4,III-IV,squamous cell carcinoma,malignant,Model Dermatol,m,malignant_vs_benign,TRUE,FALSE,0.09,0
b689987ba3fa37e45f8c62f349f992a9,4,III-IV,squamous cell carcinoma,malignant,Model Dermatol,m,melanoma_vs_rest,FALSE,FALSE,0,1
b689987ba3fa37e45f8c62f349f992a9,4,III-IV,squamous cell carcinoma,malignant,Model Dermatol,m,basal_cell_carcinoma_vs_rest,FALSE,FALSE,0,1
b689987ba3fa37e45f8c62f349f992a9,4,III-IV,squamous cell carcinoma,malignant,Model Dermatol,m,squamous_cell_carcinoma_vs_rest,TRUE,FALSE,0.09,0
f3f6c3ad40a1f6fcc3aba0d74a3de8c3,4,III-IV,squamous cell carcinoma,malignant,Model Dermatol,m,malignant_vs_benign,TRUE,TRUE,0.99,1
f3f6c3ad40a1f6fcc3aba0d74a3de8c3,4,III-IV,squamous cell carcinoma,malignant,Model Dermatol,m,melanoma_vs_rest,FALSE,TRUE,0.97,0
f3f6c3ad40a1f6fcc3aba0d74a3de8c3,4,III-IV,squamous cell carcinoma,malignant,Model Dermatol,m,basal_cell_carcinoma_vs_rest,FALSE,TRUE,0.97,0
f3f6c3ad40a1f6fcc3aba0d74a3de8c3,4,III-IV,squamous cell carcinoma,malignant,Model Dermatol,m,squamous_cell_carcinoma_vs_rest,TRUE,TRUE,0.97,1
fcc9ed3892215e076e9dc5b7a8bf81e7,4,III-IV,squamous cell carcinoma,malignant,Model Dermatol,m,malignant_vs_benign,TRUE,FALSE,0,0
fcc9ed3892215e076e9dc5b7a8bf81e7,4,III-IV,squamous cell carcinoma,malignant,Model Dermatol,m,melanoma_vs_rest,FALSE,FALSE,0,1
fcc9ed3892215e076e9dc5b7a8bf81e7,4,III-IV,squamous cell carcinoma,malignant,Model Dermatol,m,basal_cell_carcinoma_vs_rest,FALSE,FALSE,0,1
fcc9ed3892215e076e9dc5b7a8bf81e7,4,III-IV,squamous cell carcinoma,malignant,Model Dermatol,m,squamous_cell_carcinoma_vs_rest,TRUE,FALSE,0,0
73ac23918c9537a8c792938b64f779e0,4,III-IV,squamous cell carcinoma,malignant,Model Dermatol,m,malignant_vs_benign,TRUE,FALSE,0,0
73ac23918c9537a8c792938b64f779e0,4,III-IV,squamous cell carcinoma,malignant,Model Dermatol,m,melanoma_vs_rest,FALSE,FALSE,0,1
73ac23918c9537a8c792938b64f779e0,4,III-IV,squamous cell carcinoma,malignant,Model Dermatol,m,basal_cell_carcinoma_vs_rest,FALSE,FALSE,0,1
73ac23918c9537a8c792938b64f779e0,4,III-IV,squamous cell carcinoma,malignant,Model Dermatol,m,squamous_cell_carcinoma_vs_rest,TRUE,FALSE,0,0
4bd61d9c3ec99cdea6d24b0915e2cd12,4,III-IV,squamous cell carcinoma,malignant,Model Dermatol,m,malignant_vs_benign,TRUE,FALSE,0,0
4bd61d9c3ec99cdea6d24b0915e2cd12,4,III-IV,squamous cell carcinoma,malignant,Model Dermatol,m,melanoma_vs_rest,FALSE,FALSE,0,1
4bd61d9c3ec99cdea6d24b0915e2cd12,4,III-IV,squamous cell carcinoma,malignant,Model Dermatol,m,basal_cell_carcinoma_vs_rest,FALSE,FALSE,0,1
4bd61d9c3ec99cdea6d24b0915e2cd12,4,III-IV,squamous cell carcinoma,malignant,Model Dermatol,m,squamous_cell_carcinoma_vs_rest,TRUE,FALSE,0,0
5de18144953b0dcf774605ae4a9c65c3,5,V-VI,squamous cell carcinoma,malignant,Model Dermatol,m,malignant_vs_benign,TRUE,FALSE,0.24,0
5de18144953b0dcf774605ae4a9c65c3,5,V-VI,squamous cell carcinoma,malignant,Model Dermatol,m,melanoma_vs_rest,FALSE,FALSE,0,1
5de18144953b0dcf774605ae4a9c65c3,5,V-VI,squamous cell carcinoma,malignant,Model Dermatol,m,basal_cell_carcinoma_vs_rest,FALSE,FALSE,0,1
5de18144953b0dcf774605ae4a9c65c3,5,V-VI,squamous cell carcinoma,malignant,Model Dermatol,m,squamous_cell_carcinoma_vs_rest,TRUE,FALSE,0,0
5064dcda8586eb8f2548b1bfce9de3c2,5,V-VI,squamous cell carcinoma,malignant,Model Dermatol,m,malignant_vs_benign,TRUE,FALSE,0,0
5064dcda8586eb8f2548b1bfce9de3c2,5,V-VI,squamous cell carcinoma,malignant,Model Dermatol,m,melanoma_vs_rest,FALSE,FALSE,0,1
5064dcda8586eb8f2548b1bfce9de3c2,5,V-VI,squamous cell carcinoma,malignant,Model Dermatol,m,basal_cell_carcinoma_vs_rest,FALSE,FALSE,0,1
5064dcda8586eb8f2548b1bfce9de3c2,5,V-VI,squamous cell carcinoma,malignant,Model Dermatol,m,squamous_cell_carcinoma_vs_rest,TRUE,FALSE,0,0
e36a4c4eec75df99bd208175e4279e50,5,V-VI,squamous cell carcinoma,malignant,Model Dermatol,m,malignant_vs_benign,TRUE,TRUE,0.92,1
e36a4c4eec75df99bd208175e4279e50,5,V-VI,squamous cell carcinoma,malignant,Model Dermatol,m,melanoma_vs_rest,FALSE,TRUE,0.75,0
e36a4c4eec75df99bd208175e4279e50,5,V-VI,squamous cell carcinoma,malignant,Model Dermatol,m,basal_cell_carcinoma_vs_rest,FALSE,TRUE,0.75,0
e36a4c4eec75df99bd208175e4279e50,5,V-VI,squamous cell carcinoma,malignant,Model Dermatol,m,squamous_cell_carcinoma_vs_rest,TRUE,TRUE,0.92,1
24c7a58c0e60303086d0f5f89b121ae4,5,V-VI,squamous cell carcinoma,malignant,Model Dermatol,m,malignant_vs_benign,TRUE,TRUE,0.92,1
24c7a58c0e60303086d0f5f89b121ae4,5,V-VI,squamous cell carcinoma,malignant,Model Dermatol,m,melanoma_vs_rest,FALSE,TRUE,0.76,0
24c7a58c0e60303086d0f5f89b121ae4,5,V-VI,squamous cell carcinoma,malignant,Model Dermatol,m,basal_cell_carcinoma_vs_rest,FALSE,TRUE,0.76,0
24c7a58c0e60303086d0f5f89b121ae4,5,V-VI,squamous cell carcinoma,malignant,Model Dermatol,m,squamous_cell_carcinoma_vs_rest,TRUE,TRUE,0.76,1
1f2489a044a3e3de6bb33af5359e267b,5,V-VI,squamous cell carcinoma,malignant,Model Dermatol,m,malignant_vs_benign,TRUE,FALSE,0.06,0
1f2489a044a3e3de6bb33af5359e267b,5,V-VI,squamous cell carcinoma,malignant,Model Dermatol,m,melanoma_vs_rest,FALSE,FALSE,0,1
1f2489a044a3e3de6bb33af5359e267b,5,V-VI,squamous cell carcinoma,malignant,Model Dermatol,m,basal_cell_carcinoma_vs_rest,FALSE,FALSE,0,1
1f2489a044a3e3de6bb33af5359e267b,5,V-VI,squamous cell carcinoma,malignant,Model Dermatol,m,squamous_cell_carcinoma_vs_rest,TRUE,FALSE,0,0
257b98dac6241fa7fc474d3ccd0cc23e,5,V-VI,squamous cell carcinoma,malignant,Model Dermatol,m,malignant_vs_benign,TRUE,TRUE,0.86,1
257b98dac6241fa7fc474d3ccd0cc23e,5,V-VI,squamous cell carcinoma,malignant,Model Dermatol,m,melanoma_vs_rest,FALSE,TRUE,0.79,0
257b98dac6241fa7fc474d3ccd0cc23e,5,V-VI,squamous cell carcinoma,malignant,Model Dermatol,m,basal_cell_carcinoma_vs_rest,FALSE,TRUE,0.79,0
257b98dac6241fa7fc474d3ccd0cc23e,5,V-VI,squamous cell carcinoma,malignant,Model Dermatol,m,squamous_cell_carcinoma_vs_rest,TRUE,TRUE,0.79,1
70b283d0053a683abc14e4cf4ce83ac5,5,V-VI,squamous cell carcinoma,malignant,Model Dermatol,m,malignant_vs_benign,TRUE,TRUE,0.4,1
70b283d0053a683abc14e4cf4ce83ac5,5,V-VI,squamous cell carcinoma,malignant,Model Dermatol,m,melanoma_vs_rest,FALSE,TRUE,0.38,0
70b283d0053a683abc14e4cf4ce83ac5,5,V-VI,squamous cell carcinoma,malignant,Model Dermatol,m,basal_cell_carcinoma_vs_rest,FALSE,TRUE,0.38,0
70b283d0053a683abc14e4cf4ce83ac5,5,V-VI,squamous cell carcinoma,malignant,Model Dermatol,m,squamous_cell_carcinoma_vs_rest,TRUE,TRUE,0.38,1
4978a6b94f69b38e5a0fe45857242f45,5,V-VI,squamous cell carcinoma,malignant,Model Dermatol,m,malignant_vs_benign,TRUE,FALSE,0,0
4978a6b94f69b38e5a0fe45857242f45,5,V-VI,squamous cell carcinoma,malignant,Model Dermatol,m,melanoma_vs_rest,FALSE,FALSE,0,1
4978a6b94f69b38e5a0fe45857242f45,5,V-VI,squamous cell carcinoma,malignant,Model Dermatol,m,basal_cell_carcinoma_vs_rest,FALSE,FALSE,0,1
4978a6b94f69b38e5a0fe45857242f45,5,V-VI,squamous cell carcinoma,malignant,Model Dermatol,m,squamous_cell_carcinoma_vs_rest,TRUE,FALSE,0,0
a8d1b8f97efb9cebccd244b212d77f28,5,V-VI,squamous cell carcinoma,malignant,Model Dermatol,m,malignant_vs_benign,TRUE,TRUE,0.22,1
a8d1b8f97efb9cebccd244b212d77f28,5,V-VI,squamous cell carcinoma,malignant,Model Dermatol,m,melanoma_vs_rest,FALSE,TRUE,0.22,0
a8d1b8f97efb9cebccd244b212d77f28,5,V-VI,squamous cell carcinoma,malignant,Model Dermatol,m,basal_cell_carcinoma_vs_rest,FALSE,TRUE,0.22,0
a8d1b8f97efb9cebccd244b212d77f28,5,V-VI,squamous cell carcinoma,malignant,Model Dermatol,m,squamous_cell_carcinoma_vs_rest,TRUE,TRUE,0.22,1
54062cedd5bf0e41f3c95feba2bb0373,5,V-VI,squamous cell carcinoma,malignant,Model Dermatol,m,malignant_vs_benign,TRUE,FALSE,0.19,0
54062cedd5bf0e41f3c95feba2bb0373,5,V-VI,squamous cell carcinoma,malignant,Model Dermatol,m,melanoma_vs_rest,FALSE,FALSE,0,1
54062cedd5bf0e41f3c95feba2bb0373,5,V-VI,squamous cell carcinoma,malignant,Model Dermatol,m,basal_cell_carcinoma_vs_rest,FALSE,FALSE,0,1
54062cedd5bf0e41f3c95feba2bb0373,5,V-VI,squamous cell carcinoma,malignant,Model Dermatol,m,squamous_cell_carcinoma_vs_rest,TRUE,FALSE,0,0
1fc1eff4c66e8e14b039964fac65ba7e,6,V-VI,squamous cell carcinoma,malignant,Model Dermatol,m,malignant_vs_benign,TRUE,TRUE,0.54,1
1fc1eff4c66e8e14b039964fac65ba7e,6,V-VI,squamous cell carcinoma,malignant,Model Dermatol,m,melanoma_vs_rest,FALSE,TRUE,0.52,0
1fc1eff4c66e8e14b039964fac65ba7e,6,V-VI,squamous cell carcinoma,malignant,Model Dermatol,m,basal_cell_carcinoma_vs_rest,FALSE,TRUE,0.52,0
1fc1eff4c66e8e14b039964fac65ba7e,6,V-VI,squamous cell carcinoma,malignant,Model Dermatol,m,squamous_cell_carcinoma_vs_rest,TRUE,TRUE,0.54,1
bee428af68657ff702c769092b1998c6,6,V-VI,squamous cell carcinoma,malignant,Model Dermatol,m,malignant_vs_benign,TRUE,FALSE,0,0
bee428af68657ff702c769092b1998c6,6,V-VI,squamous cell carcinoma,malignant,Model Dermatol,m,melanoma_vs_rest,FALSE,FALSE,0,1
bee428af68657ff702c769092b1998c6,6,V-VI,squamous cell carcinoma,malignant,Model Dermatol,m,basal_cell_carcinoma_vs_rest,FALSE,FALSE,0,1
bee428af68657ff702c769092b1998c6,6,V-VI,squamous cell carcinoma,malignant,Model Dermatol,m,squamous_cell_carcinoma_vs_rest,TRUE,FALSE,0,0
aba082609e966daf665ccfbb264c226f,6,V-VI,squamous cell carcinoma,malignant,Model Dermatol,m,malignant_vs_benign,TRUE,FALSE,0,0
aba082609e966daf665ccfbb264c226f,6,V-VI,squamous cell carcinoma,malignant,Model Dermatol,m,melanoma_vs_rest,FALSE,FALSE,0,1
aba082609e966daf665ccfbb264c226f,6,V-VI,squamous cell carcinoma,malignant,Model Dermatol,m,basal_cell_carcinoma_vs_rest,FALSE,FALSE,0,1
aba082609e966daf665ccfbb264c226f,6,V-VI,squamous cell carcinoma,malignant,Model Dermatol,m,squamous_cell_carcinoma_vs_rest,TRUE,FALSE,0,0
9fe7369e9cd9a468a2feb65a81c4bb13,6,V-VI,squamous cell carcinoma,malignant,Model Dermatol,m,malignant_vs_benign,TRUE,FALSE,0.13,0
9fe7369e9cd9a468a2feb65a81c4bb13,6,V-VI,squamous cell carcinoma,malignant,Model Dermatol,m,melanoma_vs_rest,FALSE,FALSE,0,1
9fe7369e9cd9a468a2feb65a81c4bb13,6,V-VI,squamous cell carcinoma,malignant,Model Dermatol,m,basal_cell_carcinoma_vs_rest,FALSE,FALSE,0,1
9fe7369e9cd9a468a2feb65a81c4bb13,6,V-VI,squamous cell carcinoma,malignant,Model Dermatol,m,squamous_cell_carcinoma_vs_rest,TRUE,FALSE,0,0
c465d8b7a4273c618cea01568be5299a,6,V-VI,squamous cell carcinoma,malignant,Model Dermatol,m,malignant_vs_benign,TRUE,TRUE,0.26,1
c465d8b7a4273c618cea01568be5299a,6,V-VI,squamous cell carcinoma,malignant,Model Dermatol,m,melanoma_vs_rest,FALSE,TRUE,0.26,0
c465d8b7a4273c618cea01568be5299a,6,V-VI,squamous cell carcinoma,malignant,Model Dermatol,m,basal_cell_carcinoma_vs_rest,FALSE,TRUE,0.26,0
c465d8b7a4273c618cea01568be5299a,6,V-VI,squamous cell carcinoma,malignant,Model Dermatol,m,squamous_cell_carcinoma_vs_rest,TRUE,TRUE,0.26,1
af048401c6e99acaba177eef6c43c45c,6,V-VI,squamous cell carcinoma,malignant,Model Dermatol,m,malignant_vs_benign,TRUE,FALSE,0.11,0
af048401c6e99acaba177eef6c43c45c,6,V-VI,squamous cell carcinoma,malignant,Model Dermatol,m,melanoma_vs_rest,FALSE,FALSE,0,1
af048401c6e99acaba177eef6c43c45c,6,V-VI,squamous cell carcinoma,malignant,Model Dermatol,m,basal_cell_carcinoma_vs_rest,FALSE,FALSE,0,1
af048401c6e99acaba177eef6c43c45c,6,V-VI,squamous cell carcinoma,malignant,Model Dermatol,m,squamous_cell_carcinoma_vs_rest,TRUE,FALSE,0.11,0
36c7bbdced601b5d9fb1cc7cdc0df7e3,6,V-VI,squamous cell carcinoma,malignant,Model Dermatol,m,malignant_vs_benign,TRUE,TRUE,0.19,1
36c7bbdced601b5d9fb1cc7cdc0df7e3,6,V-VI,squamous cell carcinoma,malignant,Model Dermatol,m,melanoma_vs_rest,FALSE,FALSE,0,1
36c7bbdced601b5d9fb1cc7cdc0df7e3,6,V-VI,squamous cell carcinoma,malignant,Model Dermatol,m,basal_cell_carcinoma_vs_rest,FALSE,FALSE,0,1
36c7bbdced601b5d9fb1cc7cdc0df7e3,6,V-VI,squamous cell carcinoma,malignant,Model Dermatol,m,squamous_cell_carcinoma_vs_rest,TRUE,TRUE,0.19,1
7cedaa3277cb1efd41f5f9f70e6be0c7,6,V-VI,squamous cell carcinoma,malignant,Model Dermatol,m,malignant_vs_benign,TRUE,FALSE,0,0
7cedaa3277cb1efd41f5f9f70e6be0c7,6,V-VI,squamous cell carcinoma,malignant,Model Dermatol,m,melanoma_vs_rest,FALSE,FALSE,0,1
7cedaa3277cb1efd41f5f9f70e6be0c7,6,V-VI,squamous cell carcinoma,malignant,Model Dermatol,m,basal_cell_carcinoma_vs_rest,FALSE,FALSE,0,1
7cedaa3277cb1efd41f5f9f70e6be0c7,6,V-VI,squamous cell carcinoma,malignant,Model Dermatol,m,squamous_cell_carcinoma_vs_rest,TRUE,FALSE,0,0
33184eb4424abaf46843d89c4c408552,6,V-VI,squamous cell carcinoma,malignant,Model Dermatol,m,malignant_vs_benign,TRUE,FALSE,0.2,0
33184eb4424abaf46843d89c4c408552,6,V-VI,squamous cell carcinoma,malignant,Model Dermatol,m,melanoma_vs_rest,FALSE,FALSE,0,1
33184eb4424abaf46843d89c4c408552,6,V-VI,squamous cell carcinoma,malignant,Model Dermatol,m,basal_cell_carcinoma_vs_rest,FALSE,FALSE,0,1
33184eb4424abaf46843d89c4c408552,6,V-VI,squamous cell carcinoma,malignant,Model Dermatol,m,squamous_cell_carcinoma_vs_rest,TRUE,FALSE,0.2,0
a246a3150fe89472eb84a7d49841ae27,6,V-VI,squamous cell carcinoma,malignant,Model Dermatol,m,malignant_vs_benign,TRUE,FALSE,0.17,0
a246a3150fe89472eb84a7d49841ae27,6,V-VI,squamous cell carcinoma,malignant,Model Dermatol,m,melanoma_vs_rest,FALSE,FALSE,0,1
a246a3150fe89472eb84a7d49841ae27,6,V-VI,squamous cell carcinoma,malignant,Model Dermatol,m,basal_cell_carcinoma_vs_rest,FALSE,FALSE,0,1
a246a3150fe89472eb84a7d49841ae27,6,V-VI,squamous cell carcinoma,malignant,Model Dermatol,m,squamous_cell_carcinoma_vs_rest,TRUE,FALSE,0,0
d2c77aa81ca884f99174471132bd3e24,1,I-II,basal cell carcinoma,malignant,Model Dermatol,m,malignant_vs_benign,TRUE,FALSE,0,0
d2c77aa81ca884f99174471132bd3e24,1,I-II,basal cell carcinoma,malignant,Model Dermatol,m,melanoma_vs_rest,FALSE,FALSE,0,1
d2c77aa81ca884f99174471132bd3e24,1,I-II,basal cell carcinoma,malignant,Model Dermatol,m,basal_cell_carcinoma_vs_rest,TRUE,FALSE,0,0
d2c77aa81ca884f99174471132bd3e24,1,I-II,basal cell carcinoma,malignant,Model Dermatol,m,squamous_cell_carcinoma_vs_rest,FALSE,FALSE,0,1
a7821ca7a0f65f9095a61d66c234f683,1,I-II,basal cell carcinoma,malignant,Model Dermatol,m,malignant_vs_benign,TRUE,FALSE,0,0
a7821ca7a0f65f9095a61d66c234f683,1,I-II,basal cell carcinoma,malignant,Model Dermatol,m,melanoma_vs_rest,FALSE,FALSE,0,1
a7821ca7a0f65f9095a61d66c234f683,1,I-II,basal cell carcinoma,malignant,Model Dermatol,m,basal_cell_carcinoma_vs_rest,TRUE,FALSE,0,0
a7821ca7a0f65f9095a61d66c234f683,1,I-II,basal cell carcinoma,malignant,Model Dermatol,m,squamous_cell_carcinoma_vs_rest,FALSE,FALSE,0,1
1bbe4519608f606a18adf1811fd1c051,1,I-II,basal cell carcinoma,malignant,Model Dermatol,m,malignant_vs_benign,TRUE,TRUE,0.54,1
1bbe4519608f606a18adf1811fd1c051,1,I-II,basal cell carcinoma,malignant,Model Dermatol,m,melanoma_vs_rest,FALSE,TRUE,0.54,0
1bbe4519608f606a18adf1811fd1c051,1,I-II,basal cell carcinoma,malignant,Model Dermatol,m,basal_cell_carcinoma_vs_rest,TRUE,TRUE,0.54,1
1bbe4519608f606a18adf1811fd1c051,1,I-II,basal cell carcinoma,malignant,Model Dermatol,m,squamous_cell_carcinoma_vs_rest,FALSE,TRUE,0.54,0
42bb46cb779b95f10e531e2b6181e439,1,I-II,basal cell carcinoma,malignant,Model Dermatol,m,malignant_vs_benign,TRUE,FALSE,0,0
42bb46cb779b95f10e531e2b6181e439,1,I-II,basal cell carcinoma,malignant,Model Dermatol,m,melanoma_vs_rest,FALSE,FALSE,0,1
42bb46cb779b95f10e531e2b6181e439,1,I-II,basal cell carcinoma,malignant,Model Dermatol,m,basal_cell_carcinoma_vs_rest,TRUE,FALSE,0,0
42bb46cb779b95f10e531e2b6181e439,1,I-II,basal cell carcinoma,malignant,Model Dermatol,m,squamous_cell_carcinoma_vs_rest,FALSE,FALSE,0,1
d2e96d346577a155b0125dda66b16395,1,I-II,basal cell carcinoma,malignant,Model Dermatol,m,malignant_vs_benign,TRUE,TRUE,0.37,1
d2e96d346577a155b0125dda66b16395,1,I-II,basal cell carcinoma,malignant,Model Dermatol,m,melanoma_vs_rest,FALSE,TRUE,0.28,0
d2e96d346577a155b0125dda66b16395,1,I-II,basal cell carcinoma,malignant,Model Dermatol,m,basal_cell_carcinoma_vs_rest,TRUE,TRUE,0.37,1
d2e96d346577a155b0125dda66b16395,1,I-II,basal cell carcinoma,malignant,Model Dermatol,m,squamous_cell_carcinoma_vs_rest,FALSE,TRUE,0.28,0
9f0704d534bda1e469eb5e19bd4aa4e6,1,I-II,basal cell carcinoma,malignant,Model Dermatol,m,malignant_vs_benign,TRUE,TRUE,0.81,1
9f0704d534bda1e469eb5e19bd4aa4e6,1,I-II,basal cell carcinoma,malignant,Model Dermatol,m,melanoma_vs_rest,FALSE,TRUE,0.67,0
9f0704d534bda1e469eb5e19bd4aa4e6,1,I-II,basal cell carcinoma,malignant,Model Dermatol,m,basal_cell_carcinoma_vs_rest,TRUE,TRUE,0.81,1
9f0704d534bda1e469eb5e19bd4aa4e6,1,I-II,basal cell carcinoma,malignant,Model Dermatol,m,squamous_cell_carcinoma_vs_rest,FALSE,TRUE,0.67,0
edaf72dfe0910228db8eb491ed9dc2b3,1,I-II,basal cell carcinoma,malignant,Model Dermatol,m,malignant_vs_benign,TRUE,TRUE,0.8,1
edaf72dfe0910228db8eb491ed9dc2b3,1,I-II,basal cell carcinoma,malignant,Model Dermatol,m,melanoma_vs_rest,FALSE,TRUE,0.8,0
edaf72dfe0910228db8eb491ed9dc2b3,1,I-II,basal cell carcinoma,malignant,Model Dermatol,m,basal_cell_carcinoma_vs_rest,TRUE,TRUE,0.8,1
edaf72dfe0910228db8eb491ed9dc2b3,1,I-II,basal cell carcinoma,malignant,Model Dermatol,m,squamous_cell_carcinoma_vs_rest,FALSE,TRUE,0.8,0
95ac125ff5c616b972d9be4419f2a7a6,1,I-II,basal cell carcinoma,malignant,Model Dermatol,m,malignant_vs_benign,TRUE,TRUE,0.33,1
95ac125ff5c616b972d9be4419f2a7a6,1,I-II,basal cell carcinoma,malignant,Model Dermatol,m,melanoma_vs_rest,FALSE,TRUE,0.33,0
95ac125ff5c616b972d9be4419f2a7a6,1,I-II,basal cell carcinoma,malignant,Model Dermatol,m,basal_cell_carcinoma_vs_rest,TRUE,TRUE,0.33,1
95ac125ff5c616b972d9be4419f2a7a6,1,I-II,basal cell carcinoma,malignant,Model Dermatol,m,squamous_cell_carcinoma_vs_rest,FALSE,TRUE,0.33,0
4ea4ab5f3ef5e7f1b8b422eaff3066f6,1,I-II,basal cell carcinoma,malignant,Model Dermatol,m,malignant_vs_benign,TRUE,TRUE,0.43,1
4ea4ab5f3ef5e7f1b8b422eaff3066f6,1,I-II,basal cell carcinoma,malignant,Model Dermatol,m,melanoma_vs_rest,FALSE,TRUE,0.4,0
4ea4ab5f3ef5e7f1b8b422eaff3066f6,1,I-II,basal cell carcinoma,malignant,Model Dermatol,m,basal_cell_carcinoma_vs_rest,TRUE,TRUE,0.43,1
4ea4ab5f3ef5e7f1b8b422eaff3066f6,1,I-II,basal cell carcinoma,malignant,Model Dermatol,m,squamous_cell_carcinoma_vs_rest,FALSE,TRUE,0.4,0
1b1a8cfbe054b2fa9895a08644a10e28,1,I-II,basal cell carcinoma,malignant,Model Dermatol,m,malignant_vs_benign,TRUE,TRUE,0.52,1
1b1a8cfbe054b2fa9895a08644a10e28,1,I-II,basal cell carcinoma,malignant,Model Dermatol,m,melanoma_vs_rest,FALSE,TRUE,0.4,0
1b1a8cfbe054b2fa9895a08644a10e28,1,I-II,basal cell carcinoma,malignant,Model Dermatol,m,basal_cell_carcinoma_vs_rest,TRUE,TRUE,0.52,1
1b1a8cfbe054b2fa9895a08644a10e28,1,I-II,basal cell carcinoma,malignant,Model Dermatol,m,squamous_cell_carcinoma_vs_rest,FALSE,TRUE,0.4,0
9838b6548e7842a1c228e9548a32099c,2,I-II,basal cell carcinoma,malignant,Model Dermatol,m,malignant_vs_benign,TRUE,FALSE,0,0
9838b6548e7842a1c228e9548a32099c,2,I-II,basal cell carcinoma,malignant,Model Dermatol,m,melanoma_vs_rest,FALSE,FALSE,0,1
9838b6548e7842a1c228e9548a32099c,2,I-II,basal cell carcinoma,malignant,Model Dermatol,m,basal_cell_carcinoma_vs_rest,TRUE,FALSE,0,0
9838b6548e7842a1c228e9548a32099c,2,I-II,basal cell carcinoma,malignant,Model Dermatol,m,squamous_cell_carcinoma_vs_rest,FALSE,FALSE,0,1
cf3d2262e2ddccfee4641197f689e6dd,2,I-II,basal cell carcinoma,malignant,Model Dermatol,m,malignant_vs_benign,TRUE,TRUE,0.83,1
cf3d2262e2ddccfee4641197f689e6dd,2,I-II,basal cell carcinoma,malignant,Model Dermatol,m,melanoma_vs_rest,FALSE,TRUE,0.77,0
cf3d2262e2ddccfee4641197f689e6dd,2,I-II,basal cell carcinoma,malignant,Model Dermatol,m,basal_cell_carcinoma_vs_rest,TRUE,TRUE,0.83,1
cf3d2262e2ddccfee4641197f689e6dd,2,I-II,basal cell carcinoma,malignant,Model Dermatol,m,squamous_cell_carcinoma_vs_rest,FALSE,TRUE,0.77,0
4774398105aa32b8d004b499ccbf5633,2,I-II,basal cell carcinoma,malignant,Model Dermatol,m,malignant_vs_benign,TRUE,TRUE,0.42,1
4774398105aa32b8d004b499ccbf5633,2,I-II,basal cell carcinoma,malignant,Model Dermatol,m,melanoma_vs_rest,FALSE,TRUE,0.36,0
4774398105aa32b8d004b499ccbf5633,2,I-II,basal cell carcinoma,malignant,Model Dermatol,m,basal_cell_carcinoma_vs_rest,TRUE,TRUE,0.42,1
4774398105aa32b8d004b499ccbf5633,2,I-II,basal cell carcinoma,malignant,Model Dermatol,m,squamous_cell_carcinoma_vs_rest,FALSE,TRUE,0.36,0
516b8ed8e7db3a27e68118aac9191fb5,2,I-II,basal cell carcinoma,malignant,Model Dermatol,m,malignant_vs_benign,TRUE,TRUE,0.93,1
516b8ed8e7db3a27e68118aac9191fb5,2,I-II,basal cell carcinoma,malignant,Model Dermatol,m,melanoma_vs_rest,FALSE,TRUE,0.75,0
516b8ed8e7db3a27e68118aac9191fb5,2,I-II,basal cell carcinoma,malignant,Model Dermatol,m,basal_cell_carcinoma_vs_rest,TRUE,TRUE,0.93,1
516b8ed8e7db3a27e68118aac9191fb5,2,I-II,basal cell carcinoma,malignant,Model Dermatol,m,squamous_cell_carcinoma_vs_rest,FALSE,TRUE,0.75,0
6323e7bf168cb3f170902b24cd05e8c4,2,I-II,basal cell carcinoma,malignant,Model Dermatol,m,malignant_vs_benign,TRUE,TRUE,0.59,1
6323e7bf168cb3f170902b24cd05e8c4,2,I-II,basal cell carcinoma,malignant,Model Dermatol,m,melanoma_vs_rest,FALSE,TRUE,0.59,0
6323e7bf168cb3f170902b24cd05e8c4,2,I-II,basal cell carcinoma,malignant,Model Dermatol,m,basal_cell_carcinoma_vs_rest,TRUE,TRUE,0.59,1
6323e7bf168cb3f170902b24cd05e8c4,2,I-II,basal cell carcinoma,malignant,Model Dermatol,m,squamous_cell_carcinoma_vs_rest,FALSE,TRUE,0.59,0
fb7c974e189e0dc9cbd83e2d22835e94,2,I-II,basal cell carcinoma,malignant,Model Dermatol,m,malignant_vs_benign,TRUE,TRUE,0.77,1
fb7c974e189e0dc9cbd83e2d22835e94,2,I-II,basal cell carcinoma,malignant,Model Dermatol,m,melanoma_vs_rest,FALSE,TRUE,0.77,0
fb7c974e189e0dc9cbd83e2d22835e94,2,I-II,basal cell carcinoma,malignant,Model Dermatol,m,basal_cell_carcinoma_vs_rest,TRUE,TRUE,0.77,1
fb7c974e189e0dc9cbd83e2d22835e94,2,I-II,basal cell carcinoma,malignant,Model Dermatol,m,squamous_cell_carcinoma_vs_rest,FALSE,TRUE,0.77,0
13135f44ed77ea527b70db862a83bd61,2,I-II,basal cell carcinoma,malignant,Model Dermatol,m,malignant_vs_benign,TRUE,TRUE,0.89,1
13135f44ed77ea527b70db862a83bd61,2,I-II,basal cell carcinoma,malignant,Model Dermatol,m,melanoma_vs_rest,FALSE,TRUE,0.71,0
13135f44ed77ea527b70db862a83bd61,2,I-II,basal cell carcinoma,malignant,Model Dermatol,m,basal_cell_carcinoma_vs_rest,TRUE,TRUE,0.89,1
13135f44ed77ea527b70db862a83bd61,2,I-II,basal cell carcinoma,malignant,Model Dermatol,m,squamous_cell_carcinoma_vs_rest,FALSE,TRUE,0.71,0
94937a8ab45b71486731a59c5e5448e4,2,I-II,basal cell carcinoma,malignant,Model Dermatol,m,malignant_vs_benign,TRUE,TRUE,0.77,1
94937a8ab45b71486731a59c5e5448e4,2,I-II,basal cell carcinoma,malignant,Model Dermatol,m,melanoma_vs_rest,FALSE,TRUE,0.71,0
94937a8ab45b71486731a59c5e5448e4,2,I-II,basal cell carcinoma,malignant,Model Dermatol,m,basal_cell_carcinoma_vs_rest,TRUE,TRUE,0.77,1
94937a8ab45b71486731a59c5e5448e4,2,I-II,basal cell carcinoma,malignant,Model Dermatol,m,squamous_cell_carcinoma_vs_rest,FALSE,TRUE,0.71,0
46cfd1a77dfc44893b3166eca5f5514d,2,I-II,basal cell carcinoma,malignant,Model Dermatol,m,malignant_vs_benign,TRUE,TRUE,0.47,1
46cfd1a77dfc44893b3166eca5f5514d,2,I-II,basal cell carcinoma,malignant,Model Dermatol,m,melanoma_vs_rest,FALSE,TRUE,0.36,0
46cfd1a77dfc44893b3166eca5f5514d,2,I-II,basal cell carcinoma,malignant,Model Dermatol,m,basal_cell_carcinoma_vs_rest,TRUE,TRUE,0.47,1
46cfd1a77dfc44893b3166eca5f5514d,2,I-II,basal cell carcinoma,malignant,Model Dermatol,m,squamous_cell_carcinoma_vs_rest,FALSE,TRUE,0.36,0
be7bead78fed91bdc5056a70246ed703,2,I-II,basal cell carcinoma,malignant,Model Dermatol,m,malignant_vs_benign,TRUE,TRUE,0.96,1
be7bead78fed91bdc5056a70246ed703,2,I-II,basal cell carcinoma,malignant,Model Dermatol,m,melanoma_vs_rest,FALSE,TRUE,0.79,0
be7bead78fed91bdc5056a70246ed703,2,I-II,basal cell carcinoma,malignant,Model Dermatol,m,basal_cell_carcinoma_vs_rest,TRUE,TRUE,0.96,1
be7bead78fed91bdc5056a70246ed703,2,I-II,basal cell carcinoma,malignant,Model Dermatol,m,squamous_cell_carcinoma_vs_rest,FALSE,TRUE,0.79,0
f08034a69a57680dbe4521f6e913ba22,3,III-IV,basal cell carcinoma,malignant,Model Dermatol,m,malignant_vs_benign,TRUE,FALSE,0.14,0
f08034a69a57680dbe4521f6e913ba22,3,III-IV,basal cell carcinoma,malignant,Model Dermatol,m,melanoma_vs_rest,FALSE,FALSE,0,1
f08034a69a57680dbe4521f6e913ba22,3,III-IV,basal cell carcinoma,malignant,Model Dermatol,m,basal_cell_carcinoma_vs_rest,TRUE,FALSE,0.14,0
f08034a69a57680dbe4521f6e913ba22,3,III-IV,basal cell carcinoma,malignant,Model Dermatol,m,squamous_cell_carcinoma_vs_rest,FALSE,FALSE,0,1
4a42c72a20a24c80ee1d43aca4a1e498,3,III-IV,basal cell carcinoma,malignant,Model Dermatol,m,malignant_vs_benign,TRUE,TRUE,0.77,1
4a42c72a20a24c80ee1d43aca4a1e498,3,III-IV,basal cell carcinoma,malignant,Model Dermatol,m,melanoma_vs_rest,FALSE,TRUE,0.77,0
4a42c72a20a24c80ee1d43aca4a1e498,3,III-IV,basal cell carcinoma,malignant,Model Dermatol,m,basal_cell_carcinoma_vs_rest,TRUE,TRUE,0.77,1
4a42c72a20a24c80ee1d43aca4a1e498,3,III-IV,basal cell carcinoma,malignant,Model Dermatol,m,squamous_cell_carcinoma_vs_rest,FALSE,TRUE,0.77,0
95e4e2ee44567f284171a4f368a7aecd,3,III-IV,basal cell carcinoma,malignant,Model Dermatol,m,malignant_vs_benign,TRUE,FALSE,0,0
95e4e2ee44567f284171a4f368a7aecd,3,III-IV,basal cell carcinoma,malignant,Model Dermatol,m,melanoma_vs_rest,FALSE,FALSE,0,1
95e4e2ee44567f284171a4f368a7aecd,3,III-IV,basal cell carcinoma,malignant,Model Dermatol,m,basal_cell_carcinoma_vs_rest,TRUE,FALSE,0,0
95e4e2ee44567f284171a4f368a7aecd,3,III-IV,basal cell carcinoma,malignant,Model Dermatol,m,squamous_cell_carcinoma_vs_rest,FALSE,FALSE,0,1
bc3fd36c7d32ae2f2961409049e240b4,3,III-IV,basal cell carcinoma,malignant,Model Dermatol,m,malignant_vs_benign,TRUE,TRUE,0.29,1
bc3fd36c7d32ae2f2961409049e240b4,3,III-IV,basal cell carcinoma,malignant,Model Dermatol,m,melanoma_vs_rest,FALSE,TRUE,0.24,0
bc3fd36c7d32ae2f2961409049e240b4,3,III-IV,basal cell carcinoma,malignant,Model Dermatol,m,basal_cell_carcinoma_vs_rest,TRUE,TRUE,0.29,1
bc3fd36c7d32ae2f2961409049e240b4,3,III-IV,basal cell carcinoma,malignant,Model Dermatol,m,squamous_cell_carcinoma_vs_rest,FALSE,TRUE,0.24,0
7cc6621d7d99fcca1f0bf2b6bd3043fb,3,III-IV,basal cell carcinoma,malignant,Model Dermatol,m,malignant_vs_benign,TRUE,TRUE,0.79,1
7cc6621d7d99fcca1f0bf2b6bd3043fb,3,III-IV,basal cell carcinoma,malignant,Model Dermatol,m,melanoma_vs_rest,FALSE,TRUE,0.65,0
7cc6621d7d99fcca1f0bf2b6bd3043fb,3,III-IV,basal cell carcinoma,malignant,Model Dermatol,m,basal_cell_carcinoma_vs_rest,TRUE,TRUE,0.79,1
7cc6621d7d99fcca1f0bf2b6bd3043fb,3,III-IV,basal cell carcinoma,malignant,Model Dermatol,m,squamous_cell_carcinoma_vs_rest,FALSE,TRUE,0.65,0
521773286f1d292e0cdcf5c1354fc0ea,3,III-IV,basal cell carcinoma,malignant,Model Dermatol,m,malignant_vs_benign,TRUE,TRUE,0.99,1
521773286f1d292e0cdcf5c1354fc0ea,3,III-IV,basal cell carcinoma,malignant,Model Dermatol,m,melanoma_vs_rest,FALSE,TRUE,0.9,0
521773286f1d292e0cdcf5c1354fc0ea,3,III-IV,basal cell carcinoma,malignant,Model Dermatol,m,basal_cell_carcinoma_vs_rest,TRUE,TRUE,0.99,1
521773286f1d292e0cdcf5c1354fc0ea,3,III-IV,basal cell carcinoma,malignant,Model Dermatol,m,squamous_cell_carcinoma_vs_rest,FALSE,TRUE,0.9,0
13b24f877270a05937f4c80fff693b04,3,III-IV,basal cell carcinoma,malignant,Model Dermatol,m,malignant_vs_benign,TRUE,TRUE,0.86,1
13b24f877270a05937f4c80fff693b04,3,III-IV,basal cell carcinoma,malignant,Model Dermatol,m,melanoma_vs_rest,FALSE,TRUE,0.79,0
13b24f877270a05937f4c80fff693b04,3,III-IV,basal cell carcinoma,malignant,Model Dermatol,m,basal_cell_carcinoma_vs_rest,TRUE,TRUE,0.86,1
13b24f877270a05937f4c80fff693b04,3,III-IV,basal cell carcinoma,malignant,Model Dermatol,m,squamous_cell_carcinoma_vs_rest,FALSE,TRUE,0.79,0
736143719650b30bb48965ee67c3ee4e,3,III-IV,basal cell carcinoma,malignant,Model Dermatol,m,malignant_vs_benign,TRUE,TRUE,0.44,1
736143719650b30bb48965ee67c3ee4e,3,III-IV,basal cell carcinoma,malignant,Model Dermatol,m,melanoma_vs_rest,FALSE,TRUE,0.36,0
736143719650b30bb48965ee67c3ee4e,3,III-IV,basal cell carcinoma,malignant,Model Dermatol,m,basal_cell_carcinoma_vs_rest,TRUE,TRUE,0.44,1
736143719650b30bb48965ee67c3ee4e,3,III-IV,basal cell carcinoma,malignant,Model Dermatol,m,squamous_cell_carcinoma_vs_rest,FALSE,TRUE,0.36,0
2d88a3fa67aa761b65e280c2e14c68c3,3,III-IV,basal cell carcinoma,malignant,Model Dermatol,m,malignant_vs_benign,TRUE,TRUE,0.71,1
2d88a3fa67aa761b65e280c2e14c68c3,3,III-IV,basal cell carcinoma,malignant,Model Dermatol,m,melanoma_vs_rest,FALSE,TRUE,0.71,0
2d88a3fa67aa761b65e280c2e14c68c3,3,III-IV,basal cell carcinoma,malignant,Model Dermatol,m,basal_cell_carcinoma_vs_rest,TRUE,TRUE,0.71,1
2d88a3fa67aa761b65e280c2e14c68c3,3,III-IV,basal cell carcinoma,malignant,Model Dermatol,m,squamous_cell_carcinoma_vs_rest,FALSE,TRUE,0.71,0
22bcca7d579abf5c2c121c98aa01a4c7,3,III-IV,basal cell carcinoma,malignant,Model Dermatol,m,malignant_vs_benign,TRUE,TRUE,0.86,1
22bcca7d579abf5c2c121c98aa01a4c7,3,III-IV,basal cell carcinoma,malignant,Model Dermatol,m,melanoma_vs_rest,FALSE,TRUE,0.86,0
22bcca7d579abf5c2c121c98aa01a4c7,3,III-IV,basal cell carcinoma,malignant,Model Dermatol,m,basal_cell_carcinoma_vs_rest,TRUE,TRUE,0.86,1
22bcca7d579abf5c2c121c98aa01a4c7,3,III-IV,basal cell carcinoma,malignant,Model Dermatol,m,squamous_cell_carcinoma_vs_rest,FALSE,TRUE,0.86,0
ec434ee7ba467dd5ec5a4b87fd515e29,4,III-IV,basal cell carcinoma,malignant,Model Dermatol,m,malignant_vs_benign,TRUE,TRUE,0.52,1
ec434ee7ba467dd5ec5a4b87fd515e29,4,III-IV,basal cell carcinoma,malignant,Model Dermatol,m,melanoma_vs_rest,FALSE,TRUE,0.4,0
ec434ee7ba467dd5ec5a4b87fd515e29,4,III-IV,basal cell carcinoma,malignant,Model Dermatol,m,basal_cell_carcinoma_vs_rest,TRUE,TRUE,0.52,1
ec434ee7ba467dd5ec5a4b87fd515e29,4,III-IV,basal cell carcinoma,malignant,Model Dermatol,m,squamous_cell_carcinoma_vs_rest,FALSE,TRUE,0.4,0
82375585ff47e3738a54447e43b613f2,4,III-IV,basal cell carcinoma,malignant,Model Dermatol,m,malignant_vs_benign,TRUE,TRUE,0.45,1
82375585ff47e3738a54447e43b613f2,4,III-IV,basal cell carcinoma,malignant,Model Dermatol,m,melanoma_vs_rest,FALSE,TRUE,0.45,0
82375585ff47e3738a54447e43b613f2,4,III-IV,basal cell carcinoma,malignant,Model Dermatol,m,basal_cell_carcinoma_vs_rest,TRUE,TRUE,0.45,1
82375585ff47e3738a54447e43b613f2,4,III-IV,basal cell carcinoma,malignant,Model Dermatol,m,squamous_cell_carcinoma_vs_rest,FALSE,TRUE,0.45,0
db871411820979160cb098e6453399ce,4,III-IV,basal cell carcinoma,malignant,Model Dermatol,m,malignant_vs_benign,TRUE,TRUE,1,1
db871411820979160cb098e6453399ce,4,III-IV,basal cell carcinoma,malignant,Model Dermatol,m,melanoma_vs_rest,FALSE,TRUE,0.92,0
db871411820979160cb098e6453399ce,4,III-IV,basal cell carcinoma,malignant,Model Dermatol,m,basal_cell_carcinoma_vs_rest,TRUE,TRUE,1,1
db871411820979160cb098e6453399ce,4,III-IV,basal cell carcinoma,malignant,Model Dermatol,m,squamous_cell_carcinoma_vs_rest,FALSE,TRUE,0.92,0
8cb3945cf58f8e5540208408a50b5827,4,III-IV,basal cell carcinoma,malignant,Model Dermatol,m,malignant_vs_benign,TRUE,TRUE,1,1
8cb3945cf58f8e5540208408a50b5827,4,III-IV,basal cell carcinoma,malignant,Model Dermatol,m,melanoma_vs_rest,FALSE,TRUE,0.96,0
8cb3945cf58f8e5540208408a50b5827,4,III-IV,basal cell carcinoma,malignant,Model Dermatol,m,basal_cell_carcinoma_vs_rest,TRUE,TRUE,1,1
8cb3945cf58f8e5540208408a50b5827,4,III-IV,basal cell carcinoma,malignant,Model Dermatol,m,squamous_cell_carcinoma_vs_rest,FALSE,TRUE,0.96,0
c7aac9b9850c541b1cf2619c7cec8d06,4,III-IV,basal cell carcinoma,malignant,Model Dermatol,m,malignant_vs_benign,TRUE,FALSE,0.04,0
c7aac9b9850c541b1cf2619c7cec8d06,4,III-IV,basal cell carcinoma,malignant,Model Dermatol,m,melanoma_vs_rest,FALSE,FALSE,0,1
c7aac9b9850c541b1cf2619c7cec8d06,4,III-IV,basal cell carcinoma,malignant,Model Dermatol,m,basal_cell_carcinoma_vs_rest,TRUE,FALSE,0.04,0
c7aac9b9850c541b1cf2619c7cec8d06,4,III-IV,basal cell carcinoma,malignant,Model Dermatol,m,squamous_cell_carcinoma_vs_rest,FALSE,FALSE,0,1
5832419baf0cbfefcac35578a40fa5a5,4,III-IV,basal cell carcinoma,malignant,Model Dermatol,m,malignant_vs_benign,TRUE,TRUE,0.46,1
5832419baf0cbfefcac35578a40fa5a5,4,III-IV,basal cell carcinoma,malignant,Model Dermatol,m,melanoma_vs_rest,FALSE,TRUE,0.42,0
5832419baf0cbfefcac35578a40fa5a5,4,III-IV,basal cell carcinoma,malignant,Model Dermatol,m,basal_cell_carcinoma_vs_rest,TRUE,TRUE,0.46,1
5832419baf0cbfefcac35578a40fa5a5,4,III-IV,basal cell carcinoma,malignant,Model Dermatol,m,squamous_cell_carcinoma_vs_rest,FALSE,TRUE,0.42,0
af64774e30b2dc701e3f2a88348a78dc,4,III-IV,basal cell carcinoma,malignant,Model Dermatol,m,malignant_vs_benign,TRUE,TRUE,1,1
af64774e30b2dc701e3f2a88348a78dc,4,III-IV,basal cell carcinoma,malignant,Model Dermatol,m,melanoma_vs_rest,FALSE,TRUE,0.96,0
af64774e30b2dc701e3f2a88348a78dc,4,III-IV,basal cell carcinoma,malignant,Model Dermatol,m,basal_cell_carcinoma_vs_rest,TRUE,TRUE,1,1
af64774e30b2dc701e3f2a88348a78dc,4,III-IV,basal cell carcinoma,malignant,Model Dermatol,m,squamous_cell_carcinoma_vs_rest,FALSE,TRUE,0.96,0
794572175ce2487d073bcbd2d62f2743,4,III-IV,basal cell carcinoma,malignant,Model Dermatol,m,malignant_vs_benign,TRUE,TRUE,0.96,1
794572175ce2487d073bcbd2d62f2743,4,III-IV,basal cell carcinoma,malignant,Model Dermatol,m,melanoma_vs_rest,FALSE,TRUE,0.89,0
794572175ce2487d073bcbd2d62f2743,4,III-IV,basal cell carcinoma,malignant,Model Dermatol,m,basal_cell_carcinoma_vs_rest,TRUE,TRUE,0.96,1
794572175ce2487d073bcbd2d62f2743,4,III-IV,basal cell carcinoma,malignant,Model Dermatol,m,squamous_cell_carcinoma_vs_rest,FALSE,TRUE,0.89,0
de24cc0b5dc20eccdd67e7a60c8a1fa9,4,III-IV,basal cell carcinoma,malignant,Model Dermatol,m,malignant_vs_benign,TRUE,TRUE,0.88,1
de24cc0b5dc20eccdd67e7a60c8a1fa9,4,III-IV,basal cell carcinoma,malignant,Model Dermatol,m,melanoma_vs_rest,FALSE,TRUE,0.69,0
de24cc0b5dc20eccdd67e7a60c8a1fa9,4,III-IV,basal cell carcinoma,malignant,Model Dermatol,m,basal_cell_carcinoma_vs_rest,TRUE,TRUE,0.88,1
de24cc0b5dc20eccdd67e7a60c8a1fa9,4,III-IV,basal cell carcinoma,malignant,Model Dermatol,m,squamous_cell_carcinoma_vs_rest,FALSE,TRUE,0.69,0
6ed58ed2e4c8b378493cd5766f7bad56,4,III-IV,basal cell carcinoma,malignant,Model Dermatol,m,malignant_vs_benign,TRUE,TRUE,0.9,1
6ed58ed2e4c8b378493cd5766f7bad56,4,III-IV,basal cell carcinoma,malignant,Model Dermatol,m,melanoma_vs_rest,FALSE,TRUE,0.75,0
6ed58ed2e4c8b378493cd5766f7bad56,4,III-IV,basal cell carcinoma,malignant,Model Dermatol,m,basal_cell_carcinoma_vs_rest,TRUE,TRUE,0.9,1
6ed58ed2e4c8b378493cd5766f7bad56,4,III-IV,basal cell carcinoma,malignant,Model Dermatol,m,squamous_cell_carcinoma_vs_rest,FALSE,TRUE,0.75,0
9ca9d8e0946f6d8598daad6770b5581f,5,V-VI,basal cell carcinoma,malignant,Model Dermatol,m,malignant_vs_benign,TRUE,TRUE,0.78,1
9ca9d8e0946f6d8598daad6770b5581f,5,V-VI,basal cell carcinoma,malignant,Model Dermatol,m,melanoma_vs_rest,FALSE,TRUE,0.62,0
9ca9d8e0946f6d8598daad6770b5581f,5,V-VI,basal cell carcinoma,malignant,Model Dermatol,m,basal_cell_carcinoma_vs_rest,TRUE,TRUE,0.78,1
9ca9d8e0946f6d8598daad6770b5581f,5,V-VI,basal cell carcinoma,malignant,Model Dermatol,m,squamous_cell_carcinoma_vs_rest,FALSE,TRUE,0.62,0
70b99a1005a08821fd9b9c48d7e8e698,5,V-VI,basal cell carcinoma,malignant,Model Dermatol,m,malignant_vs_benign,TRUE,FALSE,0.12,0
70b99a1005a08821fd9b9c48d7e8e698,5,V-VI,basal cell carcinoma,malignant,Model Dermatol,m,melanoma_vs_rest,FALSE,FALSE,0,1
70b99a1005a08821fd9b9c48d7e8e698,5,V-VI,basal cell carcinoma,malignant,Model Dermatol,m,basal_cell_carcinoma_vs_rest,TRUE,FALSE,0.12,0
70b99a1005a08821fd9b9c48d7e8e698,5,V-VI,basal cell carcinoma,malignant,Model Dermatol,m,squamous_cell_carcinoma_vs_rest,FALSE,FALSE,0,1
5ff2e2cbcbb9f92610ec54dca324d149,5,V-VI,basal cell carcinoma,malignant,Model Dermatol,m,malignant_vs_benign,TRUE,TRUE,0.4,1
5ff2e2cbcbb9f92610ec54dca324d149,5,V-VI,basal cell carcinoma,malignant,Model Dermatol,m,melanoma_vs_rest,FALSE,TRUE,0.4,0
5ff2e2cbcbb9f92610ec54dca324d149,5,V-VI,basal cell carcinoma,malignant,Model Dermatol,m,basal_cell_carcinoma_vs_rest,TRUE,TRUE,0.33,1
5ff2e2cbcbb9f92610ec54dca324d149,5,V-VI,basal cell carcinoma,malignant,Model Dermatol,m,squamous_cell_carcinoma_vs_rest,FALSE,TRUE,0.33,0
875d767d2fa63aa3f740d7d19f21e32a,5,V-VI,basal cell carcinoma,malignant,Model Dermatol,m,malignant_vs_benign,TRUE,TRUE,0.59,1
875d767d2fa63aa3f740d7d19f21e32a,5,V-VI,basal cell carcinoma,malignant,Model Dermatol,m,melanoma_vs_rest,FALSE,TRUE,0.59,0
875d767d2fa63aa3f740d7d19f21e32a,5,V-VI,basal cell carcinoma,malignant,Model Dermatol,m,basal_cell_carcinoma_vs_rest,TRUE,TRUE,0.59,1
875d767d2fa63aa3f740d7d19f21e32a,5,V-VI,basal cell carcinoma,malignant,Model Dermatol,m,squamous_cell_carcinoma_vs_rest,FALSE,TRUE,0.59,0
bba3db5954f7975d59a37347222d954d,5,V-VI,basal cell carcinoma,malignant,Model Dermatol,m,malignant_vs_benign,TRUE,TRUE,0.51,1
bba3db5954f7975d59a37347222d954d,5,V-VI,basal cell carcinoma,malignant,Model Dermatol,m,melanoma_vs_rest,FALSE,TRUE,0.45,0
bba3db5954f7975d59a37347222d954d,5,V-VI,basal cell carcinoma,malignant,Model Dermatol,m,basal_cell_carcinoma_vs_rest,TRUE,TRUE,0.51,1
bba3db5954f7975d59a37347222d954d,5,V-VI,basal cell carcinoma,malignant,Model Dermatol,m,squamous_cell_carcinoma_vs_rest,FALSE,TRUE,0.45,0
1dcc2fb45c366dafbb1f45c0e8afd3bd,5,V-VI,basal cell carcinoma,malignant,Model Dermatol,m,malignant_vs_benign,TRUE,FALSE,0.19,0
1dcc2fb45c366dafbb1f45c0e8afd3bd,5,V-VI,basal cell carcinoma,malignant,Model Dermatol,m,melanoma_vs_rest,FALSE,FALSE,0.19,1
1dcc2fb45c366dafbb1f45c0e8afd3bd,5,V-VI,basal cell carcinoma,malignant,Model Dermatol,m,basal_cell_carcinoma_vs_rest,TRUE,FALSE,0.06,0
1dcc2fb45c366dafbb1f45c0e8afd3bd,5,V-VI,basal cell carcinoma,malignant,Model Dermatol,m,squamous_cell_carcinoma_vs_rest,FALSE,FALSE,0,1
9255b18c770f58de26221d16839fadb2,5,V-VI,basal cell carcinoma,malignant,Model Dermatol,m,malignant_vs_benign,TRUE,TRUE,0.65,1
9255b18c770f58de26221d16839fadb2,5,V-VI,basal cell carcinoma,malignant,Model Dermatol,m,melanoma_vs_rest,FALSE,TRUE,0.54,0
9255b18c770f58de26221d16839fadb2,5,V-VI,basal cell carcinoma,malignant,Model Dermatol,m,basal_cell_carcinoma_vs_rest,TRUE,TRUE,0.65,1
9255b18c770f58de26221d16839fadb2,5,V-VI,basal cell carcinoma,malignant,Model Dermatol,m,squamous_cell_carcinoma_vs_rest,FALSE,TRUE,0.54,0
915d7fa381560d5b77f1e37cd1c37206,5,V-VI,basal cell carcinoma,malignant,Model Dermatol,m,malignant_vs_benign,TRUE,FALSE,0,0
915d7fa381560d5b77f1e37cd1c37206,5,V-VI,basal cell carcinoma,malignant,Model Dermatol,m,melanoma_vs_rest,FALSE,FALSE,0,1
915d7fa381560d5b77f1e37cd1c37206,5,V-VI,basal cell carcinoma,malignant,Model Dermatol,m,basal_cell_carcinoma_vs_rest,TRUE,FALSE,0,0
915d7fa381560d5b77f1e37cd1c37206,5,V-VI,basal cell carcinoma,malignant,Model Dermatol,m,squamous_cell_carcinoma_vs_rest,FALSE,FALSE,0,1
032b3adb839c23047aedc87707ff978e,5,V-VI,basal cell carcinoma,malignant,Model Dermatol,m,malignant_vs_benign,TRUE,TRUE,0.8,1
032b3adb839c23047aedc87707ff978e,5,V-VI,basal cell carcinoma,malignant,Model Dermatol,m,melanoma_vs_rest,FALSE,TRUE,0.65,0
032b3adb839c23047aedc87707ff978e,5,V-VI,basal cell carcinoma,malignant,Model Dermatol,m,basal_cell_carcinoma_vs_rest,TRUE,TRUE,0.8,1
032b3adb839c23047aedc87707ff978e,5,V-VI,basal cell carcinoma,malignant,Model Dermatol,m,squamous_cell_carcinoma_vs_rest,FALSE,TRUE,0.65,0
89867feafae04841becf921893861722,5,V-VI,basal cell carcinoma,malignant,Model Dermatol,m,malignant_vs_benign,TRUE,TRUE,0.24,1
89867feafae04841becf921893861722,5,V-VI,basal cell carcinoma,malignant,Model Dermatol,m,melanoma_vs_rest,FALSE,TRUE,0.24,0
89867feafae04841becf921893861722,5,V-VI,basal cell carcinoma,malignant,Model Dermatol,m,basal_cell_carcinoma_vs_rest,TRUE,TRUE,0.24,1
89867feafae04841becf921893861722,5,V-VI,basal cell carcinoma,malignant,Model Dermatol,m,squamous_cell_carcinoma_vs_rest,FALSE,TRUE,0.24,0
849d862189a58f44a063ee6ba1a80b1b,5,V-VI,basal cell carcinoma,malignant,Model Dermatol,m,malignant_vs_benign,TRUE,TRUE,0.91,1
849d862189a58f44a063ee6ba1a80b1b,5,V-VI,basal cell carcinoma,malignant,Model Dermatol,m,melanoma_vs_rest,FALSE,TRUE,0.8,0
849d862189a58f44a063ee6ba1a80b1b,5,V-VI,basal cell carcinoma,malignant,Model Dermatol,m,basal_cell_carcinoma_vs_rest,TRUE,TRUE,0.91,1
849d862189a58f44a063ee6ba1a80b1b,5,V-VI,basal cell carcinoma,malignant,Model Dermatol,m,squamous_cell_carcinoma_vs_rest,FALSE,TRUE,0.8,0
9209a4be6a83500ae0c536cc16386284,5,V-VI,basal cell carcinoma,malignant,Model Dermatol,m,malignant_vs_benign,TRUE,TRUE,0.65,1
9209a4be6a83500ae0c536cc16386284,5,V-VI,basal cell carcinoma,malignant,Model Dermatol,m,melanoma_vs_rest,FALSE,TRUE,0.6,0
9209a4be6a83500ae0c536cc16386284,5,V-VI,basal cell carcinoma,malignant,Model Dermatol,m,basal_cell_carcinoma_vs_rest,TRUE,TRUE,0.65,1
9209a4be6a83500ae0c536cc16386284,5,V-VI,basal cell carcinoma,malignant,Model Dermatol,m,squamous_cell_carcinoma_vs_rest,FALSE,TRUE,0.6,0
94646305d86635230c4eb1763bb043bc,5,V-VI,basal cell carcinoma,malignant,Model Dermatol,m,malignant_vs_benign,TRUE,TRUE,0.74,1
94646305d86635230c4eb1763bb043bc,5,V-VI,basal cell carcinoma,malignant,Model Dermatol,m,melanoma_vs_rest,FALSE,TRUE,0.67,0
94646305d86635230c4eb1763bb043bc,5,V-VI,basal cell carcinoma,malignant,Model Dermatol,m,basal_cell_carcinoma_vs_rest,TRUE,TRUE,0.74,1
94646305d86635230c4eb1763bb043bc,5,V-VI,basal cell carcinoma,malignant,Model Dermatol,m,squamous_cell_carcinoma_vs_rest,FALSE,TRUE,0.67,0
5f1a4d80fdc87563f3cc7174241c3477,5,V-VI,basal cell carcinoma,malignant,Model Dermatol,m,malignant_vs_benign,TRUE,TRUE,0.91,1
5f1a4d80fdc87563f3cc7174241c3477,5,V-VI,basal cell carcinoma,malignant,Model Dermatol,m,melanoma_vs_rest,FALSE,TRUE,0.79,0
5f1a4d80fdc87563f3cc7174241c3477,5,V-VI,basal cell carcinoma,malignant,Model Dermatol,m,basal_cell_carcinoma_vs_rest,TRUE,TRUE,0.91,1
5f1a4d80fdc87563f3cc7174241c3477,5,V-VI,basal cell carcinoma,malignant,Model Dermatol,m,squamous_cell_carcinoma_vs_rest,FALSE,TRUE,0.79,0
49ed416e5f1dc646ecbaf99b23b48095,5,V-VI,basal cell carcinoma,malignant,Model Dermatol,m,malignant_vs_benign,TRUE,TRUE,0.84,1
49ed416e5f1dc646ecbaf99b23b48095,5,V-VI,basal cell carcinoma,malignant,Model Dermatol,m,melanoma_vs_rest,FALSE,TRUE,0.84,0
49ed416e5f1dc646ecbaf99b23b48095,5,V-VI,basal cell carcinoma,malignant,Model Dermatol,m,basal_cell_carcinoma_vs_rest,TRUE,TRUE,0.84,1
49ed416e5f1dc646ecbaf99b23b48095,5,V-VI,basal cell carcinoma,malignant,Model Dermatol,m,squamous_cell_carcinoma_vs_rest,FALSE,TRUE,0.84,0
b02abb6e18e64ffd99083dcf884ad75a,6,V-VI,basal cell carcinoma,malignant,Model Dermatol,m,malignant_vs_benign,TRUE,TRUE,0.46,1
b02abb6e18e64ffd99083dcf884ad75a,6,V-VI,basal cell carcinoma,malignant,Model Dermatol,m,melanoma_vs_rest,FALSE,TRUE,0.36,0
b02abb6e18e64ffd99083dcf884ad75a,6,V-VI,basal cell carcinoma,malignant,Model Dermatol,m,basal_cell_carcinoma_vs_rest,TRUE,TRUE,0.46,1
b02abb6e18e64ffd99083dcf884ad75a,6,V-VI,basal cell carcinoma,malignant,Model Dermatol,m,squamous_cell_carcinoma_vs_rest,FALSE,TRUE,0.36,0
2cc47698a46f2371a31a5a5a547de03a,6,V-VI,basal cell carcinoma,malignant,Model Dermatol,m,malignant_vs_benign,TRUE,TRUE,0.53,1
2cc47698a46f2371a31a5a5a547de03a,6,V-VI,basal cell carcinoma,malignant,Model Dermatol,m,melanoma_vs_rest,FALSE,TRUE,0.51,0
2cc47698a46f2371a31a5a5a547de03a,6,V-VI,basal cell carcinoma,malignant,Model Dermatol,m,basal_cell_carcinoma_vs_rest,TRUE,TRUE,0.53,1
2cc47698a46f2371a31a5a5a547de03a,6,V-VI,basal cell carcinoma,malignant,Model Dermatol,m,squamous_cell_carcinoma_vs_rest,FALSE,TRUE,0.51,0
a1d96dfd1897917119021000c1f9a5af,6,V-VI,basal cell carcinoma,malignant,Model Dermatol,m,malignant_vs_benign,TRUE,TRUE,0.71,1
a1d96dfd1897917119021000c1f9a5af,6,V-VI,basal cell carcinoma,malignant,Model Dermatol,m,melanoma_vs_rest,FALSE,TRUE,0.55,0
a1d96dfd1897917119021000c1f9a5af,6,V-VI,basal cell carcinoma,malignant,Model Dermatol,m,basal_cell_carcinoma_vs_rest,TRUE,TRUE,0.71,1
a1d96dfd1897917119021000c1f9a5af,6,V-VI,basal cell carcinoma,malignant,Model Dermatol,m,squamous_cell_carcinoma_vs_rest,FALSE,TRUE,0.55,0
16e8de6bd449154d0823adddef933b73,1,I-II,melanoma spectrum,malignant,Model Dermatol,m,malignant_vs_benign,TRUE,TRUE,0.21,1
16e8de6bd449154d0823adddef933b73,1,I-II,melanoma spectrum,malignant,Model Dermatol,m,melanoma_vs_rest,TRUE,TRUE,0.21,1
16e8de6bd449154d0823adddef933b73,1,I-II,melanoma spectrum,malignant,Model Dermatol,m,basal_cell_carcinoma_vs_rest,FALSE,TRUE,0.21,0
16e8de6bd449154d0823adddef933b73,1,I-II,melanoma spectrum,malignant,Model Dermatol,m,squamous_cell_carcinoma_vs_rest,FALSE,TRUE,0.21,0
e170d124649f3cddf0e8d2ac7a4e597f,1,I-II,melanoma spectrum,malignant,Model Dermatol,m,malignant_vs_benign,TRUE,TRUE,0.66,1
e170d124649f3cddf0e8d2ac7a4e597f,1,I-II,melanoma spectrum,malignant,Model Dermatol,m,melanoma_vs_rest,TRUE,TRUE,0.66,1
e170d124649f3cddf0e8d2ac7a4e597f,1,I-II,melanoma spectrum,malignant,Model Dermatol,m,basal_cell_carcinoma_vs_rest,FALSE,TRUE,0.66,0
e170d124649f3cddf0e8d2ac7a4e597f,1,I-II,melanoma spectrum,malignant,Model Dermatol,m,squamous_cell_carcinoma_vs_rest,FALSE,TRUE,0.66,0
c12375fa8da3696e9198df1fd74703c1,1,I-II,melanoma spectrum,malignant,Model Dermatol,m,malignant_vs_benign,TRUE,TRUE,0.49,1
c12375fa8da3696e9198df1fd74703c1,1,I-II,melanoma spectrum,malignant,Model Dermatol,m,melanoma_vs_rest,TRUE,TRUE,0.49,1
c12375fa8da3696e9198df1fd74703c1,1,I-II,melanoma spectrum,malignant,Model Dermatol,m,basal_cell_carcinoma_vs_rest,FALSE,TRUE,0.36,0
c12375fa8da3696e9198df1fd74703c1,1,I-II,melanoma spectrum,malignant,Model Dermatol,m,squamous_cell_carcinoma_vs_rest,FALSE,TRUE,0.36,0
b222feca6ef56a50502589690b14cb1a,1,I-II,melanoma spectrum,malignant,Model Dermatol,m,malignant_vs_benign,TRUE,TRUE,0.45,1
b222feca6ef56a50502589690b14cb1a,1,I-II,melanoma spectrum,malignant,Model Dermatol,m,melanoma_vs_rest,TRUE,TRUE,0.45,1
b222feca6ef56a50502589690b14cb1a,1,I-II,melanoma spectrum,malignant,Model Dermatol,m,basal_cell_carcinoma_vs_rest,FALSE,TRUE,0.45,0
b222feca6ef56a50502589690b14cb1a,1,I-II,melanoma spectrum,malignant,Model Dermatol,m,squamous_cell_carcinoma_vs_rest,FALSE,TRUE,0.45,0
0fc62c72c433cd6f7ff35d6ba510ac48,1,I-II,melanoma spectrum,malignant,Model Dermatol,m,malignant_vs_benign,TRUE,FALSE,0,0
0fc62c72c433cd6f7ff35d6ba510ac48,1,I-II,melanoma spectrum,malignant,Model Dermatol,m,melanoma_vs_rest,TRUE,FALSE,0,0
0fc62c72c433cd6f7ff35d6ba510ac48,1,I-II,melanoma spectrum,malignant,Model Dermatol,m,basal_cell_carcinoma_vs_rest,FALSE,FALSE,0,1
0fc62c72c433cd6f7ff35d6ba510ac48,1,I-II,melanoma spectrum,malignant,Model Dermatol,m,squamous_cell_carcinoma_vs_rest,FALSE,FALSE,0,1
fc6e05f39ad27f0d3717f4fb51e607ef,1,I-II,melanoma spectrum,malignant,Model Dermatol,m,malignant_vs_benign,TRUE,TRUE,0.98,1
fc6e05f39ad27f0d3717f4fb51e607ef,1,I-II,melanoma spectrum,malignant,Model Dermatol,m,melanoma_vs_rest,TRUE,TRUE,0.98,1
fc6e05f39ad27f0d3717f4fb51e607ef,1,I-II,melanoma spectrum,malignant,Model Dermatol,m,basal_cell_carcinoma_vs_rest,FALSE,TRUE,0.84,0
fc6e05f39ad27f0d3717f4fb51e607ef,1,I-II,melanoma spectrum,malignant,Model Dermatol,m,squamous_cell_carcinoma_vs_rest,FALSE,TRUE,0.84,0
e4e6247b65749ac9939b1465693e9bfb,1,I-II,melanoma spectrum,malignant,Model Dermatol,m,malignant_vs_benign,TRUE,TRUE,0.51,1
e4e6247b65749ac9939b1465693e9bfb,1,I-II,melanoma spectrum,malignant,Model Dermatol,m,melanoma_vs_rest,TRUE,TRUE,0.51,1
e4e6247b65749ac9939b1465693e9bfb,1,I-II,melanoma spectrum,malignant,Model Dermatol,m,basal_cell_carcinoma_vs_rest,FALSE,TRUE,0.51,0
e4e6247b65749ac9939b1465693e9bfb,1,I-II,melanoma spectrum,malignant,Model Dermatol,m,squamous_cell_carcinoma_vs_rest,FALSE,TRUE,0.51,0
361c860d6d11345eb0d14b6ff560a952,1,I-II,melanoma spectrum,malignant,Model Dermatol,m,malignant_vs_benign,TRUE,FALSE,0,0
361c860d6d11345eb0d14b6ff560a952,1,I-II,melanoma spectrum,malignant,Model Dermatol,m,melanoma_vs_rest,TRUE,FALSE,0,0
361c860d6d11345eb0d14b6ff560a952,1,I-II,melanoma spectrum,malignant,Model Dermatol,m,basal_cell_carcinoma_vs_rest,FALSE,FALSE,0,1
361c860d6d11345eb0d14b6ff560a952,1,I-II,melanoma spectrum,malignant,Model Dermatol,m,squamous_cell_carcinoma_vs_rest,FALSE,FALSE,0,1
98a86bd0a6b6d31cc399703220627eab,1,I-II,melanoma spectrum,malignant,Model Dermatol,m,malignant_vs_benign,TRUE,FALSE,0,0
98a86bd0a6b6d31cc399703220627eab,1,I-II,melanoma spectrum,malignant,Model Dermatol,m,melanoma_vs_rest,TRUE,FALSE,0,0
98a86bd0a6b6d31cc399703220627eab,1,I-II,melanoma spectrum,malignant,Model Dermatol,m,basal_cell_carcinoma_vs_rest,FALSE,FALSE,0,1
98a86bd0a6b6d31cc399703220627eab,1,I-II,melanoma spectrum,malignant,Model Dermatol,m,squamous_cell_carcinoma_vs_rest,FALSE,FALSE,0,1
1e7a332c75655b759c774efeac3d9dcc,1,I-II,melanoma spectrum,malignant,Model Dermatol,m,malignant_vs_benign,TRUE,FALSE,0,0
1e7a332c75655b759c774efeac3d9dcc,1,I-II,melanoma spectrum,malignant,Model Dermatol,m,melanoma_vs_rest,TRUE,FALSE,0,0
1e7a332c75655b759c774efeac3d9dcc,1,I-II,melanoma spectrum,malignant,Model Dermatol,m,basal_cell_carcinoma_vs_rest,FALSE,FALSE,0,1
1e7a332c75655b759c774efeac3d9dcc,1,I-II,melanoma spectrum,malignant,Model Dermatol,m,squamous_cell_carcinoma_vs_rest,FALSE,FALSE,0,1
203f72e12bfd9132ba8f843eaa9a894f,2,I-II,melanoma spectrum,malignant,Model Dermatol,m,malignant_vs_benign,TRUE,FALSE,0,0
203f72e12bfd9132ba8f843eaa9a894f,2,I-II,melanoma spectrum,malignant,Model Dermatol,m,melanoma_vs_rest,TRUE,FALSE,0,0
203f72e12bfd9132ba8f843eaa9a894f,2,I-II,melanoma spectrum,malignant,Model Dermatol,m,basal_cell_carcinoma_vs_rest,FALSE,FALSE,0,1
203f72e12bfd9132ba8f843eaa9a894f,2,I-II,melanoma spectrum,malignant,Model Dermatol,m,squamous_cell_carcinoma_vs_rest,FALSE,FALSE,0,1
163d9c550fad4704990a3d1b8183d0f8,2,I-II,melanoma spectrum,malignant,Model Dermatol,m,malignant_vs_benign,TRUE,FALSE,0,0
163d9c550fad4704990a3d1b8183d0f8,2,I-II,melanoma spectrum,malignant,Model Dermatol,m,melanoma_vs_rest,TRUE,FALSE,0,0
163d9c550fad4704990a3d1b8183d0f8,2,I-II,melanoma spectrum,malignant,Model Dermatol,m,basal_cell_carcinoma_vs_rest,FALSE,FALSE,0,1
163d9c550fad4704990a3d1b8183d0f8,2,I-II,melanoma spectrum,malignant,Model Dermatol,m,squamous_cell_carcinoma_vs_rest,FALSE,FALSE,0,1
c05b03bcef867fca1e842f5226089b2c,2,I-II,melanoma spectrum,malignant,Model Dermatol,m,malignant_vs_benign,TRUE,FALSE,0.04,0
c05b03bcef867fca1e842f5226089b2c,2,I-II,melanoma spectrum,malignant,Model Dermatol,m,melanoma_vs_rest,TRUE,FALSE,0.04,0
c05b03bcef867fca1e842f5226089b2c,2,I-II,melanoma spectrum,malignant,Model Dermatol,m,basal_cell_carcinoma_vs_rest,FALSE,FALSE,0,1
c05b03bcef867fca1e842f5226089b2c,2,I-II,melanoma spectrum,malignant,Model Dermatol,m,squamous_cell_carcinoma_vs_rest,FALSE,FALSE,0,1
62d277784521ca0bc25d6e91268b3c71,2,I-II,melanoma spectrum,malignant,Model Dermatol,m,malignant_vs_benign,TRUE,TRUE,0.95,1
62d277784521ca0bc25d6e91268b3c71,2,I-II,melanoma spectrum,malignant,Model Dermatol,m,melanoma_vs_rest,TRUE,TRUE,0.95,1
62d277784521ca0bc25d6e91268b3c71,2,I-II,melanoma spectrum,malignant,Model Dermatol,m,basal_cell_carcinoma_vs_rest,FALSE,TRUE,0.77,0
62d277784521ca0bc25d6e91268b3c71,2,I-II,melanoma spectrum,malignant,Model Dermatol,m,squamous_cell_carcinoma_vs_rest,FALSE,TRUE,0.77,0
cc2bd788c5212e2ec7e0869b9e9279e5,2,I-II,melanoma spectrum,malignant,Model Dermatol,m,malignant_vs_benign,TRUE,FALSE,0,0
cc2bd788c5212e2ec7e0869b9e9279e5,2,I-II,melanoma spectrum,malignant,Model Dermatol,m,melanoma_vs_rest,TRUE,FALSE,0,0
cc2bd788c5212e2ec7e0869b9e9279e5,2,I-II,melanoma spectrum,malignant,Model Dermatol,m,basal_cell_carcinoma_vs_rest,FALSE,FALSE,0,1
cc2bd788c5212e2ec7e0869b9e9279e5,2,I-II,melanoma spectrum,malignant,Model Dermatol,m,squamous_cell_carcinoma_vs_rest,FALSE,FALSE,0,1
c8e15692cc70579b3ca3b0cf8236ac0d,2,I-II,melanoma spectrum,malignant,Model Dermatol,m,malignant_vs_benign,TRUE,TRUE,1,1
c8e15692cc70579b3ca3b0cf8236ac0d,2,I-II,melanoma spectrum,malignant,Model Dermatol,m,melanoma_vs_rest,TRUE,TRUE,1,1
c8e15692cc70579b3ca3b0cf8236ac0d,2,I-II,melanoma spectrum,malignant,Model Dermatol,m,basal_cell_carcinoma_vs_rest,FALSE,TRUE,0.93,0
c8e15692cc70579b3ca3b0cf8236ac0d,2,I-II,melanoma spectrum,malignant,Model Dermatol,m,squamous_cell_carcinoma_vs_rest,FALSE,TRUE,0.93,0
1400a56e8de2b64427acf3ba96895ded,2,I-II,melanoma spectrum,malignant,Model Dermatol,m,malignant_vs_benign,TRUE,FALSE,0,0
1400a56e8de2b64427acf3ba96895ded,2,I-II,melanoma spectrum,malignant,Model Dermatol,m,melanoma_vs_rest,TRUE,FALSE,0,0
1400a56e8de2b64427acf3ba96895ded,2,I-II,melanoma spectrum,malignant,Model Dermatol,m,basal_cell_carcinoma_vs_rest,FALSE,FALSE,0,1
1400a56e8de2b64427acf3ba96895ded,2,I-II,melanoma spectrum,malignant,Model Dermatol,m,squamous_cell_carcinoma_vs_rest,FALSE,FALSE,0,1
85f9b49f753224a9a20c6fb66169335b,2,I-II,melanoma spectrum,malignant,Model Dermatol,m,malignant_vs_benign,TRUE,TRUE,0.74,1
85f9b49f753224a9a20c6fb66169335b,2,I-II,melanoma spectrum,malignant,Model Dermatol,m,melanoma_vs_rest,TRUE,TRUE,0.74,1
85f9b49f753224a9a20c6fb66169335b,2,I-II,melanoma spectrum,malignant,Model Dermatol,m,basal_cell_carcinoma_vs_rest,FALSE,TRUE,0.57,0
85f9b49f753224a9a20c6fb66169335b,2,I-II,melanoma spectrum,malignant,Model Dermatol,m,squamous_cell_carcinoma_vs_rest,FALSE,TRUE,0.57,0
40322591e45e91f55f0ba4daff917d1f,2,I-II,melanoma spectrum,malignant,Model Dermatol,m,malignant_vs_benign,TRUE,FALSE,0.04,0
40322591e45e91f55f0ba4daff917d1f,2,I-II,melanoma spectrum,malignant,Model Dermatol,m,melanoma_vs_rest,TRUE,FALSE,0.04,0
40322591e45e91f55f0ba4daff917d1f,2,I-II,melanoma spectrum,malignant,Model Dermatol,m,basal_cell_carcinoma_vs_rest,FALSE,FALSE,0,1
40322591e45e91f55f0ba4daff917d1f,2,I-II,melanoma spectrum,malignant,Model Dermatol,m,squamous_cell_carcinoma_vs_rest,FALSE,FALSE,0,1
098d28da6fe1db559126d701d74fc8e0,2,I-II,melanoma spectrum,malignant,Model Dermatol,m,malignant_vs_benign,TRUE,TRUE,0.58,1
098d28da6fe1db559126d701d74fc8e0,2,I-II,melanoma spectrum,malignant,Model Dermatol,m,melanoma_vs_rest,TRUE,TRUE,0.58,1
098d28da6fe1db559126d701d74fc8e0,2,I-II,melanoma spectrum,malignant,Model Dermatol,m,basal_cell_carcinoma_vs_rest,FALSE,TRUE,0.49,0
098d28da6fe1db559126d701d74fc8e0,2,I-II,melanoma spectrum,malignant,Model Dermatol,m,squamous_cell_carcinoma_vs_rest,FALSE,TRUE,0.49,0
f0758a39abe4ef22f174aa6e68689459,3,III-IV,melanoma spectrum,malignant,Model Dermatol,m,malignant_vs_benign,TRUE,FALSE,0,0
f0758a39abe4ef22f174aa6e68689459,3,III-IV,melanoma spectrum,malignant,Model Dermatol,m,melanoma_vs_rest,TRUE,FALSE,0,0
f0758a39abe4ef22f174aa6e68689459,3,III-IV,melanoma spectrum,malignant,Model Dermatol,m,basal_cell_carcinoma_vs_rest,FALSE,FALSE,0,1
f0758a39abe4ef22f174aa6e68689459,3,III-IV,melanoma spectrum,malignant,Model Dermatol,m,squamous_cell_carcinoma_vs_rest,FALSE,FALSE,0,1
6c01e05cf7c76a641b92bb4b7383d27b,3,III-IV,melanoma spectrum,malignant,Model Dermatol,m,malignant_vs_benign,TRUE,FALSE,0.11,0
6c01e05cf7c76a641b92bb4b7383d27b,3,III-IV,melanoma spectrum,malignant,Model Dermatol,m,melanoma_vs_rest,TRUE,FALSE,0.11,0
6c01e05cf7c76a641b92bb4b7383d27b,3,III-IV,melanoma spectrum,malignant,Model Dermatol,m,basal_cell_carcinoma_vs_rest,FALSE,FALSE,0,1
6c01e05cf7c76a641b92bb4b7383d27b,3,III-IV,melanoma spectrum,malignant,Model Dermatol,m,squamous_cell_carcinoma_vs_rest,FALSE,FALSE,0,1
bfb6b1bace873ed26a0f69d6bfde27ba,3,III-IV,melanoma spectrum,malignant,Model Dermatol,m,malignant_vs_benign,TRUE,FALSE,0,0
bfb6b1bace873ed26a0f69d6bfde27ba,3,III-IV,melanoma spectrum,malignant,Model Dermatol,m,melanoma_vs_rest,TRUE,FALSE,0,0
bfb6b1bace873ed26a0f69d6bfde27ba,3,III-IV,melanoma spectrum,malignant,Model Dermatol,m,basal_cell_carcinoma_vs_rest,FALSE,FALSE,0,1
bfb6b1bace873ed26a0f69d6bfde27ba,3,III-IV,melanoma spectrum,malignant,Model Dermatol,m,squamous_cell_carcinoma_vs_rest,FALSE,FALSE,0,1
16732968b8b8bf0e9dc529bb65031adf,3,III-IV,melanoma spectrum,malignant,Model Dermatol,m,malignant_vs_benign,TRUE,TRUE,0.84,1
16732968b8b8bf0e9dc529bb65031adf,3,III-IV,melanoma spectrum,malignant,Model Dermatol,m,melanoma_vs_rest,TRUE,TRUE,0.84,1
16732968b8b8bf0e9dc529bb65031adf,3,III-IV,melanoma spectrum,malignant,Model Dermatol,m,basal_cell_carcinoma_vs_rest,FALSE,TRUE,0.67,0
16732968b8b8bf0e9dc529bb65031adf,3,III-IV,melanoma spectrum,malignant,Model Dermatol,m,squamous_cell_carcinoma_vs_rest,FALSE,TRUE,0.67,0
38c5bd7619923f1297d3b49cebd1bd85,3,III-IV,melanoma spectrum,malignant,Model Dermatol,m,malignant_vs_benign,TRUE,TRUE,0.46,1
38c5bd7619923f1297d3b49cebd1bd85,3,III-IV,melanoma spectrum,malignant,Model Dermatol,m,melanoma_vs_rest,TRUE,TRUE,0.46,1
38c5bd7619923f1297d3b49cebd1bd85,3,III-IV,melanoma spectrum,malignant,Model Dermatol,m,basal_cell_carcinoma_vs_rest,FALSE,TRUE,0.34,0
38c5bd7619923f1297d3b49cebd1bd85,3,III-IV,melanoma spectrum,malignant,Model Dermatol,m,squamous_cell_carcinoma_vs_rest,FALSE,TRUE,0.34,0
079c3dd9e4b48d119bcdcfc024558128,3,III-IV,melanoma spectrum,malignant,Model Dermatol,m,malignant_vs_benign,TRUE,FALSE,0,0
079c3dd9e4b48d119bcdcfc024558128,3,III-IV,melanoma spectrum,malignant,Model Dermatol,m,melanoma_vs_rest,TRUE,FALSE,0,0
079c3dd9e4b48d119bcdcfc024558128,3,III-IV,melanoma spectrum,malignant,Model Dermatol,m,basal_cell_carcinoma_vs_rest,FALSE,FALSE,0,1
079c3dd9e4b48d119bcdcfc024558128,3,III-IV,melanoma spectrum,malignant,Model Dermatol,m,squamous_cell_carcinoma_vs_rest,FALSE,FALSE,0,1
2004c88f0aba56122257c4f71e67c719,3,III-IV,melanoma spectrum,malignant,Model Dermatol,m,malignant_vs_benign,TRUE,TRUE,0.57,1
2004c88f0aba56122257c4f71e67c719,3,III-IV,melanoma spectrum,malignant,Model Dermatol,m,melanoma_vs_rest,TRUE,TRUE,0.57,1
2004c88f0aba56122257c4f71e67c719,3,III-IV,melanoma spectrum,malignant,Model Dermatol,m,basal_cell_carcinoma_vs_rest,FALSE,TRUE,0.42,0
2004c88f0aba56122257c4f71e67c719,3,III-IV,melanoma spectrum,malignant,Model Dermatol,m,squamous_cell_carcinoma_vs_rest,FALSE,TRUE,0.42,0
6744db78a0f5c8b6a5ce65df24cb7473,3,III-IV,melanoma spectrum,malignant,Model Dermatol,m,malignant_vs_benign,TRUE,TRUE,0.97,1
6744db78a0f5c8b6a5ce65df24cb7473,3,III-IV,melanoma spectrum,malignant,Model Dermatol,m,melanoma_vs_rest,TRUE,TRUE,0.97,1
6744db78a0f5c8b6a5ce65df24cb7473,3,III-IV,melanoma spectrum,malignant,Model Dermatol,m,basal_cell_carcinoma_vs_rest,FALSE,TRUE,0.8,0
6744db78a0f5c8b6a5ce65df24cb7473,3,III-IV,melanoma spectrum,malignant,Model Dermatol,m,squamous_cell_carcinoma_vs_rest,FALSE,TRUE,0.8,0
68528c33db3fc238d183b5d2c14d6f75,3,III-IV,melanoma spectrum,malignant,Model Dermatol,m,malignant_vs_benign,TRUE,FALSE,0,0
68528c33db3fc238d183b5d2c14d6f75,3,III-IV,melanoma spectrum,malignant,Model Dermatol,m,melanoma_vs_rest,TRUE,FALSE,0,0
68528c33db3fc238d183b5d2c14d6f75,3,III-IV,melanoma spectrum,malignant,Model Dermatol,m,basal_cell_carcinoma_vs_rest,FALSE,FALSE,0,1
68528c33db3fc238d183b5d2c14d6f75,3,III-IV,melanoma spectrum,malignant,Model Dermatol,m,squamous_cell_carcinoma_vs_rest,FALSE,FALSE,0,1
80af44814ea5730ac2e9ba49971ed054,3,III-IV,melanoma spectrum,malignant,Model Dermatol,m,malignant_vs_benign,TRUE,TRUE,0.62,1
80af44814ea5730ac2e9ba49971ed054,3,III-IV,melanoma spectrum,malignant,Model Dermatol,m,melanoma_vs_rest,TRUE,TRUE,0.52,1
80af44814ea5730ac2e9ba49971ed054,3,III-IV,melanoma spectrum,malignant,Model Dermatol,m,basal_cell_carcinoma_vs_rest,FALSE,TRUE,0.62,0
80af44814ea5730ac2e9ba49971ed054,3,III-IV,melanoma spectrum,malignant,Model Dermatol,m,squamous_cell_carcinoma_vs_rest,FALSE,TRUE,0.52,0
031906ece1abcde6af5ef82780ea3034,4,III-IV,melanoma spectrum,malignant,Model Dermatol,m,malignant_vs_benign,TRUE,FALSE,0.13,0
031906ece1abcde6af5ef82780ea3034,4,III-IV,melanoma spectrum,malignant,Model Dermatol,m,melanoma_vs_rest,TRUE,FALSE,0.13,0
031906ece1abcde6af5ef82780ea3034,4,III-IV,melanoma spectrum,malignant,Model Dermatol,m,basal_cell_carcinoma_vs_rest,FALSE,FALSE,0,1
031906ece1abcde6af5ef82780ea3034,4,III-IV,melanoma spectrum,malignant,Model Dermatol,m,squamous_cell_carcinoma_vs_rest,FALSE,FALSE,0,1
44dd09cec3d8e1a42c64235346e4d062,4,III-IV,melanoma spectrum,malignant,Model Dermatol,m,malignant_vs_benign,TRUE,FALSE,0.09,0
44dd09cec3d8e1a42c64235346e4d062,4,III-IV,melanoma spectrum,malignant,Model Dermatol,m,melanoma_vs_rest,TRUE,FALSE,0.09,0
44dd09cec3d8e1a42c64235346e4d062,4,III-IV,melanoma spectrum,malignant,Model Dermatol,m,basal_cell_carcinoma_vs_rest,FALSE,FALSE,0.08,1
44dd09cec3d8e1a42c64235346e4d062,4,III-IV,melanoma spectrum,malignant,Model Dermatol,m,squamous_cell_carcinoma_vs_rest,FALSE,FALSE,0,1
1d78d91cb196cb45b40c615cbf7a94ff,4,III-IV,melanoma spectrum,malignant,Model Dermatol,m,malignant_vs_benign,TRUE,TRUE,0.75,1
1d78d91cb196cb45b40c615cbf7a94ff,4,III-IV,melanoma spectrum,malignant,Model Dermatol,m,melanoma_vs_rest,TRUE,TRUE,0.75,1
1d78d91cb196cb45b40c615cbf7a94ff,4,III-IV,melanoma spectrum,malignant,Model Dermatol,m,basal_cell_carcinoma_vs_rest,FALSE,TRUE,0.6,0
1d78d91cb196cb45b40c615cbf7a94ff,4,III-IV,melanoma spectrum,malignant,Model Dermatol,m,squamous_cell_carcinoma_vs_rest,FALSE,TRUE,0.6,0
25f0286ffedff3a8a17bcdb8f220cdaf,4,III-IV,melanoma spectrum,malignant,Model Dermatol,m,malignant_vs_benign,TRUE,FALSE,0,0
25f0286ffedff3a8a17bcdb8f220cdaf,4,III-IV,melanoma spectrum,malignant,Model Dermatol,m,melanoma_vs_rest,TRUE,FALSE,0,0
25f0286ffedff3a8a17bcdb8f220cdaf,4,III-IV,melanoma spectrum,malignant,Model Dermatol,m,basal_cell_carcinoma_vs_rest,FALSE,FALSE,0,1
25f0286ffedff3a8a17bcdb8f220cdaf,4,III-IV,melanoma spectrum,malignant,Model Dermatol,m,squamous_cell_carcinoma_vs_rest,FALSE,FALSE,0,1
30559e9ff81800fcc4e2819d89988b88,4,III-IV,melanoma spectrum,malignant,Model Dermatol,m,malignant_vs_benign,TRUE,TRUE,0.51,1
30559e9ff81800fcc4e2819d89988b88,4,III-IV,melanoma spectrum,malignant,Model Dermatol,m,melanoma_vs_rest,TRUE,TRUE,0.51,1
30559e9ff81800fcc4e2819d89988b88,4,III-IV,melanoma spectrum,malignant,Model Dermatol,m,basal_cell_carcinoma_vs_rest,FALSE,TRUE,0.38,0
30559e9ff81800fcc4e2819d89988b88,4,III-IV,melanoma spectrum,malignant,Model Dermatol,m,squamous_cell_carcinoma_vs_rest,FALSE,TRUE,0.38,0
3b36608c5ee59c5c9d86d64fb5309007,4,III-IV,melanoma spectrum,malignant,Model Dermatol,m,malignant_vs_benign,TRUE,TRUE,0.89,1
3b36608c5ee59c5c9d86d64fb5309007,4,III-IV,melanoma spectrum,malignant,Model Dermatol,m,melanoma_vs_rest,TRUE,TRUE,0.89,1
3b36608c5ee59c5c9d86d64fb5309007,4,III-IV,melanoma spectrum,malignant,Model Dermatol,m,basal_cell_carcinoma_vs_rest,FALSE,TRUE,0.7,0
3b36608c5ee59c5c9d86d64fb5309007,4,III-IV,melanoma spectrum,malignant,Model Dermatol,m,squamous_cell_carcinoma_vs_rest,FALSE,TRUE,0.7,0
3f014488acf61087ab152f8dc5fac8b3,4,III-IV,melanoma spectrum,malignant,Model Dermatol,m,malignant_vs_benign,TRUE,TRUE,0.94,1
3f014488acf61087ab152f8dc5fac8b3,4,III-IV,melanoma spectrum,malignant,Model Dermatol,m,melanoma_vs_rest,TRUE,TRUE,0.78,1
3f014488acf61087ab152f8dc5fac8b3,4,III-IV,melanoma spectrum,malignant,Model Dermatol,m,basal_cell_carcinoma_vs_rest,FALSE,TRUE,0.94,0
3f014488acf61087ab152f8dc5fac8b3,4,III-IV,melanoma spectrum,malignant,Model Dermatol,m,squamous_cell_carcinoma_vs_rest,FALSE,TRUE,0.78,0
e64bc4a3e3dfc2db301f0b8c64253da5,4,III-IV,melanoma spectrum,malignant,Model Dermatol,m,malignant_vs_benign,TRUE,TRUE,0.66,1
e64bc4a3e3dfc2db301f0b8c64253da5,4,III-IV,melanoma spectrum,malignant,Model Dermatol,m,melanoma_vs_rest,TRUE,TRUE,0.66,1
e64bc4a3e3dfc2db301f0b8c64253da5,4,III-IV,melanoma spectrum,malignant,Model Dermatol,m,basal_cell_carcinoma_vs_rest,FALSE,TRUE,0.56,0
e64bc4a3e3dfc2db301f0b8c64253da5,4,III-IV,melanoma spectrum,malignant,Model Dermatol,m,squamous_cell_carcinoma_vs_rest,FALSE,TRUE,0.56,0
00f1b7bb9581e91250a2bb224c3321b8,4,III-IV,melanoma spectrum,malignant,Model Dermatol,m,malignant_vs_benign,TRUE,TRUE,0.71,1
00f1b7bb9581e91250a2bb224c3321b8,4,III-IV,melanoma spectrum,malignant,Model Dermatol,m,melanoma_vs_rest,TRUE,TRUE,0.71,1
00f1b7bb9581e91250a2bb224c3321b8,4,III-IV,melanoma spectrum,malignant,Model Dermatol,m,basal_cell_carcinoma_vs_rest,FALSE,TRUE,0.64,0
00f1b7bb9581e91250a2bb224c3321b8,4,III-IV,melanoma spectrum,malignant,Model Dermatol,m,squamous_cell_carcinoma_vs_rest,FALSE,TRUE,0.64,0
be813befb6f1f53ce07c77838af159ea,4,III-IV,melanoma spectrum,malignant,Model Dermatol,m,malignant_vs_benign,TRUE,TRUE,0.91,1
be813befb6f1f53ce07c77838af159ea,4,III-IV,melanoma spectrum,malignant,Model Dermatol,m,melanoma_vs_rest,TRUE,TRUE,0.91,1
be813befb6f1f53ce07c77838af159ea,4,III-IV,melanoma spectrum,malignant,Model Dermatol,m,basal_cell_carcinoma_vs_rest,FALSE,TRUE,0.72,0
be813befb6f1f53ce07c77838af159ea,4,III-IV,melanoma spectrum,malignant,Model Dermatol,m,squamous_cell_carcinoma_vs_rest,FALSE,TRUE,0.72,0
0d8457afebb67905127da37baece43d8,5,V-VI,melanoma spectrum,malignant,Model Dermatol,m,malignant_vs_benign,TRUE,FALSE,0.12,0
0d8457afebb67905127da37baece43d8,5,V-VI,melanoma spectrum,malignant,Model Dermatol,m,melanoma_vs_rest,TRUE,FALSE,0,0
0d8457afebb67905127da37baece43d8,5,V-VI,melanoma spectrum,malignant,Model Dermatol,m,basal_cell_carcinoma_vs_rest,FALSE,FALSE,0,1
0d8457afebb67905127da37baece43d8,5,V-VI,melanoma spectrum,malignant,Model Dermatol,m,squamous_cell_carcinoma_vs_rest,FALSE,FALSE,0,1
1d8fcc49e4dda6868fcf76916fc14405,5,V-VI,melanoma spectrum,malignant,Model Dermatol,m,malignant_vs_benign,TRUE,FALSE,0,0
1d8fcc49e4dda6868fcf76916fc14405,5,V-VI,melanoma spectrum,malignant,Model Dermatol,m,melanoma_vs_rest,TRUE,FALSE,0,0
1d8fcc49e4dda6868fcf76916fc14405,5,V-VI,melanoma spectrum,malignant,Model Dermatol,m,basal_cell_carcinoma_vs_rest,FALSE,FALSE,0,1
1d8fcc49e4dda6868fcf76916fc14405,5,V-VI,melanoma spectrum,malignant,Model Dermatol,m,squamous_cell_carcinoma_vs_rest,FALSE,FALSE,0,1
1ef72998789229d4659d564ba15e7432,5,V-VI,melanoma spectrum,malignant,Model Dermatol,m,malignant_vs_benign,TRUE,FALSE,0,0
1ef72998789229d4659d564ba15e7432,5,V-VI,melanoma spectrum,malignant,Model Dermatol,m,melanoma_vs_rest,TRUE,FALSE,0,0
1ef72998789229d4659d564ba15e7432,5,V-VI,melanoma spectrum,malignant,Model Dermatol,m,basal_cell_carcinoma_vs_rest,FALSE,FALSE,0,1
1ef72998789229d4659d564ba15e7432,5,V-VI,melanoma spectrum,malignant,Model Dermatol,m,squamous_cell_carcinoma_vs_rest,FALSE,FALSE,0,1
37de8e0406609884c1140bf660798d40,5,V-VI,melanoma spectrum,malignant,Model Dermatol,m,malignant_vs_benign,TRUE,FALSE,0.1,0
37de8e0406609884c1140bf660798d40,5,V-VI,melanoma spectrum,malignant,Model Dermatol,m,melanoma_vs_rest,TRUE,FALSE,0.1,0
37de8e0406609884c1140bf660798d40,5,V-VI,melanoma spectrum,malignant,Model Dermatol,m,basal_cell_carcinoma_vs_rest,FALSE,FALSE,0,1
37de8e0406609884c1140bf660798d40,5,V-VI,melanoma spectrum,malignant,Model Dermatol,m,squamous_cell_carcinoma_vs_rest,FALSE,FALSE,0,1
3edf305f280a7b9753a141631b8f3ad9,5,V-VI,melanoma spectrum,malignant,Model Dermatol,m,malignant_vs_benign,TRUE,TRUE,0.59,1
3edf305f280a7b9753a141631b8f3ad9,5,V-VI,melanoma spectrum,malignant,Model Dermatol,m,melanoma_vs_rest,TRUE,TRUE,0.59,1
3edf305f280a7b9753a141631b8f3ad9,5,V-VI,melanoma spectrum,malignant,Model Dermatol,m,basal_cell_carcinoma_vs_rest,FALSE,TRUE,0.45,0
3edf305f280a7b9753a141631b8f3ad9,5,V-VI,melanoma spectrum,malignant,Model Dermatol,m,squamous_cell_carcinoma_vs_rest,FALSE,TRUE,0.45,0
7041e0d82e0d554237bd1e6dc886a81f,5,V-VI,melanoma spectrum,malignant,Model Dermatol,m,malignant_vs_benign,TRUE,TRUE,0.6,1
7041e0d82e0d554237bd1e6dc886a81f,5,V-VI,melanoma spectrum,malignant,Model Dermatol,m,melanoma_vs_rest,TRUE,TRUE,0.6,1
7041e0d82e0d554237bd1e6dc886a81f,5,V-VI,melanoma spectrum,malignant,Model Dermatol,m,basal_cell_carcinoma_vs_rest,FALSE,TRUE,0.47,0
7041e0d82e0d554237bd1e6dc886a81f,5,V-VI,melanoma spectrum,malignant,Model Dermatol,m,squamous_cell_carcinoma_vs_rest,FALSE,TRUE,0.47,0
7d4182584c503100338e00b7b46bcc4b,5,V-VI,melanoma spectrum,malignant,Model Dermatol,m,malignant_vs_benign,TRUE,FALSE,0,0
7d4182584c503100338e00b7b46bcc4b,5,V-VI,melanoma spectrum,malignant,Model Dermatol,m,melanoma_vs_rest,TRUE,FALSE,0,0
7d4182584c503100338e00b7b46bcc4b,5,V-VI,melanoma spectrum,malignant,Model Dermatol,m,basal_cell_carcinoma_vs_rest,FALSE,FALSE,0,1
7d4182584c503100338e00b7b46bcc4b,5,V-VI,melanoma spectrum,malignant,Model Dermatol,m,squamous_cell_carcinoma_vs_rest,FALSE,FALSE,0,1
a9f949191444e250146b49ff8c95c6ac,5,V-VI,melanoma spectrum,malignant,Model Dermatol,m,malignant_vs_benign,TRUE,TRUE,0.43,1
a9f949191444e250146b49ff8c95c6ac,5,V-VI,melanoma spectrum,malignant,Model Dermatol,m,melanoma_vs_rest,TRUE,TRUE,0.43,1
a9f949191444e250146b49ff8c95c6ac,5,V-VI,melanoma spectrum,malignant,Model Dermatol,m,basal_cell_carcinoma_vs_rest,FALSE,TRUE,0.36,0
a9f949191444e250146b49ff8c95c6ac,5,V-VI,melanoma spectrum,malignant,Model Dermatol,m,squamous_cell_carcinoma_vs_rest,FALSE,TRUE,0.36,0
ac04675f4d3943dfcfadd5284c60ef20,5,V-VI,melanoma spectrum,malignant,Model Dermatol,m,malignant_vs_benign,TRUE,FALSE,0,0
ac04675f4d3943dfcfadd5284c60ef20,5,V-VI,melanoma spectrum,malignant,Model Dermatol,m,melanoma_vs_rest,TRUE,FALSE,0,0
ac04675f4d3943dfcfadd5284c60ef20,5,V-VI,melanoma spectrum,malignant,Model Dermatol,m,basal_cell_carcinoma_vs_rest,FALSE,FALSE,0,1
ac04675f4d3943dfcfadd5284c60ef20,5,V-VI,melanoma spectrum,malignant,Model Dermatol,m,squamous_cell_carcinoma_vs_rest,FALSE,FALSE,0,1
d4862d1b866e2c536dde339f60de4f0d,5,V-VI,melanoma spectrum,malignant,Model Dermatol,m,malignant_vs_benign,TRUE,TRUE,0.93,1
d4862d1b866e2c536dde339f60de4f0d,5,V-VI,melanoma spectrum,malignant,Model Dermatol,m,melanoma_vs_rest,TRUE,TRUE,0.93,1
d4862d1b866e2c536dde339f60de4f0d,5,V-VI,melanoma spectrum,malignant,Model Dermatol,m,basal_cell_carcinoma_vs_rest,FALSE,TRUE,0.93,0
d4862d1b866e2c536dde339f60de4f0d,5,V-VI,melanoma spectrum,malignant,Model Dermatol,m,squamous_cell_carcinoma_vs_rest,FALSE,TRUE,0.93,0
eab91c11e20398a89c454717dc5eaa94,5,V-VI,melanoma spectrum,malignant,Model Dermatol,m,malignant_vs_benign,TRUE,FALSE,0.06,0
eab91c11e20398a89c454717dc5eaa94,5,V-VI,melanoma spectrum,malignant,Model Dermatol,m,melanoma_vs_rest,TRUE,FALSE,0,0
eab91c11e20398a89c454717dc5eaa94,5,V-VI,melanoma spectrum,malignant,Model Dermatol,m,basal_cell_carcinoma_vs_rest,FALSE,FALSE,0,1
eab91c11e20398a89c454717dc5eaa94,5,V-VI,melanoma spectrum,malignant,Model Dermatol,m,squamous_cell_carcinoma_vs_rest,FALSE,FALSE,0,1
02f11821915d67f20fb15a8e8b96c1d3,6,V-VI,melanoma spectrum,malignant,Model Dermatol,m,malignant_vs_benign,TRUE,TRUE,0.98,1
02f11821915d67f20fb15a8e8b96c1d3,6,V-VI,melanoma spectrum,malignant,Model Dermatol,m,melanoma_vs_rest,TRUE,TRUE,0.98,1
02f11821915d67f20fb15a8e8b96c1d3,6,V-VI,melanoma spectrum,malignant,Model Dermatol,m,basal_cell_carcinoma_vs_rest,FALSE,TRUE,0.86,0
02f11821915d67f20fb15a8e8b96c1d3,6,V-VI,melanoma spectrum,malignant,Model Dermatol,m,squamous_cell_carcinoma_vs_rest,FALSE,TRUE,0.86,0
3b24865e842419e4efc3fb909c633077,6,V-VI,melanoma spectrum,malignant,Model Dermatol,m,malignant_vs_benign,TRUE,TRUE,0.25,1
3b24865e842419e4efc3fb909c633077,6,V-VI,melanoma spectrum,malignant,Model Dermatol,m,melanoma_vs_rest,TRUE,TRUE,0.25,1
3b24865e842419e4efc3fb909c633077,6,V-VI,melanoma spectrum,malignant,Model Dermatol,m,basal_cell_carcinoma_vs_rest,FALSE,TRUE,0.25,0
3b24865e842419e4efc3fb909c633077,6,V-VI,melanoma spectrum,malignant,Model Dermatol,m,squamous_cell_carcinoma_vs_rest,FALSE,TRUE,0.25,0
454e68bf5705eabf0f4d28fc1dbd77be,6,V-VI,melanoma spectrum,malignant,Model Dermatol,m,malignant_vs_benign,TRUE,FALSE,0,0
454e68bf5705eabf0f4d28fc1dbd77be,6,V-VI,melanoma spectrum,malignant,Model Dermatol,m,melanoma_vs_rest,TRUE,FALSE,0,0
454e68bf5705eabf0f4d28fc1dbd77be,6,V-VI,melanoma spectrum,malignant,Model Dermatol,m,basal_cell_carcinoma_vs_rest,FALSE,FALSE,0,1
454e68bf5705eabf0f4d28fc1dbd77be,6,V-VI,melanoma spectrum,malignant,Model Dermatol,m,squamous_cell_carcinoma_vs_rest,FALSE,FALSE,0,1
4ab4fa98f5acf7ec42886917128df401,6,V-VI,melanoma spectrum,malignant,Model Dermatol,m,malignant_vs_benign,TRUE,FALSE,0,0
4ab4fa98f5acf7ec42886917128df401,6,V-VI,melanoma spectrum,malignant,Model Dermatol,m,melanoma_vs_rest,TRUE,FALSE,0,0
4ab4fa98f5acf7ec42886917128df401,6,V-VI,melanoma spectrum,malignant,Model Dermatol,m,basal_cell_carcinoma_vs_rest,FALSE,FALSE,0,1
4ab4fa98f5acf7ec42886917128df401,6,V-VI,melanoma spectrum,malignant,Model Dermatol,m,squamous_cell_carcinoma_vs_rest,FALSE,FALSE,0,1
4c3f795cf8eb72b946f9bd2642cf23c1,6,V-VI,melanoma spectrum,malignant,Model Dermatol,m,malignant_vs_benign,TRUE,TRUE,0.35,1
4c3f795cf8eb72b946f9bd2642cf23c1,6,V-VI,melanoma spectrum,malignant,Model Dermatol,m,melanoma_vs_rest,TRUE,TRUE,0.32,1
4c3f795cf8eb72b946f9bd2642cf23c1,6,V-VI,melanoma spectrum,malignant,Model Dermatol,m,basal_cell_carcinoma_vs_rest,FALSE,TRUE,0.35,0
4c3f795cf8eb72b946f9bd2642cf23c1,6,V-VI,melanoma spectrum,malignant,Model Dermatol,m,squamous_cell_carcinoma_vs_rest,FALSE,TRUE,0.32,0
617f9ddb778028f305520a92ac052c68,6,V-VI,melanoma spectrum,malignant,Model Dermatol,m,malignant_vs_benign,TRUE,FALSE,0.09,0
617f9ddb778028f305520a92ac052c68,6,V-VI,melanoma spectrum,malignant,Model Dermatol,m,melanoma_vs_rest,TRUE,FALSE,0.09,0
617f9ddb778028f305520a92ac052c68,6,V-VI,melanoma spectrum,malignant,Model Dermatol,m,basal_cell_carcinoma_vs_rest,FALSE,FALSE,0,1
617f9ddb778028f305520a92ac052c68,6,V-VI,melanoma spectrum,malignant,Model Dermatol,m,squamous_cell_carcinoma_vs_rest,FALSE,FALSE,0,1
a177a5fc4b0e7033c39fb4f2503279ab,6,V-VI,melanoma spectrum,malignant,Model Dermatol,m,malignant_vs_benign,TRUE,TRUE,0.91,1
a177a5fc4b0e7033c39fb4f2503279ab,6,V-VI,melanoma spectrum,malignant,Model Dermatol,m,melanoma_vs_rest,TRUE,TRUE,0.91,1
a177a5fc4b0e7033c39fb4f2503279ab,6,V-VI,melanoma spectrum,malignant,Model Dermatol,m,basal_cell_carcinoma_vs_rest,FALSE,TRUE,0.72,0
a177a5fc4b0e7033c39fb4f2503279ab,6,V-VI,melanoma spectrum,malignant,Model Dermatol,m,squamous_cell_carcinoma_vs_rest,FALSE,TRUE,0.72,0
b22e94f7e5cde4d33adf24245ea5faf2,6,V-VI,melanoma spectrum,malignant,Model Dermatol,m,malignant_vs_benign,TRUE,FALSE,0,0
b22e94f7e5cde4d33adf24245ea5faf2,6,V-VI,melanoma spectrum,malignant,Model Dermatol,m,melanoma_vs_rest,TRUE,FALSE,0,0
b22e94f7e5cde4d33adf24245ea5faf2,6,V-VI,melanoma spectrum,malignant,Model Dermatol,m,basal_cell_carcinoma_vs_rest,FALSE,FALSE,0,1
b22e94f7e5cde4d33adf24245ea5faf2,6,V-VI,melanoma spectrum,malignant,Model Dermatol,m,squamous_cell_carcinoma_vs_rest,FALSE,FALSE,0,1
d10722216af2bab5bfc450259169f9fe,6,V-VI,melanoma spectrum,malignant,Model Dermatol,m,malignant_vs_benign,TRUE,FALSE,0,0
d10722216af2bab5bfc450259169f9fe,6,V-VI,melanoma spectrum,malignant,Model Dermatol,m,melanoma_vs_rest,TRUE,FALSE,0,0
d10722216af2bab5bfc450259169f9fe,6,V-VI,melanoma spectrum,malignant,Model Dermatol,m,basal_cell_carcinoma_vs_rest,FALSE,FALSE,0,1
d10722216af2bab5bfc450259169f9fe,6,V-VI,melanoma spectrum,malignant,Model Dermatol,m,squamous_cell_carcinoma_vs_rest,FALSE,FALSE,0,1
04ff8956172642998a8edbcaa0960f09,1,I-II,benign nevus,benign,Model Dermatol,m,malignant_vs_benign,FALSE,FALSE,0.08,1
04ff8956172642998a8edbcaa0960f09,1,I-II,benign nevus,benign,Model Dermatol,m,melanoma_vs_rest,FALSE,FALSE,0.08,1
04ff8956172642998a8edbcaa0960f09,1,I-II,benign nevus,benign,Model Dermatol,m,basal_cell_carcinoma_vs_rest,FALSE,FALSE,0,1
04ff8956172642998a8edbcaa0960f09,1,I-II,benign nevus,benign,Model Dermatol,m,squamous_cell_carcinoma_vs_rest,FALSE,FALSE,0,1
6135408e7729eb1deb0711446ecc4883,1,I-II,benign nevus,benign,Model Dermatol,m,malignant_vs_benign,FALSE,FALSE,0,1
6135408e7729eb1deb0711446ecc4883,1,I-II,benign nevus,benign,Model Dermatol,m,melanoma_vs_rest,FALSE,FALSE,0,1
6135408e7729eb1deb0711446ecc4883,1,I-II,benign nevus,benign,Model Dermatol,m,basal_cell_carcinoma_vs_rest,FALSE,FALSE,0,1
6135408e7729eb1deb0711446ecc4883,1,I-II,benign nevus,benign,Model Dermatol,m,squamous_cell_carcinoma_vs_rest,FALSE,FALSE,0,1
67a5980c2855fb037a812e716dc911ca,1,I-II,benign nevus,benign,Model Dermatol,m,malignant_vs_benign,FALSE,FALSE,0,1
67a5980c2855fb037a812e716dc911ca,1,I-II,benign nevus,benign,Model Dermatol,m,melanoma_vs_rest,FALSE,FALSE,0,1
67a5980c2855fb037a812e716dc911ca,1,I-II,benign nevus,benign,Model Dermatol,m,basal_cell_carcinoma_vs_rest,FALSE,FALSE,0,1
67a5980c2855fb037a812e716dc911ca,1,I-II,benign nevus,benign,Model Dermatol,m,squamous_cell_carcinoma_vs_rest,FALSE,FALSE,0,1
7edd1ea64cd58993db33eb7f63c9e23b,1,I-II,benign nevus,benign,Model Dermatol,m,malignant_vs_benign,FALSE,FALSE,0,1
7edd1ea64cd58993db33eb7f63c9e23b,1,I-II,benign nevus,benign,Model Dermatol,m,melanoma_vs_rest,FALSE,FALSE,0,1
7edd1ea64cd58993db33eb7f63c9e23b,1,I-II,benign nevus,benign,Model Dermatol,m,basal_cell_carcinoma_vs_rest,FALSE,FALSE,0,1
7edd1ea64cd58993db33eb7f63c9e23b,1,I-II,benign nevus,benign,Model Dermatol,m,squamous_cell_carcinoma_vs_rest,FALSE,FALSE,0,1
8169683ac60b87ed3de3870d8a5e1c19,1,I-II,benign nevus,benign,Model Dermatol,m,malignant_vs_benign,FALSE,FALSE,0,1
8169683ac60b87ed3de3870d8a5e1c19,1,I-II,benign nevus,benign,Model Dermatol,m,melanoma_vs_rest,FALSE,FALSE,0,1
8169683ac60b87ed3de3870d8a5e1c19,1,I-II,benign nevus,benign,Model Dermatol,m,basal_cell_carcinoma_vs_rest,FALSE,FALSE,0,1
8169683ac60b87ed3de3870d8a5e1c19,1,I-II,benign nevus,benign,Model Dermatol,m,squamous_cell_carcinoma_vs_rest,FALSE,FALSE,0,1
870cc15be006f854b30fb4959bb54eae,1,I-II,benign nevus,benign,Model Dermatol,m,malignant_vs_benign,FALSE,FALSE,0,1
870cc15be006f854b30fb4959bb54eae,1,I-II,benign nevus,benign,Model Dermatol,m,melanoma_vs_rest,FALSE,FALSE,0,1
870cc15be006f854b30fb4959bb54eae,1,I-II,benign nevus,benign,Model Dermatol,m,basal_cell_carcinoma_vs_rest,FALSE,FALSE,0,1
870cc15be006f854b30fb4959bb54eae,1,I-II,benign nevus,benign,Model Dermatol,m,squamous_cell_carcinoma_vs_rest,FALSE,FALSE,0,1
886e41a00b7d754d53e7ecd9dec9058f,1,I-II,benign nevus,benign,Model Dermatol,m,malignant_vs_benign,FALSE,FALSE,0,1
886e41a00b7d754d53e7ecd9dec9058f,1,I-II,benign nevus,benign,Model Dermatol,m,melanoma_vs_rest,FALSE,FALSE,0,1
886e41a00b7d754d53e7ecd9dec9058f,1,I-II,benign nevus,benign,Model Dermatol,m,basal_cell_carcinoma_vs_rest,FALSE,FALSE,0,1
886e41a00b7d754d53e7ecd9dec9058f,1,I-II,benign nevus,benign,Model Dermatol,m,squamous_cell_carcinoma_vs_rest,FALSE,FALSE,0,1
9b80bb011a2ae3f741c6c1af12ec34e9,1,I-II,benign nevus,benign,Model Dermatol,m,malignant_vs_benign,FALSE,FALSE,0,1
9b80bb011a2ae3f741c6c1af12ec34e9,1,I-II,benign nevus,benign,Model Dermatol,m,melanoma_vs_rest,FALSE,FALSE,0,1
9b80bb011a2ae3f741c6c1af12ec34e9,1,I-II,benign nevus,benign,Model Dermatol,m,basal_cell_carcinoma_vs_rest,FALSE,FALSE,0,1
9b80bb011a2ae3f741c6c1af12ec34e9,1,I-II,benign nevus,benign,Model Dermatol,m,squamous_cell_carcinoma_vs_rest,FALSE,FALSE,0,1
b9e384f23afb5f3b9312668aebfc342f,1,I-II,benign nevus,benign,Model Dermatol,m,malignant_vs_benign,FALSE,FALSE,0,1
b9e384f23afb5f3b9312668aebfc342f,1,I-II,benign nevus,benign,Model Dermatol,m,melanoma_vs_rest,FALSE,FALSE,0,1
b9e384f23afb5f3b9312668aebfc342f,1,I-II,benign nevus,benign,Model Dermatol,m,basal_cell_carcinoma_vs_rest,FALSE,FALSE,0,1
b9e384f23afb5f3b9312668aebfc342f,1,I-II,benign nevus,benign,Model Dermatol,m,squamous_cell_carcinoma_vs_rest,FALSE,FALSE,0,1
c0a5c449ab3d9164f7558370210dadfb,1,I-II,benign nevus,benign,Model Dermatol,m,malignant_vs_benign,FALSE,FALSE,0,1
c0a5c449ab3d9164f7558370210dadfb,1,I-II,benign nevus,benign,Model Dermatol,m,melanoma_vs_rest,FALSE,FALSE,0,1
c0a5c449ab3d9164f7558370210dadfb,1,I-II,benign nevus,benign,Model Dermatol,m,basal_cell_carcinoma_vs_rest,FALSE,FALSE,0,1
c0a5c449ab3d9164f7558370210dadfb,1,I-II,benign nevus,benign,Model Dermatol,m,squamous_cell_carcinoma_vs_rest,FALSE,FALSE,0,1
d52c33f0ce4c9947fc062f4c95ab50f2,1,I-II,benign nevus,benign,Model Dermatol,m,malignant_vs_benign,FALSE,FALSE,0,1
d52c33f0ce4c9947fc062f4c95ab50f2,1,I-II,benign nevus,benign,Model Dermatol,m,melanoma_vs_rest,FALSE,FALSE,0,1
d52c33f0ce4c9947fc062f4c95ab50f2,1,I-II,benign nevus,benign,Model Dermatol,m,basal_cell_carcinoma_vs_rest,FALSE,FALSE,0,1
d52c33f0ce4c9947fc062f4c95ab50f2,1,I-II,benign nevus,benign,Model Dermatol,m,squamous_cell_carcinoma_vs_rest,FALSE,FALSE,0,1
1e8e1f523ca089efdeffd0244eec6c85,2,I-II,benign nevus,benign,Model Dermatol,m,malignant_vs_benign,FALSE,FALSE,0,1
1e8e1f523ca089efdeffd0244eec6c85,2,I-II,benign nevus,benign,Model Dermatol,m,melanoma_vs_rest,FALSE,FALSE,0,1
1e8e1f523ca089efdeffd0244eec6c85,2,I-II,benign nevus,benign,Model Dermatol,m,basal_cell_carcinoma_vs_rest,FALSE,FALSE,0,1
1e8e1f523ca089efdeffd0244eec6c85,2,I-II,benign nevus,benign,Model Dermatol,m,squamous_cell_carcinoma_vs_rest,FALSE,FALSE,0,1
49635d65d9bc4f7d605f912397ffb3ff,2,I-II,benign nevus,benign,Model Dermatol,m,malignant_vs_benign,FALSE,FALSE,0,1
49635d65d9bc4f7d605f912397ffb3ff,2,I-II,benign nevus,benign,Model Dermatol,m,melanoma_vs_rest,FALSE,FALSE,0,1
49635d65d9bc4f7d605f912397ffb3ff,2,I-II,benign nevus,benign,Model Dermatol,m,basal_cell_carcinoma_vs_rest,FALSE,FALSE,0,1
49635d65d9bc4f7d605f912397ffb3ff,2,I-II,benign nevus,benign,Model Dermatol,m,squamous_cell_carcinoma_vs_rest,FALSE,FALSE,0,1
67af6e2923e52eff436a013572b7088b,2,I-II,benign nevus,benign,Model Dermatol,m,malignant_vs_benign,FALSE,FALSE,0,1
67af6e2923e52eff436a013572b7088b,2,I-II,benign nevus,benign,Model Dermatol,m,melanoma_vs_rest,FALSE,FALSE,0,1
67af6e2923e52eff436a013572b7088b,2,I-II,benign nevus,benign,Model Dermatol,m,basal_cell_carcinoma_vs_rest,FALSE,FALSE,0,1
67af6e2923e52eff436a013572b7088b,2,I-II,benign nevus,benign,Model Dermatol,m,squamous_cell_carcinoma_vs_rest,FALSE,FALSE,0,1
7094ebc9834c1cbe6991ca9eb6f38c9a,2,I-II,benign nevus,benign,Model Dermatol,m,malignant_vs_benign,FALSE,FALSE,0,1
7094ebc9834c1cbe6991ca9eb6f38c9a,2,I-II,benign nevus,benign,Model Dermatol,m,melanoma_vs_rest,FALSE,FALSE,0,1
7094ebc9834c1cbe6991ca9eb6f38c9a,2,I-II,benign nevus,benign,Model Dermatol,m,basal_cell_carcinoma_vs_rest,FALSE,FALSE,0,1
7094ebc9834c1cbe6991ca9eb6f38c9a,2,I-II,benign nevus,benign,Model Dermatol,m,squamous_cell_carcinoma_vs_rest,FALSE,FALSE,0,1
70f0fd4d38ece05739370023a873cc10,2,I-II,benign nevus,benign,Model Dermatol,m,malignant_vs_benign,FALSE,FALSE,0,1
70f0fd4d38ece05739370023a873cc10,2,I-II,benign nevus,benign,Model Dermatol,m,melanoma_vs_rest,FALSE,FALSE,0,1
70f0fd4d38ece05739370023a873cc10,2,I-II,benign nevus,benign,Model Dermatol,m,basal_cell_carcinoma_vs_rest,FALSE,FALSE,0,1
70f0fd4d38ece05739370023a873cc10,2,I-II,benign nevus,benign,Model Dermatol,m,squamous_cell_carcinoma_vs_rest,FALSE,FALSE,0,1
731faa24d8d0b5dc3b266fdfaa0a3154,2,I-II,benign nevus,benign,Model Dermatol,m,malignant_vs_benign,FALSE,FALSE,0,1
731faa24d8d0b5dc3b266fdfaa0a3154,2,I-II,benign nevus,benign,Model Dermatol,m,melanoma_vs_rest,FALSE,FALSE,0,1
731faa24d8d0b5dc3b266fdfaa0a3154,2,I-II,benign nevus,benign,Model Dermatol,m,basal_cell_carcinoma_vs_rest,FALSE,FALSE,0,1
731faa24d8d0b5dc3b266fdfaa0a3154,2,I-II,benign nevus,benign,Model Dermatol,m,squamous_cell_carcinoma_vs_rest,FALSE,FALSE,0,1
7fcf488081345e8e4a3b2e3636900f70,2,I-II,benign nevus,benign,Model Dermatol,m,malignant_vs_benign,FALSE,FALSE,0,1
7fcf488081345e8e4a3b2e3636900f70,2,I-II,benign nevus,benign,Model Dermatol,m,melanoma_vs_rest,FALSE,FALSE,0,1
7fcf488081345e8e4a3b2e3636900f70,2,I-II,benign nevus,benign,Model Dermatol,m,basal_cell_carcinoma_vs_rest,FALSE,FALSE,0,1
7fcf488081345e8e4a3b2e3636900f70,2,I-II,benign nevus,benign,Model Dermatol,m,squamous_cell_carcinoma_vs_rest,FALSE,FALSE,0,1
d0bfab00dfa3c2c832ddf9e95ad23075,2,I-II,benign nevus,benign,Model Dermatol,m,malignant_vs_benign,FALSE,FALSE,0,1
d0bfab00dfa3c2c832ddf9e95ad23075,2,I-II,benign nevus,benign,Model Dermatol,m,melanoma_vs_rest,FALSE,FALSE,0,1
d0bfab00dfa3c2c832ddf9e95ad23075,2,I-II,benign nevus,benign,Model Dermatol,m,basal_cell_carcinoma_vs_rest,FALSE,FALSE,0,1
d0bfab00dfa3c2c832ddf9e95ad23075,2,I-II,benign nevus,benign,Model Dermatol,m,squamous_cell_carcinoma_vs_rest,FALSE,FALSE,0,1
e4e454f19f97b4438229aa58ead1d365,2,I-II,benign nevus,benign,Model Dermatol,m,malignant_vs_benign,FALSE,FALSE,0,1
e4e454f19f97b4438229aa58ead1d365,2,I-II,benign nevus,benign,Model Dermatol,m,melanoma_vs_rest,FALSE,FALSE,0,1
e4e454f19f97b4438229aa58ead1d365,2,I-II,benign nevus,benign,Model Dermatol,m,basal_cell_carcinoma_vs_rest,FALSE,FALSE,0,1
e4e454f19f97b4438229aa58ead1d365,2,I-II,benign nevus,benign,Model Dermatol,m,squamous_cell_carcinoma_vs_rest,FALSE,FALSE,0,1
f2a275f5f8fe396644e1601abfe356f9,2,I-II,benign nevus,benign,Model Dermatol,m,malignant_vs_benign,FALSE,FALSE,0,1
f2a275f5f8fe396644e1601abfe356f9,2,I-II,benign nevus,benign,Model Dermatol,m,melanoma_vs_rest,FALSE,FALSE,0,1
f2a275f5f8fe396644e1601abfe356f9,2,I-II,benign nevus,benign,Model Dermatol,m,basal_cell_carcinoma_vs_rest,FALSE,FALSE,0,1
f2a275f5f8fe396644e1601abfe356f9,2,I-II,benign nevus,benign,Model Dermatol,m,squamous_cell_carcinoma_vs_rest,FALSE,FALSE,0,1
50e884335df0cc38774797b1e3da724c,3,III-IV,benign nevus,benign,Model Dermatol,m,malignant_vs_benign,FALSE,FALSE,0,1
50e884335df0cc38774797b1e3da724c,3,III-IV,benign nevus,benign,Model Dermatol,m,melanoma_vs_rest,FALSE,FALSE,0,1
50e884335df0cc38774797b1e3da724c,3,III-IV,benign nevus,benign,Model Dermatol,m,basal_cell_carcinoma_vs_rest,FALSE,FALSE,0,1
50e884335df0cc38774797b1e3da724c,3,III-IV,benign nevus,benign,Model Dermatol,m,squamous_cell_carcinoma_vs_rest,FALSE,FALSE,0,1
7414a1d3b0319e921a73b2dbf874b7c9,3,III-IV,benign nevus,benign,Model Dermatol,m,malignant_vs_benign,FALSE,FALSE,0,1
7414a1d3b0319e921a73b2dbf874b7c9,3,III-IV,benign nevus,benign,Model Dermatol,m,melanoma_vs_rest,FALSE,FALSE,0,1
7414a1d3b0319e921a73b2dbf874b7c9,3,III-IV,benign nevus,benign,Model Dermatol,m,basal_cell_carcinoma_vs_rest,FALSE,FALSE,0,1
7414a1d3b0319e921a73b2dbf874b7c9,3,III-IV,benign nevus,benign,Model Dermatol,m,squamous_cell_carcinoma_vs_rest,FALSE,FALSE,0,1
773ad86674166846f5568c000bc394a1,3,III-IV,benign nevus,benign,Model Dermatol,m,malignant_vs_benign,FALSE,FALSE,0,1
773ad86674166846f5568c000bc394a1,3,III-IV,benign nevus,benign,Model Dermatol,m,melanoma_vs_rest,FALSE,FALSE,0,1
773ad86674166846f5568c000bc394a1,3,III-IV,benign nevus,benign,Model Dermatol,m,basal_cell_carcinoma_vs_rest,FALSE,FALSE,0,1
773ad86674166846f5568c000bc394a1,3,III-IV,benign nevus,benign,Model Dermatol,m,squamous_cell_carcinoma_vs_rest,FALSE,FALSE,0,1
8a3f07df6cf5f88cf06a9a2b0aa35422,3,III-IV,benign nevus,benign,Model Dermatol,m,malignant_vs_benign,FALSE,FALSE,0,1
8a3f07df6cf5f88cf06a9a2b0aa35422,3,III-IV,benign nevus,benign,Model Dermatol,m,melanoma_vs_rest,FALSE,FALSE,0,1
8a3f07df6cf5f88cf06a9a2b0aa35422,3,III-IV,benign nevus,benign,Model Dermatol,m,basal_cell_carcinoma_vs_rest,FALSE,FALSE,0,1
8a3f07df6cf5f88cf06a9a2b0aa35422,3,III-IV,benign nevus,benign,Model Dermatol,m,squamous_cell_carcinoma_vs_rest,FALSE,FALSE,0,1
bf099025b4eb00a75d473a3b366952f5,3,III-IV,benign nevus,benign,Model Dermatol,m,malignant_vs_benign,FALSE,FALSE,0,1
bf099025b4eb00a75d473a3b366952f5,3,III-IV,benign nevus,benign,Model Dermatol,m,melanoma_vs_rest,FALSE,FALSE,0,1
bf099025b4eb00a75d473a3b366952f5,3,III-IV,benign nevus,benign,Model Dermatol,m,basal_cell_carcinoma_vs_rest,FALSE,FALSE,0,1
bf099025b4eb00a75d473a3b366952f5,3,III-IV,benign nevus,benign,Model Dermatol,m,squamous_cell_carcinoma_vs_rest,FALSE,FALSE,0,1
c8c63f5f347e408981de99a00cbd255d,3,III-IV,benign nevus,benign,Model Dermatol,m,malignant_vs_benign,FALSE,FALSE,0,1
c8c63f5f347e408981de99a00cbd255d,3,III-IV,benign nevus,benign,Model Dermatol,m,melanoma_vs_rest,FALSE,FALSE,0,1
c8c63f5f347e408981de99a00cbd255d,3,III-IV,benign nevus,benign,Model Dermatol,m,basal_cell_carcinoma_vs_rest,FALSE,FALSE,0,1
c8c63f5f347e408981de99a00cbd255d,3,III-IV,benign nevus,benign,Model Dermatol,m,squamous_cell_carcinoma_vs_rest,FALSE,FALSE,0,1
d1603db4f4b5efc013984ee9bcaa6b06,3,III-IV,benign nevus,benign,Model Dermatol,m,malignant_vs_benign,FALSE,FALSE,0,1
d1603db4f4b5efc013984ee9bcaa6b06,3,III-IV,benign nevus,benign,Model Dermatol,m,melanoma_vs_rest,FALSE,FALSE,0,1
d1603db4f4b5efc013984ee9bcaa6b06,3,III-IV,benign nevus,benign,Model Dermatol,m,basal_cell_carcinoma_vs_rest,FALSE,FALSE,0,1
d1603db4f4b5efc013984ee9bcaa6b06,3,III-IV,benign nevus,benign,Model Dermatol,m,squamous_cell_carcinoma_vs_rest,FALSE,FALSE,0,1
d91f1961238599efad26aa8142fb196d,3,III-IV,benign nevus,benign,Model Dermatol,m,malignant_vs_benign,FALSE,FALSE,0,1
d91f1961238599efad26aa8142fb196d,3,III-IV,benign nevus,benign,Model Dermatol,m,melanoma_vs_rest,FALSE,FALSE,0,1
d91f1961238599efad26aa8142fb196d,3,III-IV,benign nevus,benign,Model Dermatol,m,basal_cell_carcinoma_vs_rest,FALSE,FALSE,0,1
d91f1961238599efad26aa8142fb196d,3,III-IV,benign nevus,benign,Model Dermatol,m,squamous_cell_carcinoma_vs_rest,FALSE,FALSE,0,1
e4ba0957015d8478e9a1974968a34b31,3,III-IV,benign nevus,benign,Model Dermatol,m,malignant_vs_benign,FALSE,FALSE,0,1
e4ba0957015d8478e9a1974968a34b31,3,III-IV,benign nevus,benign,Model Dermatol,m,melanoma_vs_rest,FALSE,FALSE,0,1
e4ba0957015d8478e9a1974968a34b31,3,III-IV,benign nevus,benign,Model Dermatol,m,basal_cell_carcinoma_vs_rest,FALSE,FALSE,0,1
e4ba0957015d8478e9a1974968a34b31,3,III-IV,benign nevus,benign,Model Dermatol,m,squamous_cell_carcinoma_vs_rest,FALSE,FALSE,0,1
feabe7afd5bf64029cde195e8edad3a5,3,III-IV,benign nevus,benign,Model Dermatol,m,malignant_vs_benign,FALSE,FALSE,0,1
feabe7afd5bf64029cde195e8edad3a5,3,III-IV,benign nevus,benign,Model Dermatol,m,melanoma_vs_rest,FALSE,FALSE,0,1
feabe7afd5bf64029cde195e8edad3a5,3,III-IV,benign nevus,benign,Model Dermatol,m,basal_cell_carcinoma_vs_rest,FALSE,FALSE,0,1
feabe7afd5bf64029cde195e8edad3a5,3,III-IV,benign nevus,benign,Model Dermatol,m,squamous_cell_carcinoma_vs_rest,FALSE,FALSE,0,1
55b0a18bf7d66e453577477afad86967,4,III-IV,benign nevus,benign,Model Dermatol,m,malignant_vs_benign,FALSE,FALSE,0,1
55b0a18bf7d66e453577477afad86967,4,III-IV,benign nevus,benign,Model Dermatol,m,melanoma_vs_rest,FALSE,FALSE,0,1
55b0a18bf7d66e453577477afad86967,4,III-IV,benign nevus,benign,Model Dermatol,m,basal_cell_carcinoma_vs_rest,FALSE,FALSE,0,1
55b0a18bf7d66e453577477afad86967,4,III-IV,benign nevus,benign,Model Dermatol,m,squamous_cell_carcinoma_vs_rest,FALSE,FALSE,0,1
6a0264fec349d4487c83a53bc8d5d690,4,III-IV,benign nevus,benign,Model Dermatol,m,malignant_vs_benign,FALSE,FALSE,0,1
6a0264fec349d4487c83a53bc8d5d690,4,III-IV,benign nevus,benign,Model Dermatol,m,melanoma_vs_rest,FALSE,FALSE,0,1
6a0264fec349d4487c83a53bc8d5d690,4,III-IV,benign nevus,benign,Model Dermatol,m,basal_cell_carcinoma_vs_rest,FALSE,FALSE,0,1
6a0264fec349d4487c83a53bc8d5d690,4,III-IV,benign nevus,benign,Model Dermatol,m,squamous_cell_carcinoma_vs_rest,FALSE,FALSE,0,1
6a4b03f7cf0e7b6fcc018ea929e4acd5,4,III-IV,benign nevus,benign,Model Dermatol,m,malignant_vs_benign,FALSE,FALSE,0,1
6a4b03f7cf0e7b6fcc018ea929e4acd5,4,III-IV,benign nevus,benign,Model Dermatol,m,melanoma_vs_rest,FALSE,FALSE,0,1
6a4b03f7cf0e7b6fcc018ea929e4acd5,4,III-IV,benign nevus,benign,Model Dermatol,m,basal_cell_carcinoma_vs_rest,FALSE,FALSE,0,1
6a4b03f7cf0e7b6fcc018ea929e4acd5,4,III-IV,benign nevus,benign,Model Dermatol,m,squamous_cell_carcinoma_vs_rest,FALSE,FALSE,0,1
931d34dec55210d6241da6b512f0110e,4,III-IV,benign nevus,benign,Model Dermatol,m,malignant_vs_benign,FALSE,FALSE,0,1
931d34dec55210d6241da6b512f0110e,4,III-IV,benign nevus,benign,Model Dermatol,m,melanoma_vs_rest,FALSE,FALSE,0,1
931d34dec55210d6241da6b512f0110e,4,III-IV,benign nevus,benign,Model Dermatol,m,basal_cell_carcinoma_vs_rest,FALSE,FALSE,0,1
931d34dec55210d6241da6b512f0110e,4,III-IV,benign nevus,benign,Model Dermatol,m,squamous_cell_carcinoma_vs_rest,FALSE,FALSE,0,1
968e1a5756f64d872387e90182a2babf,4,III-IV,benign nevus,benign,Model Dermatol,m,malignant_vs_benign,FALSE,FALSE,0,1
968e1a5756f64d872387e90182a2babf,4,III-IV,benign nevus,benign,Model Dermatol,m,melanoma_vs_rest,FALSE,FALSE,0,1
968e1a5756f64d872387e90182a2babf,4,III-IV,benign nevus,benign,Model Dermatol,m,basal_cell_carcinoma_vs_rest,FALSE,FALSE,0,1
968e1a5756f64d872387e90182a2babf,4,III-IV,benign nevus,benign,Model Dermatol,m,squamous_cell_carcinoma_vs_rest,FALSE,FALSE,0,1
afb1549a32af6db1a892ba9c8f162efb,4,III-IV,benign nevus,benign,Model Dermatol,m,malignant_vs_benign,FALSE,FALSE,0,1
afb1549a32af6db1a892ba9c8f162efb,4,III-IV,benign nevus,benign,Model Dermatol,m,melanoma_vs_rest,FALSE,FALSE,0,1
afb1549a32af6db1a892ba9c8f162efb,4,III-IV,benign nevus,benign,Model Dermatol,m,basal_cell_carcinoma_vs_rest,FALSE,FALSE,0,1
afb1549a32af6db1a892ba9c8f162efb,4,III-IV,benign nevus,benign,Model Dermatol,m,squamous_cell_carcinoma_vs_rest,FALSE,FALSE,0,1
b1098b20b934997bfc37b366c6bbbf72,4,III-IV,benign nevus,benign,Model Dermatol,m,malignant_vs_benign,FALSE,FALSE,0,1
b1098b20b934997bfc37b366c6bbbf72,4,III-IV,benign nevus,benign,Model Dermatol,m,melanoma_vs_rest,FALSE,FALSE,0,1
b1098b20b934997bfc37b366c6bbbf72,4,III-IV,benign nevus,benign,Model Dermatol,m,basal_cell_carcinoma_vs_rest,FALSE,FALSE,0,1
b1098b20b934997bfc37b366c6bbbf72,4,III-IV,benign nevus,benign,Model Dermatol,m,squamous_cell_carcinoma_vs_rest,FALSE,FALSE,0,1
dea8f4fc4ec290d3bc9b5b0977bdf880,4,III-IV,benign nevus,benign,Model Dermatol,m,malignant_vs_benign,FALSE,FALSE,0,1
dea8f4fc4ec290d3bc9b5b0977bdf880,4,III-IV,benign nevus,benign,Model Dermatol,m,melanoma_vs_rest,FALSE,FALSE,0,1
dea8f4fc4ec290d3bc9b5b0977bdf880,4,III-IV,benign nevus,benign,Model Dermatol,m,basal_cell_carcinoma_vs_rest,FALSE,FALSE,0,1
dea8f4fc4ec290d3bc9b5b0977bdf880,4,III-IV,benign nevus,benign,Model Dermatol,m,squamous_cell_carcinoma_vs_rest,FALSE,FALSE,0,1
f27cd92ce48e3148f78e5a46c11a460a,4,III-IV,benign nevus,benign,Model Dermatol,m,malignant_vs_benign,FALSE,FALSE,0,1
f27cd92ce48e3148f78e5a46c11a460a,4,III-IV,benign nevus,benign,Model Dermatol,m,melanoma_vs_rest,FALSE,FALSE,0,1
f27cd92ce48e3148f78e5a46c11a460a,4,III-IV,benign nevus,benign,Model Dermatol,m,basal_cell_carcinoma_vs_rest,FALSE,FALSE,0,1
f27cd92ce48e3148f78e5a46c11a460a,4,III-IV,benign nevus,benign,Model Dermatol,m,squamous_cell_carcinoma_vs_rest,FALSE,FALSE,0,1
f5289a44be7bbf579e192c12774390c2,4,III-IV,benign nevus,benign,Model Dermatol,m,malignant_vs_benign,FALSE,FALSE,0,1
f5289a44be7bbf579e192c12774390c2,4,III-IV,benign nevus,benign,Model Dermatol,m,melanoma_vs_rest,FALSE,FALSE,0,1
f5289a44be7bbf579e192c12774390c2,4,III-IV,benign nevus,benign,Model Dermatol,m,basal_cell_carcinoma_vs_rest,FALSE,FALSE,0,1
f5289a44be7bbf579e192c12774390c2,4,III-IV,benign nevus,benign,Model Dermatol,m,squamous_cell_carcinoma_vs_rest,FALSE,FALSE,0,1
26b46628697510ce0ede5851006d5c34,5,V-VI,benign nevus,benign,Model Dermatol,m,malignant_vs_benign,FALSE,FALSE,0,1
26b46628697510ce0ede5851006d5c34,5,V-VI,benign nevus,benign,Model Dermatol,m,melanoma_vs_rest,FALSE,FALSE,0,1
26b46628697510ce0ede5851006d5c34,5,V-VI,benign nevus,benign,Model Dermatol,m,basal_cell_carcinoma_vs_rest,FALSE,FALSE,0,1
26b46628697510ce0ede5851006d5c34,5,V-VI,benign nevus,benign,Model Dermatol,m,squamous_cell_carcinoma_vs_rest,FALSE,FALSE,0,1
2d47534396dae6130583dfb65c30fe61,5,V-VI,benign nevus,benign,Model Dermatol,m,malignant_vs_benign,FALSE,FALSE,0,1
2d47534396dae6130583dfb65c30fe61,5,V-VI,benign nevus,benign,Model Dermatol,m,melanoma_vs_rest,FALSE,FALSE,0,1
2d47534396dae6130583dfb65c30fe61,5,V-VI,benign nevus,benign,Model Dermatol,m,basal_cell_carcinoma_vs_rest,FALSE,FALSE,0,1
2d47534396dae6130583dfb65c30fe61,5,V-VI,benign nevus,benign,Model Dermatol,m,squamous_cell_carcinoma_vs_rest,FALSE,FALSE,0,1
535e72695bd844f8ef74d4aab4299f33,5,V-VI,benign nevus,benign,Model Dermatol,m,malignant_vs_benign,FALSE,FALSE,0,1
535e72695bd844f8ef74d4aab4299f33,5,V-VI,benign nevus,benign,Model Dermatol,m,melanoma_vs_rest,FALSE,FALSE,0,1
535e72695bd844f8ef74d4aab4299f33,5,V-VI,benign nevus,benign,Model Dermatol,m,basal_cell_carcinoma_vs_rest,FALSE,FALSE,0,1
535e72695bd844f8ef74d4aab4299f33,5,V-VI,benign nevus,benign,Model Dermatol,m,squamous_cell_carcinoma_vs_rest,FALSE,FALSE,0,1
91a12888aa3eb6ac9011939352a9c6e2,5,V-VI,benign nevus,benign,Model Dermatol,m,malignant_vs_benign,FALSE,FALSE,0,1
91a12888aa3eb6ac9011939352a9c6e2,5,V-VI,benign nevus,benign,Model Dermatol,m,melanoma_vs_rest,FALSE,FALSE,0,1
91a12888aa3eb6ac9011939352a9c6e2,5,V-VI,benign nevus,benign,Model Dermatol,m,basal_cell_carcinoma_vs_rest,FALSE,FALSE,0,1
91a12888aa3eb6ac9011939352a9c6e2,5,V-VI,benign nevus,benign,Model Dermatol,m,squamous_cell_carcinoma_vs_rest,FALSE,FALSE,0,1
9a049a3ca3f96ae3356d30d1486f7bef,5,V-VI,benign nevus,benign,Model Dermatol,m,malignant_vs_benign,FALSE,FALSE,0,1
9a049a3ca3f96ae3356d30d1486f7bef,5,V-VI,benign nevus,benign,Model Dermatol,m,melanoma_vs_rest,FALSE,FALSE,0,1
9a049a3ca3f96ae3356d30d1486f7bef,5,V-VI,benign nevus,benign,Model Dermatol,m,basal_cell_carcinoma_vs_rest,FALSE,FALSE,0,1
9a049a3ca3f96ae3356d30d1486f7bef,5,V-VI,benign nevus,benign,Model Dermatol,m,squamous_cell_carcinoma_vs_rest,FALSE,FALSE,0,1
a11c754f8e19c7a770d73878f86766b8,5,V-VI,benign nevus,benign,Model Dermatol,m,malignant_vs_benign,FALSE,FALSE,0,1
a11c754f8e19c7a770d73878f86766b8,5,V-VI,benign nevus,benign,Model Dermatol,m,melanoma_vs_rest,FALSE,FALSE,0,1
a11c754f8e19c7a770d73878f86766b8,5,V-VI,benign nevus,benign,Model Dermatol,m,basal_cell_carcinoma_vs_rest,FALSE,FALSE,0,1
a11c754f8e19c7a770d73878f86766b8,5,V-VI,benign nevus,benign,Model Dermatol,m,squamous_cell_carcinoma_vs_rest,FALSE,FALSE,0,1
cd1723ac116758cb87a16e7a1a30f270,5,V-VI,benign nevus,benign,Model Dermatol,m,malignant_vs_benign,FALSE,FALSE,0,1
cd1723ac116758cb87a16e7a1a30f270,5,V-VI,benign nevus,benign,Model Dermatol,m,melanoma_vs_rest,FALSE,FALSE,0,1
cd1723ac116758cb87a16e7a1a30f270,5,V-VI,benign nevus,benign,Model Dermatol,m,basal_cell_carcinoma_vs_rest,FALSE,FALSE,0,1
cd1723ac116758cb87a16e7a1a30f270,5,V-VI,benign nevus,benign,Model Dermatol,m,squamous_cell_carcinoma_vs_rest,FALSE,FALSE,0,1
d4e6307697e22eed8376fb2e2c54ab1f,5,V-VI,benign nevus,benign,Model Dermatol,m,malignant_vs_benign,FALSE,FALSE,0,1
d4e6307697e22eed8376fb2e2c54ab1f,5,V-VI,benign nevus,benign,Model Dermatol,m,melanoma_vs_rest,FALSE,FALSE,0,1
d4e6307697e22eed8376fb2e2c54ab1f,5,V-VI,benign nevus,benign,Model Dermatol,m,basal_cell_carcinoma_vs_rest,FALSE,FALSE,0,1
d4e6307697e22eed8376fb2e2c54ab1f,5,V-VI,benign nevus,benign,Model Dermatol,m,squamous_cell_carcinoma_vs_rest,FALSE,FALSE,0,1
f2eda43c2fa0e4d269fe8cc4baf1e7d6,5,V-VI,benign nevus,benign,Model Dermatol,m,malignant_vs_benign,FALSE,FALSE,0,1
f2eda43c2fa0e4d269fe8cc4baf1e7d6,5,V-VI,benign nevus,benign,Model Dermatol,m,melanoma_vs_rest,FALSE,FALSE,0,1
f2eda43c2fa0e4d269fe8cc4baf1e7d6,5,V-VI,benign nevus,benign,Model Dermatol,m,basal_cell_carcinoma_vs_rest,FALSE,FALSE,0,1
f2eda43c2fa0e4d269fe8cc4baf1e7d6,5,V-VI,benign nevus,benign,Model Dermatol,m,squamous_cell_carcinoma_vs_rest,FALSE,FALSE,0,1
f6fe73e66c6d27e33da417c8bc431847,5,V-VI,benign nevus,benign,Model Dermatol,m,malignant_vs_benign,FALSE,FALSE,0,1
f6fe73e66c6d27e33da417c8bc431847,5,V-VI,benign nevus,benign,Model Dermatol,m,melanoma_vs_rest,FALSE,FALSE,0,1
f6fe73e66c6d27e33da417c8bc431847,5,V-VI,benign nevus,benign,Model Dermatol,m,basal_cell_carcinoma_vs_rest,FALSE,FALSE,0,1
f6fe73e66c6d27e33da417c8bc431847,5,V-VI,benign nevus,benign,Model Dermatol,m,squamous_cell_carcinoma_vs_rest,FALSE,FALSE,0,1
94238b7bc1fa76e2fb7825d28a755453,6,V-VI,benign nevus,benign,Model Dermatol,m,malignant_vs_benign,FALSE,FALSE,0,1
94238b7bc1fa76e2fb7825d28a755453,6,V-VI,benign nevus,benign,Model Dermatol,m,melanoma_vs_rest,FALSE,FALSE,0,1
94238b7bc1fa76e2fb7825d28a755453,6,V-VI,benign nevus,benign,Model Dermatol,m,basal_cell_carcinoma_vs_rest,FALSE,FALSE,0,1
94238b7bc1fa76e2fb7825d28a755453,6,V-VI,benign nevus,benign,Model Dermatol,m,squamous_cell_carcinoma_vs_rest,FALSE,FALSE,0,1
23298fb4037f3307f5a65b9e65d201a5,6,V-VI,benign nevus,benign,Model Dermatol,m,malignant_vs_benign,FALSE,FALSE,0,1
23298fb4037f3307f5a65b9e65d201a5,6,V-VI,benign nevus,benign,Model Dermatol,m,melanoma_vs_rest,FALSE,FALSE,0,1
23298fb4037f3307f5a65b9e65d201a5,6,V-VI,benign nevus,benign,Model Dermatol,m,basal_cell_carcinoma_vs_rest,FALSE,FALSE,0,1
23298fb4037f3307f5a65b9e65d201a5,6,V-VI,benign nevus,benign,Model Dermatol,m,squamous_cell_carcinoma_vs_rest,FALSE,FALSE,0,1
fc00af3afd475aa7679fe83be88b4b8e,1,I-II,squamous cell carcinoma,malignant,ChatGPT,c,malignant_vs_benign,TRUE,TRUE,0.55,1
fc00af3afd475aa7679fe83be88b4b8e,1,I-II,squamous cell carcinoma,malignant,ChatGPT,c,melanoma_vs_rest,FALSE,FALSE,0,1
fc00af3afd475aa7679fe83be88b4b8e,1,I-II,squamous cell carcinoma,malignant,ChatGPT,c,basal_cell_carcinoma_vs_rest,FALSE,FALSE,0,1
fc00af3afd475aa7679fe83be88b4b8e,1,I-II,squamous cell carcinoma,malignant,ChatGPT,c,squamous_cell_carcinoma_vs_rest,TRUE,TRUE,0.55,1
c0d87b8dc5b8419b85c8fa07517007fd,1,I-II,squamous cell carcinoma,malignant,ChatGPT,c,malignant_vs_benign,TRUE,TRUE,0.6,1
c0d87b8dc5b8419b85c8fa07517007fd,1,I-II,squamous cell carcinoma,malignant,ChatGPT,c,melanoma_vs_rest,FALSE,FALSE,0,1
c0d87b8dc5b8419b85c8fa07517007fd,1,I-II,squamous cell carcinoma,malignant,ChatGPT,c,basal_cell_carcinoma_vs_rest,FALSE,FALSE,0,1
c0d87b8dc5b8419b85c8fa07517007fd,1,I-II,squamous cell carcinoma,malignant,ChatGPT,c,squamous_cell_carcinoma_vs_rest,TRUE,TRUE,0.6,1
57b5a38f58b25a43d4997a599154baf9,1,I-II,squamous cell carcinoma,malignant,ChatGPT,c,malignant_vs_benign,TRUE,TRUE,0.65,1
57b5a38f58b25a43d4997a599154baf9,1,I-II,squamous cell carcinoma,malignant,ChatGPT,c,melanoma_vs_rest,FALSE,FALSE,0,1
57b5a38f58b25a43d4997a599154baf9,1,I-II,squamous cell carcinoma,malignant,ChatGPT,c,basal_cell_carcinoma_vs_rest,FALSE,FALSE,0,1
57b5a38f58b25a43d4997a599154baf9,1,I-II,squamous cell carcinoma,malignant,ChatGPT,c,squamous_cell_carcinoma_vs_rest,TRUE,TRUE,0.65,1
a49abcfad0d9a5270d1c9488a6fc466f,1,I-II,squamous cell carcinoma,malignant,ChatGPT,c,malignant_vs_benign,TRUE,FALSE,0,0
a49abcfad0d9a5270d1c9488a6fc466f,1,I-II,squamous cell carcinoma,malignant,ChatGPT,c,melanoma_vs_rest,FALSE,FALSE,0,1
a49abcfad0d9a5270d1c9488a6fc466f,1,I-II,squamous cell carcinoma,malignant,ChatGPT,c,basal_cell_carcinoma_vs_rest,FALSE,FALSE,0,1
a49abcfad0d9a5270d1c9488a6fc466f,1,I-II,squamous cell carcinoma,malignant,ChatGPT,c,squamous_cell_carcinoma_vs_rest,TRUE,FALSE,0,0
50c5fdef946e0cd8ef022a82c6167381,1,I-II,squamous cell carcinoma,malignant,ChatGPT,c,malignant_vs_benign,TRUE,TRUE,0.5,1
50c5fdef946e0cd8ef022a82c6167381,1,I-II,squamous cell carcinoma,malignant,ChatGPT,c,melanoma_vs_rest,FALSE,FALSE,0,1
50c5fdef946e0cd8ef022a82c6167381,1,I-II,squamous cell carcinoma,malignant,ChatGPT,c,basal_cell_carcinoma_vs_rest,FALSE,FALSE,0.15,1
50c5fdef946e0cd8ef022a82c6167381,1,I-II,squamous cell carcinoma,malignant,ChatGPT,c,squamous_cell_carcinoma_vs_rest,TRUE,TRUE,0.5,1
fce617ed190a7d97bfad65ebb6e767d7,1,I-II,squamous cell carcinoma,malignant,ChatGPT,c,malignant_vs_benign,TRUE,FALSE,0.25,0
fce617ed190a7d97bfad65ebb6e767d7,1,I-II,squamous cell carcinoma,malignant,ChatGPT,c,melanoma_vs_rest,FALSE,FALSE,0,1
fce617ed190a7d97bfad65ebb6e767d7,1,I-II,squamous cell carcinoma,malignant,ChatGPT,c,basal_cell_carcinoma_vs_rest,FALSE,FALSE,0.25,1
fce617ed190a7d97bfad65ebb6e767d7,1,I-II,squamous cell carcinoma,malignant,ChatGPT,c,squamous_cell_carcinoma_vs_rest,TRUE,FALSE,0,0
547fd367c30b04f56988da2c5aab46f4,1,I-II,squamous cell carcinoma,malignant,ChatGPT,c,malignant_vs_benign,TRUE,TRUE,0.4,1
547fd367c30b04f56988da2c5aab46f4,1,I-II,squamous cell carcinoma,malignant,ChatGPT,c,melanoma_vs_rest,FALSE,FALSE,0,1
547fd367c30b04f56988da2c5aab46f4,1,I-II,squamous cell carcinoma,malignant,ChatGPT,c,basal_cell_carcinoma_vs_rest,FALSE,FALSE,0,1
547fd367c30b04f56988da2c5aab46f4,1,I-II,squamous cell carcinoma,malignant,ChatGPT,c,squamous_cell_carcinoma_vs_rest,TRUE,TRUE,0.4,1
66f46297056511b1057d5c31ad7acd23,1,I-II,squamous cell carcinoma,malignant,ChatGPT,c,malignant_vs_benign,TRUE,FALSE,0,0
66f46297056511b1057d5c31ad7acd23,1,I-II,squamous cell carcinoma,malignant,ChatGPT,c,melanoma_vs_rest,FALSE,FALSE,0,1
66f46297056511b1057d5c31ad7acd23,1,I-II,squamous cell carcinoma,malignant,ChatGPT,c,basal_cell_carcinoma_vs_rest,FALSE,FALSE,0,1
66f46297056511b1057d5c31ad7acd23,1,I-II,squamous cell carcinoma,malignant,ChatGPT,c,squamous_cell_carcinoma_vs_rest,TRUE,FALSE,0,0
2222992c3bb757f63b0f36674ea0e5f2,1,I-II,squamous cell carcinoma,malignant,ChatGPT,c,malignant_vs_benign,TRUE,TRUE,0.5,1
2222992c3bb757f63b0f36674ea0e5f2,1,I-II,squamous cell carcinoma,malignant,ChatGPT,c,melanoma_vs_rest,FALSE,FALSE,0,1
2222992c3bb757f63b0f36674ea0e5f2,1,I-II,squamous cell carcinoma,malignant,ChatGPT,c,basal_cell_carcinoma_vs_rest,FALSE,FALSE,0.15,1
2222992c3bb757f63b0f36674ea0e5f2,1,I-II,squamous cell carcinoma,malignant,ChatGPT,c,squamous_cell_carcinoma_vs_rest,TRUE,FALSE,0.35,0
a3a0ffe406386ff29eb7a6cebc3c4985,1,I-II,squamous cell carcinoma,malignant,ChatGPT,c,malignant_vs_benign,TRUE,TRUE,0.5,1
a3a0ffe406386ff29eb7a6cebc3c4985,1,I-II,squamous cell carcinoma,malignant,ChatGPT,c,melanoma_vs_rest,FALSE,FALSE,0,1
a3a0ffe406386ff29eb7a6cebc3c4985,1,I-II,squamous cell carcinoma,malignant,ChatGPT,c,basal_cell_carcinoma_vs_rest,FALSE,FALSE,0,1
a3a0ffe406386ff29eb7a6cebc3c4985,1,I-II,squamous cell carcinoma,malignant,ChatGPT,c,squamous_cell_carcinoma_vs_rest,TRUE,FALSE,0.35,0
9a2685b99d2db77c7297891d1c5b2dae,2,I-II,squamous cell carcinoma,malignant,ChatGPT,c,malignant_vs_benign,TRUE,TRUE,0.45,1
9a2685b99d2db77c7297891d1c5b2dae,2,I-II,squamous cell carcinoma,malignant,ChatGPT,c,melanoma_vs_rest,FALSE,FALSE,0,1
9a2685b99d2db77c7297891d1c5b2dae,2,I-II,squamous cell carcinoma,malignant,ChatGPT,c,basal_cell_carcinoma_vs_rest,FALSE,FALSE,0,1
9a2685b99d2db77c7297891d1c5b2dae,2,I-II,squamous cell carcinoma,malignant,ChatGPT,c,squamous_cell_carcinoma_vs_rest,TRUE,TRUE,0.45,1
4ff4109275ef98c7cd754dee47249adc,2,I-II,squamous cell carcinoma,malignant,ChatGPT,c,malignant_vs_benign,TRUE,TRUE,0.4,1
4ff4109275ef98c7cd754dee47249adc,2,I-II,squamous cell carcinoma,malignant,ChatGPT,c,melanoma_vs_rest,FALSE,FALSE,0,1
4ff4109275ef98c7cd754dee47249adc,2,I-II,squamous cell carcinoma,malignant,ChatGPT,c,basal_cell_carcinoma_vs_rest,FALSE,TRUE,0.4,0
4ff4109275ef98c7cd754dee47249adc,2,I-II,squamous cell carcinoma,malignant,ChatGPT,c,squamous_cell_carcinoma_vs_rest,TRUE,FALSE,0,0
38d20f98356a171a3c206985213c366b,2,I-II,squamous cell carcinoma,malignant,ChatGPT,c,malignant_vs_benign,TRUE,TRUE,0.45,1
38d20f98356a171a3c206985213c366b,2,I-II,squamous cell carcinoma,malignant,ChatGPT,c,melanoma_vs_rest,FALSE,FALSE,0,1
38d20f98356a171a3c206985213c366b,2,I-II,squamous cell carcinoma,malignant,ChatGPT,c,basal_cell_carcinoma_vs_rest,FALSE,TRUE,0.45,0
38d20f98356a171a3c206985213c366b,2,I-II,squamous cell carcinoma,malignant,ChatGPT,c,squamous_cell_carcinoma_vs_rest,TRUE,FALSE,0.35,0
7075c2cde6d86aa53d709a2ead26b93f,2,I-II,squamous cell carcinoma,malignant,ChatGPT,c,malignant_vs_benign,TRUE,FALSE,0.3,0
7075c2cde6d86aa53d709a2ead26b93f,2,I-II,squamous cell carcinoma,malignant,ChatGPT,c,melanoma_vs_rest,FALSE,FALSE,0,1
7075c2cde6d86aa53d709a2ead26b93f,2,I-II,squamous cell carcinoma,malignant,ChatGPT,c,basal_cell_carcinoma_vs_rest,FALSE,FALSE,0,1
7075c2cde6d86aa53d709a2ead26b93f,2,I-II,squamous cell carcinoma,malignant,ChatGPT,c,squamous_cell_carcinoma_vs_rest,TRUE,FALSE,0.3,0
48cec03c27c9107baa6cea045851ec23,2,I-II,squamous cell carcinoma,malignant,ChatGPT,c,malignant_vs_benign,TRUE,TRUE,0.45,1
48cec03c27c9107baa6cea045851ec23,2,I-II,squamous cell carcinoma,malignant,ChatGPT,c,melanoma_vs_rest,FALSE,FALSE,0,1
48cec03c27c9107baa6cea045851ec23,2,I-II,squamous cell carcinoma,malignant,ChatGPT,c,basal_cell_carcinoma_vs_rest,FALSE,FALSE,0,1
48cec03c27c9107baa6cea045851ec23,2,I-II,squamous cell carcinoma,malignant,ChatGPT,c,squamous_cell_carcinoma_vs_rest,TRUE,TRUE,0.45,1
6f6f8c6bb2e0d48e9c6b4d4345ab56b7,2,I-II,squamous cell carcinoma,malignant,ChatGPT,c,malignant_vs_benign,TRUE,TRUE,0.55,1
6f6f8c6bb2e0d48e9c6b4d4345ab56b7,2,I-II,squamous cell carcinoma,malignant,ChatGPT,c,melanoma_vs_rest,FALSE,FALSE,0,1
6f6f8c6bb2e0d48e9c6b4d4345ab56b7,2,I-II,squamous cell carcinoma,malignant,ChatGPT,c,basal_cell_carcinoma_vs_rest,FALSE,FALSE,0,1
6f6f8c6bb2e0d48e9c6b4d4345ab56b7,2,I-II,squamous cell carcinoma,malignant,ChatGPT,c,squamous_cell_carcinoma_vs_rest,TRUE,TRUE,0.55,1
9ec57ddbac15eba36a635c7c7eb7b4c0,2,I-II,squamous cell carcinoma,malignant,ChatGPT,c,malignant_vs_benign,TRUE,TRUE,0.45,1
9ec57ddbac15eba36a635c7c7eb7b4c0,2,I-II,squamous cell carcinoma,malignant,ChatGPT,c,melanoma_vs_rest,FALSE,FALSE,0,1
9ec57ddbac15eba36a635c7c7eb7b4c0,2,I-II,squamous cell carcinoma,malignant,ChatGPT,c,basal_cell_carcinoma_vs_rest,FALSE,FALSE,0,1
9ec57ddbac15eba36a635c7c7eb7b4c0,2,I-II,squamous cell carcinoma,malignant,ChatGPT,c,squamous_cell_carcinoma_vs_rest,TRUE,FALSE,0.35,0
f909638c31e8f182ddf042a2573a96b2,2,I-II,squamous cell carcinoma,malignant,ChatGPT,c,malignant_vs_benign,TRUE,TRUE,0.45,1
f909638c31e8f182ddf042a2573a96b2,2,I-II,squamous cell carcinoma,malignant,ChatGPT,c,melanoma_vs_rest,FALSE,FALSE,0,1
f909638c31e8f182ddf042a2573a96b2,2,I-II,squamous cell carcinoma,malignant,ChatGPT,c,basal_cell_carcinoma_vs_rest,FALSE,FALSE,0.15,1
f909638c31e8f182ddf042a2573a96b2,2,I-II,squamous cell carcinoma,malignant,ChatGPT,c,squamous_cell_carcinoma_vs_rest,TRUE,FALSE,0.4,0
2b1d6c4f83524d2e9a0047053986b6a3,2,I-II,squamous cell carcinoma,malignant,ChatGPT,c,malignant_vs_benign,TRUE,TRUE,0.4,1
2b1d6c4f83524d2e9a0047053986b6a3,2,I-II,squamous cell carcinoma,malignant,ChatGPT,c,melanoma_vs_rest,FALSE,FALSE,0,1
2b1d6c4f83524d2e9a0047053986b6a3,2,I-II,squamous cell carcinoma,malignant,ChatGPT,c,basal_cell_carcinoma_vs_rest,FALSE,FALSE,0.25,1
2b1d6c4f83524d2e9a0047053986b6a3,2,I-II,squamous cell carcinoma,malignant,ChatGPT,c,squamous_cell_carcinoma_vs_rest,TRUE,TRUE,0.4,1
d48ef382ac315465ba4322ca3b660c8f,2,I-II,squamous cell carcinoma,malignant,ChatGPT,c,malignant_vs_benign,TRUE,TRUE,0.55,1
d48ef382ac315465ba4322ca3b660c8f,2,I-II,squamous cell carcinoma,malignant,ChatGPT,c,melanoma_vs_rest,FALSE,FALSE,0,1
d48ef382ac315465ba4322ca3b660c8f,2,I-II,squamous cell carcinoma,malignant,ChatGPT,c,basal_cell_carcinoma_vs_rest,FALSE,FALSE,0,1
d48ef382ac315465ba4322ca3b660c8f,2,I-II,squamous cell carcinoma,malignant,ChatGPT,c,squamous_cell_carcinoma_vs_rest,TRUE,FALSE,0.3,0
07360bff59d68a64fe7e279625a4bbd4,3,III-IV,squamous cell carcinoma,malignant,ChatGPT,c,malignant_vs_benign,TRUE,FALSE,0,0
07360bff59d68a64fe7e279625a4bbd4,3,III-IV,squamous cell carcinoma,malignant,ChatGPT,c,melanoma_vs_rest,FALSE,FALSE,0,1
07360bff59d68a64fe7e279625a4bbd4,3,III-IV,squamous cell carcinoma,malignant,ChatGPT,c,basal_cell_carcinoma_vs_rest,FALSE,FALSE,0,1
07360bff59d68a64fe7e279625a4bbd4,3,III-IV,squamous cell carcinoma,malignant,ChatGPT,c,squamous_cell_carcinoma_vs_rest,TRUE,FALSE,0,0
bc578ce738482dd8f76af0c5ef32bca6,3,III-IV,squamous cell carcinoma,malignant,ChatGPT,c,malignant_vs_benign,TRUE,TRUE,0.45,1
bc578ce738482dd8f76af0c5ef32bca6,3,III-IV,squamous cell carcinoma,malignant,ChatGPT,c,melanoma_vs_rest,FALSE,FALSE,0,1
bc578ce738482dd8f76af0c5ef32bca6,3,III-IV,squamous cell carcinoma,malignant,ChatGPT,c,basal_cell_carcinoma_vs_rest,FALSE,FALSE,0,1
bc578ce738482dd8f76af0c5ef32bca6,3,III-IV,squamous cell carcinoma,malignant,ChatGPT,c,squamous_cell_carcinoma_vs_rest,TRUE,FALSE,0.4,0
15e4e61777fdee377d7a930c224939d0,3,III-IV,squamous cell carcinoma,malignant,ChatGPT,c,malignant_vs_benign,TRUE,FALSE,0,0
15e4e61777fdee377d7a930c224939d0,3,III-IV,squamous cell carcinoma,malignant,ChatGPT,c,melanoma_vs_rest,FALSE,FALSE,0,1
15e4e61777fdee377d7a930c224939d0,3,III-IV,squamous cell carcinoma,malignant,ChatGPT,c,basal_cell_carcinoma_vs_rest,FALSE,FALSE,0,1
15e4e61777fdee377d7a930c224939d0,3,III-IV,squamous cell carcinoma,malignant,ChatGPT,c,squamous_cell_carcinoma_vs_rest,TRUE,FALSE,0,0
82f57c180f4a89b2fcce489bf47a2074,3,III-IV,squamous cell carcinoma,malignant,ChatGPT,c,malignant_vs_benign,TRUE,TRUE,0.45,1
82f57c180f4a89b2fcce489bf47a2074,3,III-IV,squamous cell carcinoma,malignant,ChatGPT,c,melanoma_vs_rest,FALSE,FALSE,0,1
82f57c180f4a89b2fcce489bf47a2074,3,III-IV,squamous cell carcinoma,malignant,ChatGPT,c,basal_cell_carcinoma_vs_rest,FALSE,FALSE,0,1
82f57c180f4a89b2fcce489bf47a2074,3,III-IV,squamous cell carcinoma,malignant,ChatGPT,c,squamous_cell_carcinoma_vs_rest,TRUE,TRUE,0.45,1
0b035e5709e08c96e471bf050c805697,3,III-IV,squamous cell carcinoma,malignant,ChatGPT,c,malignant_vs_benign,TRUE,FALSE,0,0
0b035e5709e08c96e471bf050c805697,3,III-IV,squamous cell carcinoma,malignant,ChatGPT,c,melanoma_vs_rest,FALSE,FALSE,0,1
0b035e5709e08c96e471bf050c805697,3,III-IV,squamous cell carcinoma,malignant,ChatGPT,c,basal_cell_carcinoma_vs_rest,FALSE,FALSE,0,1
0b035e5709e08c96e471bf050c805697,3,III-IV,squamous cell carcinoma,malignant,ChatGPT,c,squamous_cell_carcinoma_vs_rest,TRUE,FALSE,0,0
2cd9e868bed17ffb8c6b118d91c441c7,3,III-IV,squamous cell carcinoma,malignant,ChatGPT,c,malignant_vs_benign,TRUE,TRUE,0.4,1
2cd9e868bed17ffb8c6b118d91c441c7,3,III-IV,squamous cell carcinoma,malignant,ChatGPT,c,melanoma_vs_rest,FALSE,FALSE,0,1
2cd9e868bed17ffb8c6b118d91c441c7,3,III-IV,squamous cell carcinoma,malignant,ChatGPT,c,basal_cell_carcinoma_vs_rest,FALSE,FALSE,0,1
2cd9e868bed17ffb8c6b118d91c441c7,3,III-IV,squamous cell carcinoma,malignant,ChatGPT,c,squamous_cell_carcinoma_vs_rest,TRUE,TRUE,0.4,1
d0b0400c882ead562db99693b7548504,3,III-IV,squamous cell carcinoma,malignant,ChatGPT,c,malignant_vs_benign,TRUE,TRUE,0.5,1
d0b0400c882ead562db99693b7548504,3,III-IV,squamous cell carcinoma,malignant,ChatGPT,c,melanoma_vs_rest,FALSE,FALSE,0,1
d0b0400c882ead562db99693b7548504,3,III-IV,squamous cell carcinoma,malignant,ChatGPT,c,basal_cell_carcinoma_vs_rest,FALSE,FALSE,0.15,1
d0b0400c882ead562db99693b7548504,3,III-IV,squamous cell carcinoma,malignant,ChatGPT,c,squamous_cell_carcinoma_vs_rest,TRUE,FALSE,0.35,0
567224dca06e7f3fa5ec45ee4745a4e1,3,III-IV,squamous cell carcinoma,malignant,ChatGPT,c,malignant_vs_benign,TRUE,TRUE,0.45,1
567224dca06e7f3fa5ec45ee4745a4e1,3,III-IV,squamous cell carcinoma,malignant,ChatGPT,c,melanoma_vs_rest,FALSE,FALSE,0,1
567224dca06e7f3fa5ec45ee4745a4e1,3,III-IV,squamous cell carcinoma,malignant,ChatGPT,c,basal_cell_carcinoma_vs_rest,FALSE,TRUE,0.45,0
567224dca06e7f3fa5ec45ee4745a4e1,3,III-IV,squamous cell carcinoma,malignant,ChatGPT,c,squamous_cell_carcinoma_vs_rest,TRUE,FALSE,0.25,0
528442cac3214e5f4785f78b1fcad0cc,3,III-IV,squamous cell carcinoma,malignant,ChatGPT,c,malignant_vs_benign,TRUE,TRUE,0.45,1
528442cac3214e5f4785f78b1fcad0cc,3,III-IV,squamous cell carcinoma,malignant,ChatGPT,c,melanoma_vs_rest,FALSE,FALSE,0,1
528442cac3214e5f4785f78b1fcad0cc,3,III-IV,squamous cell carcinoma,malignant,ChatGPT,c,basal_cell_carcinoma_vs_rest,FALSE,FALSE,0,1
528442cac3214e5f4785f78b1fcad0cc,3,III-IV,squamous cell carcinoma,malignant,ChatGPT,c,squamous_cell_carcinoma_vs_rest,TRUE,FALSE,0.4,0
7ae07553e54194d86ee8dac84e470ff8,3,III-IV,squamous cell carcinoma,malignant,ChatGPT,c,malignant_vs_benign,TRUE,FALSE,0,0
7ae07553e54194d86ee8dac84e470ff8,3,III-IV,squamous cell carcinoma,malignant,ChatGPT,c,melanoma_vs_rest,FALSE,FALSE,0,1
7ae07553e54194d86ee8dac84e470ff8,3,III-IV,squamous cell carcinoma,malignant,ChatGPT,c,basal_cell_carcinoma_vs_rest,FALSE,FALSE,0,1
7ae07553e54194d86ee8dac84e470ff8,3,III-IV,squamous cell carcinoma,malignant,ChatGPT,c,squamous_cell_carcinoma_vs_rest,TRUE,FALSE,0,0
69568fbb5f210c22cc07d54a578dfffe,4,III-IV,squamous cell carcinoma,malignant,ChatGPT,c,malignant_vs_benign,TRUE,TRUE,0.45,1
69568fbb5f210c22cc07d54a578dfffe,4,III-IV,squamous cell carcinoma,malignant,ChatGPT,c,melanoma_vs_rest,FALSE,FALSE,0,1
69568fbb5f210c22cc07d54a578dfffe,4,III-IV,squamous cell carcinoma,malignant,ChatGPT,c,basal_cell_carcinoma_vs_rest,FALSE,FALSE,0,1
69568fbb5f210c22cc07d54a578dfffe,4,III-IV,squamous cell carcinoma,malignant,ChatGPT,c,squamous_cell_carcinoma_vs_rest,TRUE,FALSE,0.35,0
45b54dadb3dfc9b5f0daaf9359fcbc43,4,III-IV,squamous cell carcinoma,malignant,ChatGPT,c,malignant_vs_benign,TRUE,TRUE,0.6,1
45b54dadb3dfc9b5f0daaf9359fcbc43,4,III-IV,squamous cell carcinoma,malignant,ChatGPT,c,melanoma_vs_rest,FALSE,FALSE,0,1
45b54dadb3dfc9b5f0daaf9359fcbc43,4,III-IV,squamous cell carcinoma,malignant,ChatGPT,c,basal_cell_carcinoma_vs_rest,FALSE,FALSE,0,1
45b54dadb3dfc9b5f0daaf9359fcbc43,4,III-IV,squamous cell carcinoma,malignant,ChatGPT,c,squamous_cell_carcinoma_vs_rest,TRUE,TRUE,0.6,1
9de1afbb265ce50b1d0829f54fe4b668,4,III-IV,squamous cell carcinoma,malignant,ChatGPT,c,malignant_vs_benign,TRUE,TRUE,0.4,1
9de1afbb265ce50b1d0829f54fe4b668,4,III-IV,squamous cell carcinoma,malignant,ChatGPT,c,melanoma_vs_rest,FALSE,FALSE,0,1
9de1afbb265ce50b1d0829f54fe4b668,4,III-IV,squamous cell carcinoma,malignant,ChatGPT,c,basal_cell_carcinoma_vs_rest,FALSE,TRUE,0.4,0
9de1afbb265ce50b1d0829f54fe4b668,4,III-IV,squamous cell carcinoma,malignant,ChatGPT,c,squamous_cell_carcinoma_vs_rest,TRUE,FALSE,0.25,0
4e90f3cc9051c8bcc7ee07f25e169134,4,III-IV,squamous cell carcinoma,malignant,ChatGPT,c,malignant_vs_benign,TRUE,TRUE,0.45,1
4e90f3cc9051c8bcc7ee07f25e169134,4,III-IV,squamous cell carcinoma,malignant,ChatGPT,c,melanoma_vs_rest,FALSE,FALSE,0,1
4e90f3cc9051c8bcc7ee07f25e169134,4,III-IV,squamous cell carcinoma,malignant,ChatGPT,c,basal_cell_carcinoma_vs_rest,FALSE,FALSE,0.2,1
4e90f3cc9051c8bcc7ee07f25e169134,4,III-IV,squamous cell carcinoma,malignant,ChatGPT,c,squamous_cell_carcinoma_vs_rest,TRUE,TRUE,0.45,1
ba50c75cb5701c4f29b7f662510fca0a,4,III-IV,squamous cell carcinoma,malignant,ChatGPT,c,malignant_vs_benign,TRUE,FALSE,0,0
ba50c75cb5701c4f29b7f662510fca0a,4,III-IV,squamous cell carcinoma,malignant,ChatGPT,c,melanoma_vs_rest,FALSE,FALSE,0,1
ba50c75cb5701c4f29b7f662510fca0a,4,III-IV,squamous cell carcinoma,malignant,ChatGPT,c,basal_cell_carcinoma_vs_rest,FALSE,FALSE,0,1
ba50c75cb5701c4f29b7f662510fca0a,4,III-IV,squamous cell carcinoma,malignant,ChatGPT,c,squamous_cell_carcinoma_vs_rest,TRUE,FALSE,0,0
b689987ba3fa37e45f8c62f349f992a9,4,III-IV,squamous cell carcinoma,malignant,ChatGPT,c,malignant_vs_benign,TRUE,TRUE,0.5,1
b689987ba3fa37e45f8c62f349f992a9,4,III-IV,squamous cell carcinoma,malignant,ChatGPT,c,melanoma_vs_rest,FALSE,FALSE,0,1
b689987ba3fa37e45f8c62f349f992a9,4,III-IV,squamous cell carcinoma,malignant,ChatGPT,c,basal_cell_carcinoma_vs_rest,FALSE,FALSE,0,1
b689987ba3fa37e45f8c62f349f992a9,4,III-IV,squamous cell carcinoma,malignant,ChatGPT,c,squamous_cell_carcinoma_vs_rest,TRUE,TRUE,0.5,1
f3f6c3ad40a1f6fcc3aba0d74a3de8c3,4,III-IV,squamous cell carcinoma,malignant,ChatGPT,c,malignant_vs_benign,TRUE,TRUE,0.45,1
f3f6c3ad40a1f6fcc3aba0d74a3de8c3,4,III-IV,squamous cell carcinoma,malignant,ChatGPT,c,melanoma_vs_rest,FALSE,FALSE,0,1
f3f6c3ad40a1f6fcc3aba0d74a3de8c3,4,III-IV,squamous cell carcinoma,malignant,ChatGPT,c,basal_cell_carcinoma_vs_rest,FALSE,TRUE,0.45,0
f3f6c3ad40a1f6fcc3aba0d74a3de8c3,4,III-IV,squamous cell carcinoma,malignant,ChatGPT,c,squamous_cell_carcinoma_vs_rest,TRUE,FALSE,0,0
fcc9ed3892215e076e9dc5b7a8bf81e7,4,III-IV,squamous cell carcinoma,malignant,ChatGPT,c,malignant_vs_benign,TRUE,TRUE,0.4,1
fcc9ed3892215e076e9dc5b7a8bf81e7,4,III-IV,squamous cell carcinoma,malignant,ChatGPT,c,melanoma_vs_rest,FALSE,FALSE,0,1
fcc9ed3892215e076e9dc5b7a8bf81e7,4,III-IV,squamous cell carcinoma,malignant,ChatGPT,c,basal_cell_carcinoma_vs_rest,FALSE,TRUE,0.4,0
fcc9ed3892215e076e9dc5b7a8bf81e7,4,III-IV,squamous cell carcinoma,malignant,ChatGPT,c,squamous_cell_carcinoma_vs_rest,TRUE,FALSE,0.25,0
73ac23918c9537a8c792938b64f779e0,4,III-IV,squamous cell carcinoma,malignant,ChatGPT,c,malignant_vs_benign,TRUE,FALSE,0.25,0
73ac23918c9537a8c792938b64f779e0,4,III-IV,squamous cell carcinoma,malignant,ChatGPT,c,melanoma_vs_rest,FALSE,FALSE,0.25,1
73ac23918c9537a8c792938b64f779e0,4,III-IV,squamous cell carcinoma,malignant,ChatGPT,c,basal_cell_carcinoma_vs_rest,FALSE,FALSE,0,1
73ac23918c9537a8c792938b64f779e0,4,III-IV,squamous cell carcinoma,malignant,ChatGPT,c,squamous_cell_carcinoma_vs_rest,TRUE,FALSE,0,0
4bd61d9c3ec99cdea6d24b0915e2cd12,4,III-IV,squamous cell carcinoma,malignant,ChatGPT,c,malignant_vs_benign,TRUE,FALSE,0.25,0
4bd61d9c3ec99cdea6d24b0915e2cd12,4,III-IV,squamous cell carcinoma,malignant,ChatGPT,c,melanoma_vs_rest,FALSE,FALSE,0,1
4bd61d9c3ec99cdea6d24b0915e2cd12,4,III-IV,squamous cell carcinoma,malignant,ChatGPT,c,basal_cell_carcinoma_vs_rest,FALSE,FALSE,0,1
4bd61d9c3ec99cdea6d24b0915e2cd12,4,III-IV,squamous cell carcinoma,malignant,ChatGPT,c,squamous_cell_carcinoma_vs_rest,TRUE,FALSE,0.25,0
5de18144953b0dcf774605ae4a9c65c3,5,V-VI,squamous cell carcinoma,malignant,ChatGPT,c,malignant_vs_benign,TRUE,FALSE,0.3,0
5de18144953b0dcf774605ae4a9c65c3,5,V-VI,squamous cell carcinoma,malignant,ChatGPT,c,melanoma_vs_rest,FALSE,FALSE,0,1
5de18144953b0dcf774605ae4a9c65c3,5,V-VI,squamous cell carcinoma,malignant,ChatGPT,c,basal_cell_carcinoma_vs_rest,FALSE,FALSE,0.3,1
5de18144953b0dcf774605ae4a9c65c3,5,V-VI,squamous cell carcinoma,malignant,ChatGPT,c,squamous_cell_carcinoma_vs_rest,TRUE,FALSE,0.3,0
5064dcda8586eb8f2548b1bfce9de3c2,5,V-VI,squamous cell carcinoma,malignant,ChatGPT,c,malignant_vs_benign,TRUE,FALSE,0,0
5064dcda8586eb8f2548b1bfce9de3c2,5,V-VI,squamous cell carcinoma,malignant,ChatGPT,c,melanoma_vs_rest,FALSE,FALSE,0,1
5064dcda8586eb8f2548b1bfce9de3c2,5,V-VI,squamous cell carcinoma,malignant,ChatGPT,c,basal_cell_carcinoma_vs_rest,FALSE,FALSE,0,1
5064dcda8586eb8f2548b1bfce9de3c2,5,V-VI,squamous cell carcinoma,malignant,ChatGPT,c,squamous_cell_carcinoma_vs_rest,TRUE,FALSE,0,0
e36a4c4eec75df99bd208175e4279e50,5,V-VI,squamous cell carcinoma,malignant,ChatGPT,c,malignant_vs_benign,TRUE,TRUE,0.7,1
e36a4c4eec75df99bd208175e4279e50,5,V-VI,squamous cell carcinoma,malignant,ChatGPT,c,melanoma_vs_rest,FALSE,FALSE,0,1
e36a4c4eec75df99bd208175e4279e50,5,V-VI,squamous cell carcinoma,malignant,ChatGPT,c,basal_cell_carcinoma_vs_rest,FALSE,FALSE,0,1
e36a4c4eec75df99bd208175e4279e50,5,V-VI,squamous cell carcinoma,malignant,ChatGPT,c,squamous_cell_carcinoma_vs_rest,TRUE,TRUE,0.7,1
24c7a58c0e60303086d0f5f89b121ae4,5,V-VI,squamous cell carcinoma,malignant,ChatGPT,c,malignant_vs_benign,TRUE,TRUE,0.45,1
24c7a58c0e60303086d0f5f89b121ae4,5,V-VI,squamous cell carcinoma,malignant,ChatGPT,c,melanoma_vs_rest,FALSE,FALSE,0,1
24c7a58c0e60303086d0f5f89b121ae4,5,V-VI,squamous cell carcinoma,malignant,ChatGPT,c,basal_cell_carcinoma_vs_rest,FALSE,FALSE,0,1
24c7a58c0e60303086d0f5f89b121ae4,5,V-VI,squamous cell carcinoma,malignant,ChatGPT,c,squamous_cell_carcinoma_vs_rest,TRUE,FALSE,0.4,0
1f2489a044a3e3de6bb33af5359e267b,5,V-VI,squamous cell carcinoma,malignant,ChatGPT,c,malignant_vs_benign,TRUE,TRUE,0.45,1
1f2489a044a3e3de6bb33af5359e267b,5,V-VI,squamous cell carcinoma,malignant,ChatGPT,c,melanoma_vs_rest,FALSE,FALSE,0,1
1f2489a044a3e3de6bb33af5359e267b,5,V-VI,squamous cell carcinoma,malignant,ChatGPT,c,basal_cell_carcinoma_vs_rest,FALSE,FALSE,0,1
1f2489a044a3e3de6bb33af5359e267b,5,V-VI,squamous cell carcinoma,malignant,ChatGPT,c,squamous_cell_carcinoma_vs_rest,TRUE,FALSE,0,0
257b98dac6241fa7fc474d3ccd0cc23e,5,V-VI,squamous cell carcinoma,malignant,ChatGPT,c,malignant_vs_benign,TRUE,TRUE,0.45,1
257b98dac6241fa7fc474d3ccd0cc23e,5,V-VI,squamous cell carcinoma,malignant,ChatGPT,c,melanoma_vs_rest,FALSE,FALSE,0,1
257b98dac6241fa7fc474d3ccd0cc23e,5,V-VI,squamous cell carcinoma,malignant,ChatGPT,c,basal_cell_carcinoma_vs_rest,FALSE,TRUE,0.45,0
257b98dac6241fa7fc474d3ccd0cc23e,5,V-VI,squamous cell carcinoma,malignant,ChatGPT,c,squamous_cell_carcinoma_vs_rest,TRUE,FALSE,0.35,0
70b283d0053a683abc14e4cf4ce83ac5,5,V-VI,squamous cell carcinoma,malignant,ChatGPT,c,malignant_vs_benign,TRUE,TRUE,0.45,1
70b283d0053a683abc14e4cf4ce83ac5,5,V-VI,squamous cell carcinoma,malignant,ChatGPT,c,melanoma_vs_rest,FALSE,FALSE,0,1
70b283d0053a683abc14e4cf4ce83ac5,5,V-VI,squamous cell carcinoma,malignant,ChatGPT,c,basal_cell_carcinoma_vs_rest,FALSE,TRUE,0.45,0
70b283d0053a683abc14e4cf4ce83ac5,5,V-VI,squamous cell carcinoma,malignant,ChatGPT,c,squamous_cell_carcinoma_vs_rest,TRUE,FALSE,0.35,0
4978a6b94f69b38e5a0fe45857242f45,5,V-VI,squamous cell carcinoma,malignant,ChatGPT,c,malignant_vs_benign,TRUE,FALSE,0,0
4978a6b94f69b38e5a0fe45857242f45,5,V-VI,squamous cell carcinoma,malignant,ChatGPT,c,melanoma_vs_rest,FALSE,FALSE,0,1
4978a6b94f69b38e5a0fe45857242f45,5,V-VI,squamous cell carcinoma,malignant,ChatGPT,c,basal_cell_carcinoma_vs_rest,FALSE,FALSE,0,1
4978a6b94f69b38e5a0fe45857242f45,5,V-VI,squamous cell carcinoma,malignant,ChatGPT,c,squamous_cell_carcinoma_vs_rest,TRUE,FALSE,0,0
a8d1b8f97efb9cebccd244b212d77f28,5,V-VI,squamous cell carcinoma,malignant,ChatGPT,c,malignant_vs_benign,TRUE,TRUE,0.45,1
a8d1b8f97efb9cebccd244b212d77f28,5,V-VI,squamous cell carcinoma,malignant,ChatGPT,c,melanoma_vs_rest,FALSE,FALSE,0,1
a8d1b8f97efb9cebccd244b212d77f28,5,V-VI,squamous cell carcinoma,malignant,ChatGPT,c,basal_cell_carcinoma_vs_rest,FALSE,FALSE,0,1
a8d1b8f97efb9cebccd244b212d77f28,5,V-VI,squamous cell carcinoma,malignant,ChatGPT,c,squamous_cell_carcinoma_vs_rest,TRUE,TRUE,0.45,1
54062cedd5bf0e41f3c95feba2bb0373,5,V-VI,squamous cell carcinoma,malignant,ChatGPT,c,malignant_vs_benign,TRUE,FALSE,0.3,0
54062cedd5bf0e41f3c95feba2bb0373,5,V-VI,squamous cell carcinoma,malignant,ChatGPT,c,melanoma_vs_rest,FALSE,FALSE,0,1
54062cedd5bf0e41f3c95feba2bb0373,5,V-VI,squamous cell carcinoma,malignant,ChatGPT,c,basal_cell_carcinoma_vs_rest,FALSE,FALSE,0.3,1
54062cedd5bf0e41f3c95feba2bb0373,5,V-VI,squamous cell carcinoma,malignant,ChatGPT,c,squamous_cell_carcinoma_vs_rest,TRUE,FALSE,0,0
1fc1eff4c66e8e14b039964fac65ba7e,6,V-VI,squamous cell carcinoma,malignant,ChatGPT,c,malignant_vs_benign,TRUE,TRUE,0.55,1
1fc1eff4c66e8e14b039964fac65ba7e,6,V-VI,squamous cell carcinoma,malignant,ChatGPT,c,melanoma_vs_rest,FALSE,FALSE,0.15,1
1fc1eff4c66e8e14b039964fac65ba7e,6,V-VI,squamous cell carcinoma,malignant,ChatGPT,c,basal_cell_carcinoma_vs_rest,FALSE,FALSE,0,1
1fc1eff4c66e8e14b039964fac65ba7e,6,V-VI,squamous cell carcinoma,malignant,ChatGPT,c,squamous_cell_carcinoma_vs_rest,TRUE,TRUE,0.55,1
bee428af68657ff702c769092b1998c6,6,V-VI,squamous cell carcinoma,malignant,ChatGPT,c,malignant_vs_benign,TRUE,TRUE,0.45,1
bee428af68657ff702c769092b1998c6,6,V-VI,squamous cell carcinoma,malignant,ChatGPT,c,melanoma_vs_rest,FALSE,FALSE,0,1
bee428af68657ff702c769092b1998c6,6,V-VI,squamous cell carcinoma,malignant,ChatGPT,c,basal_cell_carcinoma_vs_rest,FALSE,FALSE,0,1
bee428af68657ff702c769092b1998c6,6,V-VI,squamous cell carcinoma,malignant,ChatGPT,c,squamous_cell_carcinoma_vs_rest,TRUE,TRUE,0.45,1
aba082609e966daf665ccfbb264c226f,6,V-VI,squamous cell carcinoma,malignant,ChatGPT,c,malignant_vs_benign,TRUE,FALSE,0.25,0
aba082609e966daf665ccfbb264c226f,6,V-VI,squamous cell carcinoma,malignant,ChatGPT,c,melanoma_vs_rest,FALSE,FALSE,0,1
aba082609e966daf665ccfbb264c226f,6,V-VI,squamous cell carcinoma,malignant,ChatGPT,c,basal_cell_carcinoma_vs_rest,FALSE,FALSE,0,1
aba082609e966daf665ccfbb264c226f,6,V-VI,squamous cell carcinoma,malignant,ChatGPT,c,squamous_cell_carcinoma_vs_rest,TRUE,FALSE,0.25,0
9fe7369e9cd9a468a2feb65a81c4bb13,6,V-VI,squamous cell carcinoma,malignant,ChatGPT,c,malignant_vs_benign,TRUE,TRUE,0.4,1
9fe7369e9cd9a468a2feb65a81c4bb13,6,V-VI,squamous cell carcinoma,malignant,ChatGPT,c,melanoma_vs_rest,FALSE,FALSE,0,1
9fe7369e9cd9a468a2feb65a81c4bb13,6,V-VI,squamous cell carcinoma,malignant,ChatGPT,c,basal_cell_carcinoma_vs_rest,FALSE,FALSE,0,1
9fe7369e9cd9a468a2feb65a81c4bb13,6,V-VI,squamous cell carcinoma,malignant,ChatGPT,c,squamous_cell_carcinoma_vs_rest,TRUE,FALSE,0.35,0
c465d8b7a4273c618cea01568be5299a,6,V-VI,squamous cell carcinoma,malignant,ChatGPT,c,malignant_vs_benign,TRUE,TRUE,0.55,1
c465d8b7a4273c618cea01568be5299a,6,V-VI,squamous cell carcinoma,malignant,ChatGPT,c,melanoma_vs_rest,FALSE,FALSE,0,1
c465d8b7a4273c618cea01568be5299a,6,V-VI,squamous cell carcinoma,malignant,ChatGPT,c,basal_cell_carcinoma_vs_rest,FALSE,FALSE,0,1
c465d8b7a4273c618cea01568be5299a,6,V-VI,squamous cell carcinoma,malignant,ChatGPT,c,squamous_cell_carcinoma_vs_rest,TRUE,TRUE,0.55,1
af048401c6e99acaba177eef6c43c45c,6,V-VI,squamous cell carcinoma,malignant,ChatGPT,c,malignant_vs_benign,TRUE,FALSE,0.35,0
af048401c6e99acaba177eef6c43c45c,6,V-VI,squamous cell carcinoma,malignant,ChatGPT,c,melanoma_vs_rest,FALSE,FALSE,0,1
af048401c6e99acaba177eef6c43c45c,6,V-VI,squamous cell carcinoma,malignant,ChatGPT,c,basal_cell_carcinoma_vs_rest,FALSE,FALSE,0,1
af048401c6e99acaba177eef6c43c45c,6,V-VI,squamous cell carcinoma,malignant,ChatGPT,c,squamous_cell_carcinoma_vs_rest,TRUE,FALSE,0.35,0
36c7bbdced601b5d9fb1cc7cdc0df7e3,6,V-VI,squamous cell carcinoma,malignant,ChatGPT,c,malignant_vs_benign,TRUE,TRUE,0.65,1
36c7bbdced601b5d9fb1cc7cdc0df7e3,6,V-VI,squamous cell carcinoma,malignant,ChatGPT,c,melanoma_vs_rest,FALSE,FALSE,0.15,1
36c7bbdced601b5d9fb1cc7cdc0df7e3,6,V-VI,squamous cell carcinoma,malignant,ChatGPT,c,basal_cell_carcinoma_vs_rest,FALSE,FALSE,0.2,1
36c7bbdced601b5d9fb1cc7cdc0df7e3,6,V-VI,squamous cell carcinoma,malignant,ChatGPT,c,squamous_cell_carcinoma_vs_rest,TRUE,TRUE,0.65,1
7cedaa3277cb1efd41f5f9f70e6be0c7,6,V-VI,squamous cell carcinoma,malignant,ChatGPT,c,malignant_vs_benign,TRUE,TRUE,0.4,1
7cedaa3277cb1efd41f5f9f70e6be0c7,6,V-VI,squamous cell carcinoma,malignant,ChatGPT,c,melanoma_vs_rest,FALSE,FALSE,0,1
7cedaa3277cb1efd41f5f9f70e6be0c7,6,V-VI,squamous cell carcinoma,malignant,ChatGPT,c,basal_cell_carcinoma_vs_rest,FALSE,TRUE,0.4,0
7cedaa3277cb1efd41f5f9f70e6be0c7,6,V-VI,squamous cell carcinoma,malignant,ChatGPT,c,squamous_cell_carcinoma_vs_rest,TRUE,FALSE,0.35,0
33184eb4424abaf46843d89c4c408552,6,V-VI,squamous cell carcinoma,malignant,ChatGPT,c,malignant_vs_benign,TRUE,TRUE,0.6,1
33184eb4424abaf46843d89c4c408552,6,V-VI,squamous cell carcinoma,malignant,ChatGPT,c,melanoma_vs_rest,FALSE,FALSE,0,1
33184eb4424abaf46843d89c4c408552,6,V-VI,squamous cell carcinoma,malignant,ChatGPT,c,basal_cell_carcinoma_vs_rest,FALSE,FALSE,0,1
33184eb4424abaf46843d89c4c408552,6,V-VI,squamous cell carcinoma,malignant,ChatGPT,c,squamous_cell_carcinoma_vs_rest,TRUE,TRUE,0.6,1
a246a3150fe89472eb84a7d49841ae27,6,V-VI,squamous cell carcinoma,malignant,ChatGPT,c,malignant_vs_benign,TRUE,FALSE,0.3,0
a246a3150fe89472eb84a7d49841ae27,6,V-VI,squamous cell carcinoma,malignant,ChatGPT,c,melanoma_vs_rest,FALSE,FALSE,0,1
a246a3150fe89472eb84a7d49841ae27,6,V-VI,squamous cell carcinoma,malignant,ChatGPT,c,basal_cell_carcinoma_vs_rest,FALSE,FALSE,0,1
a246a3150fe89472eb84a7d49841ae27,6,V-VI,squamous cell carcinoma,malignant,ChatGPT,c,squamous_cell_carcinoma_vs_rest,TRUE,FALSE,0.3,0
d2c77aa81ca884f99174471132bd3e24,1,I-II,basal cell carcinoma,malignant,ChatGPT,c,malignant_vs_benign,TRUE,FALSE,0,0
d2c77aa81ca884f99174471132bd3e24,1,I-II,basal cell carcinoma,malignant,ChatGPT,c,melanoma_vs_rest,FALSE,FALSE,0,1
d2c77aa81ca884f99174471132bd3e24,1,I-II,basal cell carcinoma,malignant,ChatGPT,c,basal_cell_carcinoma_vs_rest,TRUE,FALSE,0,0
d2c77aa81ca884f99174471132bd3e24,1,I-II,basal cell carcinoma,malignant,ChatGPT,c,squamous_cell_carcinoma_vs_rest,FALSE,FALSE,0,1
a7821ca7a0f65f9095a61d66c234f683,1,I-II,basal cell carcinoma,malignant,ChatGPT,c,malignant_vs_benign,TRUE,FALSE,0.25,0
a7821ca7a0f65f9095a61d66c234f683,1,I-II,basal cell carcinoma,malignant,ChatGPT,c,melanoma_vs_rest,FALSE,FALSE,0,1
a7821ca7a0f65f9095a61d66c234f683,1,I-II,basal cell carcinoma,malignant,ChatGPT,c,basal_cell_carcinoma_vs_rest,TRUE,FALSE,0.25,0
a7821ca7a0f65f9095a61d66c234f683,1,I-II,basal cell carcinoma,malignant,ChatGPT,c,squamous_cell_carcinoma_vs_rest,FALSE,FALSE,0,1
1bbe4519608f606a18adf1811fd1c051,1,I-II,basal cell carcinoma,malignant,ChatGPT,c,malignant_vs_benign,TRUE,TRUE,0.45,1
1bbe4519608f606a18adf1811fd1c051,1,I-II,basal cell carcinoma,malignant,ChatGPT,c,melanoma_vs_rest,FALSE,FALSE,0,1
1bbe4519608f606a18adf1811fd1c051,1,I-II,basal cell carcinoma,malignant,ChatGPT,c,basal_cell_carcinoma_vs_rest,TRUE,FALSE,0.25,0
1bbe4519608f606a18adf1811fd1c051,1,I-II,basal cell carcinoma,malignant,ChatGPT,c,squamous_cell_carcinoma_vs_rest,FALSE,TRUE,0.45,0
42bb46cb779b95f10e531e2b6181e439,1,I-II,basal cell carcinoma,malignant,ChatGPT,c,malignant_vs_benign,TRUE,FALSE,0.25,0
42bb46cb779b95f10e531e2b6181e439,1,I-II,basal cell carcinoma,malignant,ChatGPT,c,melanoma_vs_rest,FALSE,FALSE,0,1
42bb46cb779b95f10e531e2b6181e439,1,I-II,basal cell carcinoma,malignant,ChatGPT,c,basal_cell_carcinoma_vs_rest,TRUE,FALSE,0.25,0
42bb46cb779b95f10e531e2b6181e439,1,I-II,basal cell carcinoma,malignant,ChatGPT,c,squamous_cell_carcinoma_vs_rest,FALSE,FALSE,0,1
d2e96d346577a155b0125dda66b16395,1,I-II,basal cell carcinoma,malignant,ChatGPT,c,malignant_vs_benign,TRUE,TRUE,0.4,1
d2e96d346577a155b0125dda66b16395,1,I-II,basal cell carcinoma,malignant,ChatGPT,c,melanoma_vs_rest,FALSE,FALSE,0,1
d2e96d346577a155b0125dda66b16395,1,I-II,basal cell carcinoma,malignant,ChatGPT,c,basal_cell_carcinoma_vs_rest,TRUE,TRUE,0.4,1
d2e96d346577a155b0125dda66b16395,1,I-II,basal cell carcinoma,malignant,ChatGPT,c,squamous_cell_carcinoma_vs_rest,FALSE,FALSE,0,1
9f0704d534bda1e469eb5e19bd4aa4e6,1,I-II,basal cell carcinoma,malignant,ChatGPT,c,malignant_vs_benign,TRUE,FALSE,0.3,0
9f0704d534bda1e469eb5e19bd4aa4e6,1,I-II,basal cell carcinoma,malignant,ChatGPT,c,melanoma_vs_rest,FALSE,FALSE,0,1
9f0704d534bda1e469eb5e19bd4aa4e6,1,I-II,basal cell carcinoma,malignant,ChatGPT,c,basal_cell_carcinoma_vs_rest,TRUE,FALSE,0.3,0
9f0704d534bda1e469eb5e19bd4aa4e6,1,I-II,basal cell carcinoma,malignant,ChatGPT,c,squamous_cell_carcinoma_vs_rest,FALSE,FALSE,0,1
edaf72dfe0910228db8eb491ed9dc2b3,1,I-II,basal cell carcinoma,malignant,ChatGPT,c,malignant_vs_benign,TRUE,TRUE,0.45,1
edaf72dfe0910228db8eb491ed9dc2b3,1,I-II,basal cell carcinoma,malignant,ChatGPT,c,melanoma_vs_rest,FALSE,FALSE,0,1
edaf72dfe0910228db8eb491ed9dc2b3,1,I-II,basal cell carcinoma,malignant,ChatGPT,c,basal_cell_carcinoma_vs_rest,TRUE,FALSE,0.35,0
edaf72dfe0910228db8eb491ed9dc2b3,1,I-II,basal cell carcinoma,malignant,ChatGPT,c,squamous_cell_carcinoma_vs_rest,FALSE,TRUE,0.45,0
95ac125ff5c616b972d9be4419f2a7a6,1,I-II,basal cell carcinoma,malignant,ChatGPT,c,malignant_vs_benign,TRUE,TRUE,0.45,1
95ac125ff5c616b972d9be4419f2a7a6,1,I-II,basal cell carcinoma,malignant,ChatGPT,c,melanoma_vs_rest,FALSE,FALSE,0,1
95ac125ff5c616b972d9be4419f2a7a6,1,I-II,basal cell carcinoma,malignant,ChatGPT,c,basal_cell_carcinoma_vs_rest,TRUE,TRUE,0.45,1
95ac125ff5c616b972d9be4419f2a7a6,1,I-II,basal cell carcinoma,malignant,ChatGPT,c,squamous_cell_carcinoma_vs_rest,FALSE,FALSE,0.35,1
4ea4ab5f3ef5e7f1b8b422eaff3066f6,1,I-II,basal cell carcinoma,malignant,ChatGPT,c,malignant_vs_benign,TRUE,TRUE,0.4,1
4ea4ab5f3ef5e7f1b8b422eaff3066f6,1,I-II,basal cell carcinoma,malignant,ChatGPT,c,melanoma_vs_rest,FALSE,FALSE,0,1
4ea4ab5f3ef5e7f1b8b422eaff3066f6,1,I-II,basal cell carcinoma,malignant,ChatGPT,c,basal_cell_carcinoma_vs_rest,TRUE,TRUE,0.4,1
4ea4ab5f3ef5e7f1b8b422eaff3066f6,1,I-II,basal cell carcinoma,malignant,ChatGPT,c,squamous_cell_carcinoma_vs_rest,FALSE,FALSE,0,1
1b1a8cfbe054b2fa9895a08644a10e28,1,I-II,basal cell carcinoma,malignant,ChatGPT,c,malignant_vs_benign,TRUE,FALSE,0.2,0
1b1a8cfbe054b2fa9895a08644a10e28,1,I-II,basal cell carcinoma,malignant,ChatGPT,c,melanoma_vs_rest,FALSE,FALSE,0,1
1b1a8cfbe054b2fa9895a08644a10e28,1,I-II,basal cell carcinoma,malignant,ChatGPT,c,basal_cell_carcinoma_vs_rest,TRUE,FALSE,0.2,0
1b1a8cfbe054b2fa9895a08644a10e28,1,I-II,basal cell carcinoma,malignant,ChatGPT,c,squamous_cell_carcinoma_vs_rest,FALSE,FALSE,0,1
9838b6548e7842a1c228e9548a32099c,2,I-II,basal cell carcinoma,malignant,ChatGPT,c,malignant_vs_benign,TRUE,FALSE,0.25,0
9838b6548e7842a1c228e9548a32099c,2,I-II,basal cell carcinoma,malignant,ChatGPT,c,melanoma_vs_rest,FALSE,FALSE,0,1
9838b6548e7842a1c228e9548a32099c,2,I-II,basal cell carcinoma,malignant,ChatGPT,c,basal_cell_carcinoma_vs_rest,TRUE,FALSE,0,0
9838b6548e7842a1c228e9548a32099c,2,I-II,basal cell carcinoma,malignant,ChatGPT,c,squamous_cell_carcinoma_vs_rest,FALSE,FALSE,0.25,1
cf3d2262e2ddccfee4641197f689e6dd,2,I-II,basal cell carcinoma,malignant,ChatGPT,c,malignant_vs_benign,TRUE,TRUE,0.4,1
cf3d2262e2ddccfee4641197f689e6dd,2,I-II,basal cell carcinoma,malignant,ChatGPT,c,melanoma_vs_rest,FALSE,FALSE,0,1
cf3d2262e2ddccfee4641197f689e6dd,2,I-II,basal cell carcinoma,malignant,ChatGPT,c,basal_cell_carcinoma_vs_rest,TRUE,FALSE,0.25,0
cf3d2262e2ddccfee4641197f689e6dd,2,I-II,basal cell carcinoma,malignant,ChatGPT,c,squamous_cell_carcinoma_vs_rest,FALSE,TRUE,0.4,0
4774398105aa32b8d004b499ccbf5633,2,I-II,basal cell carcinoma,malignant,ChatGPT,c,malignant_vs_benign,TRUE,TRUE,0.4,1
4774398105aa32b8d004b499ccbf5633,2,I-II,basal cell carcinoma,malignant,ChatGPT,c,melanoma_vs_rest,FALSE,FALSE,0,1
4774398105aa32b8d004b499ccbf5633,2,I-II,basal cell carcinoma,malignant,ChatGPT,c,basal_cell_carcinoma_vs_rest,TRUE,TRUE,0.4,1
4774398105aa32b8d004b499ccbf5633,2,I-II,basal cell carcinoma,malignant,ChatGPT,c,squamous_cell_carcinoma_vs_rest,FALSE,FALSE,0,1
516b8ed8e7db3a27e68118aac9191fb5,2,I-II,basal cell carcinoma,malignant,ChatGPT,c,malignant_vs_benign,TRUE,TRUE,0.5,1
516b8ed8e7db3a27e68118aac9191fb5,2,I-II,basal cell carcinoma,malignant,ChatGPT,c,melanoma_vs_rest,FALSE,FALSE,0,1
516b8ed8e7db3a27e68118aac9191fb5,2,I-II,basal cell carcinoma,malignant,ChatGPT,c,basal_cell_carcinoma_vs_rest,TRUE,TRUE,0.5,1
516b8ed8e7db3a27e68118aac9191fb5,2,I-II,basal cell carcinoma,malignant,ChatGPT,c,squamous_cell_carcinoma_vs_rest,FALSE,FALSE,0,1
6323e7bf168cb3f170902b24cd05e8c4,2,I-II,basal cell carcinoma,malignant,ChatGPT,c,malignant_vs_benign,TRUE,TRUE,0.45,1
6323e7bf168cb3f170902b24cd05e8c4,2,I-II,basal cell carcinoma,malignant,ChatGPT,c,melanoma_vs_rest,FALSE,FALSE,0.35,1
6323e7bf168cb3f170902b24cd05e8c4,2,I-II,basal cell carcinoma,malignant,ChatGPT,c,basal_cell_carcinoma_vs_rest,TRUE,TRUE,0.45,1
6323e7bf168cb3f170902b24cd05e8c4,2,I-II,basal cell carcinoma,malignant,ChatGPT,c,squamous_cell_carcinoma_vs_rest,FALSE,FALSE,0,1
fb7c974e189e0dc9cbd83e2d22835e94,2,I-II,basal cell carcinoma,malignant,ChatGPT,c,malignant_vs_benign,TRUE,FALSE,0.35,0
fb7c974e189e0dc9cbd83e2d22835e94,2,I-II,basal cell carcinoma,malignant,ChatGPT,c,melanoma_vs_rest,FALSE,FALSE,0,1
fb7c974e189e0dc9cbd83e2d22835e94,2,I-II,basal cell carcinoma,malignant,ChatGPT,c,basal_cell_carcinoma_vs_rest,TRUE,FALSE,0.35,0
fb7c974e189e0dc9cbd83e2d22835e94,2,I-II,basal cell carcinoma,malignant,ChatGPT,c,squamous_cell_carcinoma_vs_rest,FALSE,FALSE,0,1
13135f44ed77ea527b70db862a83bd61,2,I-II,basal cell carcinoma,malignant,ChatGPT,c,malignant_vs_benign,TRUE,TRUE,0.45,1
13135f44ed77ea527b70db862a83bd61,2,I-II,basal cell carcinoma,malignant,ChatGPT,c,melanoma_vs_rest,FALSE,FALSE,0,1
13135f44ed77ea527b70db862a83bd61,2,I-II,basal cell carcinoma,malignant,ChatGPT,c,basal_cell_carcinoma_vs_rest,TRUE,TRUE,0.45,1
13135f44ed77ea527b70db862a83bd61,2,I-II,basal cell carcinoma,malignant,ChatGPT,c,squamous_cell_carcinoma_vs_rest,FALSE,FALSE,0.25,1
94937a8ab45b71486731a59c5e5448e4,2,I-II,basal cell carcinoma,malignant,ChatGPT,c,malignant_vs_benign,TRUE,TRUE,0.4,1
94937a8ab45b71486731a59c5e5448e4,2,I-II,basal cell carcinoma,malignant,ChatGPT,c,melanoma_vs_rest,FALSE,FALSE,0,1
94937a8ab45b71486731a59c5e5448e4,2,I-II,basal cell carcinoma,malignant,ChatGPT,c,basal_cell_carcinoma_vs_rest,TRUE,TRUE,0.4,1
94937a8ab45b71486731a59c5e5448e4,2,I-II,basal cell carcinoma,malignant,ChatGPT,c,squamous_cell_carcinoma_vs_rest,FALSE,FALSE,0.3,1
46cfd1a77dfc44893b3166eca5f5514d,2,I-II,basal cell carcinoma,malignant,ChatGPT,c,malignant_vs_benign,TRUE,FALSE,0.3,0
46cfd1a77dfc44893b3166eca5f5514d,2,I-II,basal cell carcinoma,malignant,ChatGPT,c,melanoma_vs_rest,FALSE,FALSE,0,1
46cfd1a77dfc44893b3166eca5f5514d,2,I-II,basal cell carcinoma,malignant,ChatGPT,c,basal_cell_carcinoma_vs_rest,TRUE,FALSE,0.3,0
46cfd1a77dfc44893b3166eca5f5514d,2,I-II,basal cell carcinoma,malignant,ChatGPT,c,squamous_cell_carcinoma_vs_rest,FALSE,FALSE,0,1
be7bead78fed91bdc5056a70246ed703,2,I-II,basal cell carcinoma,malignant,ChatGPT,c,malignant_vs_benign,TRUE,TRUE,0.5,1
be7bead78fed91bdc5056a70246ed703,2,I-II,basal cell carcinoma,malignant,ChatGPT,c,melanoma_vs_rest,FALSE,FALSE,0,1
be7bead78fed91bdc5056a70246ed703,2,I-II,basal cell carcinoma,malignant,ChatGPT,c,basal_cell_carcinoma_vs_rest,TRUE,TRUE,0.5,1
be7bead78fed91bdc5056a70246ed703,2,I-II,basal cell carcinoma,malignant,ChatGPT,c,squamous_cell_carcinoma_vs_rest,FALSE,FALSE,0,1
f08034a69a57680dbe4521f6e913ba22,3,III-IV,basal cell carcinoma,malignant,ChatGPT,c,malignant_vs_benign,TRUE,FALSE,0,0
f08034a69a57680dbe4521f6e913ba22,3,III-IV,basal cell carcinoma,malignant,ChatGPT,c,melanoma_vs_rest,FALSE,FALSE,0,1
f08034a69a57680dbe4521f6e913ba22,3,III-IV,basal cell carcinoma,malignant,ChatGPT,c,basal_cell_carcinoma_vs_rest,TRUE,FALSE,0,0
f08034a69a57680dbe4521f6e913ba22,3,III-IV,basal cell carcinoma,malignant,ChatGPT,c,squamous_cell_carcinoma_vs_rest,FALSE,FALSE,0,1
4a42c72a20a24c80ee1d43aca4a1e498,3,III-IV,basal cell carcinoma,malignant,ChatGPT,c,malignant_vs_benign,TRUE,TRUE,0.4,1
4a42c72a20a24c80ee1d43aca4a1e498,3,III-IV,basal cell carcinoma,malignant,ChatGPT,c,melanoma_vs_rest,FALSE,FALSE,0,1
4a42c72a20a24c80ee1d43aca4a1e498,3,III-IV,basal cell carcinoma,malignant,ChatGPT,c,basal_cell_carcinoma_vs_rest,TRUE,TRUE,0.4,1
4a42c72a20a24c80ee1d43aca4a1e498,3,III-IV,basal cell carcinoma,malignant,ChatGPT,c,squamous_cell_carcinoma_vs_rest,FALSE,FALSE,0,1
95e4e2ee44567f284171a4f368a7aecd,3,III-IV,basal cell carcinoma,malignant,ChatGPT,c,malignant_vs_benign,TRUE,FALSE,0,0
95e4e2ee44567f284171a4f368a7aecd,3,III-IV,basal cell carcinoma,malignant,ChatGPT,c,melanoma_vs_rest,FALSE,FALSE,0,1
95e4e2ee44567f284171a4f368a7aecd,3,III-IV,basal cell carcinoma,malignant,ChatGPT,c,basal_cell_carcinoma_vs_rest,TRUE,FALSE,0,0
95e4e2ee44567f284171a4f368a7aecd,3,III-IV,basal cell carcinoma,malignant,ChatGPT,c,squamous_cell_carcinoma_vs_rest,FALSE,FALSE,0,1
bc3fd36c7d32ae2f2961409049e240b4,3,III-IV,basal cell carcinoma,malignant,ChatGPT,c,malignant_vs_benign,TRUE,TRUE,0.4,1
bc3fd36c7d32ae2f2961409049e240b4,3,III-IV,basal cell carcinoma,malignant,ChatGPT,c,melanoma_vs_rest,FALSE,FALSE,0,1
bc3fd36c7d32ae2f2961409049e240b4,3,III-IV,basal cell carcinoma,malignant,ChatGPT,c,basal_cell_carcinoma_vs_rest,TRUE,TRUE,0.4,1
bc3fd36c7d32ae2f2961409049e240b4,3,III-IV,basal cell carcinoma,malignant,ChatGPT,c,squamous_cell_carcinoma_vs_rest,FALSE,FALSE,0.3,1
7cc6621d7d99fcca1f0bf2b6bd3043fb,3,III-IV,basal cell carcinoma,malignant,ChatGPT,c,malignant_vs_benign,TRUE,TRUE,0.45,1
7cc6621d7d99fcca1f0bf2b6bd3043fb,3,III-IV,basal cell carcinoma,malignant,ChatGPT,c,melanoma_vs_rest,FALSE,FALSE,0,1
7cc6621d7d99fcca1f0bf2b6bd3043fb,3,III-IV,basal cell carcinoma,malignant,ChatGPT,c,basal_cell_carcinoma_vs_rest,TRUE,FALSE,0.25,0
7cc6621d7d99fcca1f0bf2b6bd3043fb,3,III-IV,basal cell carcinoma,malignant,ChatGPT,c,squamous_cell_carcinoma_vs_rest,FALSE,TRUE,0.45,0
521773286f1d292e0cdcf5c1354fc0ea,3,III-IV,basal cell carcinoma,malignant,ChatGPT,c,malignant_vs_benign,TRUE,TRUE,0.45,1
521773286f1d292e0cdcf5c1354fc0ea,3,III-IV,basal cell carcinoma,malignant,ChatGPT,c,melanoma_vs_rest,FALSE,FALSE,0.35,1
521773286f1d292e0cdcf5c1354fc0ea,3,III-IV,basal cell carcinoma,malignant,ChatGPT,c,basal_cell_carcinoma_vs_rest,TRUE,TRUE,0.45,1
521773286f1d292e0cdcf5c1354fc0ea,3,III-IV,basal cell carcinoma,malignant,ChatGPT,c,squamous_cell_carcinoma_vs_rest,FALSE,FALSE,0.2,1
13b24f877270a05937f4c80fff693b04,3,III-IV,basal cell carcinoma,malignant,ChatGPT,c,malignant_vs_benign,TRUE,TRUE,0.4,1
13b24f877270a05937f4c80fff693b04,3,III-IV,basal cell carcinoma,malignant,ChatGPT,c,melanoma_vs_rest,FALSE,FALSE,0,1
13b24f877270a05937f4c80fff693b04,3,III-IV,basal cell carcinoma,malignant,ChatGPT,c,basal_cell_carcinoma_vs_rest,TRUE,TRUE,0.4,1
13b24f877270a05937f4c80fff693b04,3,III-IV,basal cell carcinoma,malignant,ChatGPT,c,squamous_cell_carcinoma_vs_rest,FALSE,FALSE,0,1
736143719650b30bb48965ee67c3ee4e,3,III-IV,basal cell carcinoma,malignant,ChatGPT,c,malignant_vs_benign,TRUE,FALSE,0.35,0
736143719650b30bb48965ee67c3ee4e,3,III-IV,basal cell carcinoma,malignant,ChatGPT,c,melanoma_vs_rest,FALSE,FALSE,0,1
736143719650b30bb48965ee67c3ee4e,3,III-IV,basal cell carcinoma,malignant,ChatGPT,c,basal_cell_carcinoma_vs_rest,TRUE,FALSE,0,0
736143719650b30bb48965ee67c3ee4e,3,III-IV,basal cell carcinoma,malignant,ChatGPT,c,squamous_cell_carcinoma_vs_rest,FALSE,FALSE,0.35,1
2d88a3fa67aa761b65e280c2e14c68c3,3,III-IV,basal cell carcinoma,malignant,ChatGPT,c,malignant_vs_benign,TRUE,TRUE,0.4,1
2d88a3fa67aa761b65e280c2e14c68c3,3,III-IV,basal cell carcinoma,malignant,ChatGPT,c,melanoma_vs_rest,FALSE,FALSE,0,1
2d88a3fa67aa761b65e280c2e14c68c3,3,III-IV,basal cell carcinoma,malignant,ChatGPT,c,basal_cell_carcinoma_vs_rest,TRUE,TRUE,0.4,1
2d88a3fa67aa761b65e280c2e14c68c3,3,III-IV,basal cell carcinoma,malignant,ChatGPT,c,squamous_cell_carcinoma_vs_rest,FALSE,FALSE,0.35,1
22bcca7d579abf5c2c121c98aa01a4c7,3,III-IV,basal cell carcinoma,malignant,ChatGPT,c,malignant_vs_benign,TRUE,FALSE,0.3,0
22bcca7d579abf5c2c121c98aa01a4c7,3,III-IV,basal cell carcinoma,malignant,ChatGPT,c,melanoma_vs_rest,FALSE,FALSE,0.3,1
22bcca7d579abf5c2c121c98aa01a4c7,3,III-IV,basal cell carcinoma,malignant,ChatGPT,c,basal_cell_carcinoma_vs_rest,TRUE,FALSE,0.3,0
22bcca7d579abf5c2c121c98aa01a4c7,3,III-IV,basal cell carcinoma,malignant,ChatGPT,c,squamous_cell_carcinoma_vs_rest,FALSE,FALSE,0,1
ec434ee7ba467dd5ec5a4b87fd515e29,4,III-IV,basal cell carcinoma,malignant,ChatGPT,c,malignant_vs_benign,TRUE,TRUE,0.4,1
ec434ee7ba467dd5ec5a4b87fd515e29,4,III-IV,basal cell carcinoma,malignant,ChatGPT,c,melanoma_vs_rest,FALSE,FALSE,0,1
ec434ee7ba467dd5ec5a4b87fd515e29,4,III-IV,basal cell carcinoma,malignant,ChatGPT,c,basal_cell_carcinoma_vs_rest,TRUE,TRUE,0.4,1
ec434ee7ba467dd5ec5a4b87fd515e29,4,III-IV,basal cell carcinoma,malignant,ChatGPT,c,squamous_cell_carcinoma_vs_rest,FALSE,FALSE,0,1
82375585ff47e3738a54447e43b613f2,4,III-IV,basal cell carcinoma,malignant,ChatGPT,c,malignant_vs_benign,TRUE,TRUE,0.45,1
82375585ff47e3738a54447e43b613f2,4,III-IV,basal cell carcinoma,malignant,ChatGPT,c,melanoma_vs_rest,FALSE,FALSE,0,1
82375585ff47e3738a54447e43b613f2,4,III-IV,basal cell carcinoma,malignant,ChatGPT,c,basal_cell_carcinoma_vs_rest,TRUE,FALSE,0.15,0
82375585ff47e3738a54447e43b613f2,4,III-IV,basal cell carcinoma,malignant,ChatGPT,c,squamous_cell_carcinoma_vs_rest,FALSE,FALSE,0.4,1
db871411820979160cb098e6453399ce,4,III-IV,basal cell carcinoma,malignant,ChatGPT,c,malignant_vs_benign,TRUE,TRUE,0.45,1
db871411820979160cb098e6453399ce,4,III-IV,basal cell carcinoma,malignant,ChatGPT,c,melanoma_vs_rest,FALSE,FALSE,0.35,1
db871411820979160cb098e6453399ce,4,III-IV,basal cell carcinoma,malignant,ChatGPT,c,basal_cell_carcinoma_vs_rest,TRUE,TRUE,0.45,1
db871411820979160cb098e6453399ce,4,III-IV,basal cell carcinoma,malignant,ChatGPT,c,squamous_cell_carcinoma_vs_rest,FALSE,FALSE,0.2,1
8cb3945cf58f8e5540208408a50b5827,4,III-IV,basal cell carcinoma,malignant,ChatGPT,c,malignant_vs_benign,TRUE,TRUE,0.4,1
8cb3945cf58f8e5540208408a50b5827,4,III-IV,basal cell carcinoma,malignant,ChatGPT,c,melanoma_vs_rest,FALSE,FALSE,0,1
8cb3945cf58f8e5540208408a50b5827,4,III-IV,basal cell carcinoma,malignant,ChatGPT,c,basal_cell_carcinoma_vs_rest,TRUE,TRUE,0.4,1
8cb3945cf58f8e5540208408a50b5827,4,III-IV,basal cell carcinoma,malignant,ChatGPT,c,squamous_cell_carcinoma_vs_rest,FALSE,FALSE,0.35,1
c7aac9b9850c541b1cf2619c7cec8d06,4,III-IV,basal cell carcinoma,malignant,ChatGPT,c,malignant_vs_benign,TRUE,FALSE,0.3,0
c7aac9b9850c541b1cf2619c7cec8d06,4,III-IV,basal cell carcinoma,malignant,ChatGPT,c,melanoma_vs_rest,FALSE,FALSE,0,1
c7aac9b9850c541b1cf2619c7cec8d06,4,III-IV,basal cell carcinoma,malignant,ChatGPT,c,basal_cell_carcinoma_vs_rest,TRUE,FALSE,0.3,0
c7aac9b9850c541b1cf2619c7cec8d06,4,III-IV,basal cell carcinoma,malignant,ChatGPT,c,squamous_cell_carcinoma_vs_rest,FALSE,FALSE,0,1
5832419baf0cbfefcac35578a40fa5a5,4,III-IV,basal cell carcinoma,malignant,ChatGPT,c,malignant_vs_benign,TRUE,FALSE,0.3,0
5832419baf0cbfefcac35578a40fa5a5,4,III-IV,basal cell carcinoma,malignant,ChatGPT,c,melanoma_vs_rest,FALSE,FALSE,0,1
5832419baf0cbfefcac35578a40fa5a5,4,III-IV,basal cell carcinoma,malignant,ChatGPT,c,basal_cell_carcinoma_vs_rest,TRUE,FALSE,0.3,0
5832419baf0cbfefcac35578a40fa5a5,4,III-IV,basal cell carcinoma,malignant,ChatGPT,c,squamous_cell_carcinoma_vs_rest,FALSE,FALSE,0,1
af64774e30b2dc701e3f2a88348a78dc,4,III-IV,basal cell carcinoma,malignant,ChatGPT,c,malignant_vs_benign,TRUE,TRUE,0.45,1
af64774e30b2dc701e3f2a88348a78dc,4,III-IV,basal cell carcinoma,malignant,ChatGPT,c,melanoma_vs_rest,FALSE,FALSE,0,1
af64774e30b2dc701e3f2a88348a78dc,4,III-IV,basal cell carcinoma,malignant,ChatGPT,c,basal_cell_carcinoma_vs_rest,TRUE,TRUE,0.45,1
af64774e30b2dc701e3f2a88348a78dc,4,III-IV,basal cell carcinoma,malignant,ChatGPT,c,squamous_cell_carcinoma_vs_rest,FALSE,FALSE,0.3,1
794572175ce2487d073bcbd2d62f2743,4,III-IV,basal cell carcinoma,malignant,ChatGPT,c,malignant_vs_benign,TRUE,TRUE,0.4,1
794572175ce2487d073bcbd2d62f2743,4,III-IV,basal cell carcinoma,malignant,ChatGPT,c,melanoma_vs_rest,FALSE,FALSE,0,1
794572175ce2487d073bcbd2d62f2743,4,III-IV,basal cell carcinoma,malignant,ChatGPT,c,basal_cell_carcinoma_vs_rest,TRUE,TRUE,0.4,1
794572175ce2487d073bcbd2d62f2743,4,III-IV,basal cell carcinoma,malignant,ChatGPT,c,squamous_cell_carcinoma_vs_rest,FALSE,FALSE,0.35,1
de24cc0b5dc20eccdd67e7a60c8a1fa9,4,III-IV,basal cell carcinoma,malignant,ChatGPT,c,malignant_vs_benign,TRUE,TRUE,0.4,1
de24cc0b5dc20eccdd67e7a60c8a1fa9,4,III-IV,basal cell carcinoma,malignant,ChatGPT,c,melanoma_vs_rest,FALSE,FALSE,0,1
de24cc0b5dc20eccdd67e7a60c8a1fa9,4,III-IV,basal cell carcinoma,malignant,ChatGPT,c,basal_cell_carcinoma_vs_rest,TRUE,TRUE,0.4,1
de24cc0b5dc20eccdd67e7a60c8a1fa9,4,III-IV,basal cell carcinoma,malignant,ChatGPT,c,squamous_cell_carcinoma_vs_rest,FALSE,FALSE,0.25,1
6ed58ed2e4c8b378493cd5766f7bad56,4,III-IV,basal cell carcinoma,malignant,ChatGPT,c,malignant_vs_benign,TRUE,TRUE,0.45,1
6ed58ed2e4c8b378493cd5766f7bad56,4,III-IV,basal cell carcinoma,malignant,ChatGPT,c,melanoma_vs_rest,FALSE,FALSE,0,1
6ed58ed2e4c8b378493cd5766f7bad56,4,III-IV,basal cell carcinoma,malignant,ChatGPT,c,basal_cell_carcinoma_vs_rest,TRUE,FALSE,0.3,0
6ed58ed2e4c8b378493cd5766f7bad56,4,III-IV,basal cell carcinoma,malignant,ChatGPT,c,squamous_cell_carcinoma_vs_rest,FALSE,TRUE,0.45,0
9ca9d8e0946f6d8598daad6770b5581f,5,V-VI,basal cell carcinoma,malignant,ChatGPT,c,malignant_vs_benign,TRUE,TRUE,0.5,1
9ca9d8e0946f6d8598daad6770b5581f,5,V-VI,basal cell carcinoma,malignant,ChatGPT,c,melanoma_vs_rest,FALSE,FALSE,0.2,1
9ca9d8e0946f6d8598daad6770b5581f,5,V-VI,basal cell carcinoma,malignant,ChatGPT,c,basal_cell_carcinoma_vs_rest,TRUE,TRUE,0.5,1
9ca9d8e0946f6d8598daad6770b5581f,5,V-VI,basal cell carcinoma,malignant,ChatGPT,c,squamous_cell_carcinoma_vs_rest,FALSE,FALSE,0.3,1
70b99a1005a08821fd9b9c48d7e8e698,5,V-VI,basal cell carcinoma,malignant,ChatGPT,c,malignant_vs_benign,TRUE,TRUE,0.4,1
70b99a1005a08821fd9b9c48d7e8e698,5,V-VI,basal cell carcinoma,malignant,ChatGPT,c,melanoma_vs_rest,FALSE,FALSE,0,1
70b99a1005a08821fd9b9c48d7e8e698,5,V-VI,basal cell carcinoma,malignant,ChatGPT,c,basal_cell_carcinoma_vs_rest,TRUE,FALSE,0,0
70b99a1005a08821fd9b9c48d7e8e698,5,V-VI,basal cell carcinoma,malignant,ChatGPT,c,squamous_cell_carcinoma_vs_rest,FALSE,TRUE,0.4,0
5ff2e2cbcbb9f92610ec54dca324d149,5,V-VI,basal cell carcinoma,malignant,ChatGPT,c,malignant_vs_benign,TRUE,TRUE,0.4,1
5ff2e2cbcbb9f92610ec54dca324d149,5,V-VI,basal cell carcinoma,malignant,ChatGPT,c,melanoma_vs_rest,FALSE,FALSE,0.35,1
5ff2e2cbcbb9f92610ec54dca324d149,5,V-VI,basal cell carcinoma,malignant,ChatGPT,c,basal_cell_carcinoma_vs_rest,TRUE,TRUE,0.4,1
5ff2e2cbcbb9f92610ec54dca324d149,5,V-VI,basal cell carcinoma,malignant,ChatGPT,c,squamous_cell_carcinoma_vs_rest,FALSE,FALSE,0,1
875d767d2fa63aa3f740d7d19f21e32a,5,V-VI,basal cell carcinoma,malignant,ChatGPT,c,malignant_vs_benign,TRUE,TRUE,0.55,1
875d767d2fa63aa3f740d7d19f21e32a,5,V-VI,basal cell carcinoma,malignant,ChatGPT,c,melanoma_vs_rest,FALSE,FALSE,0,1
875d767d2fa63aa3f740d7d19f21e32a,5,V-VI,basal cell carcinoma,malignant,ChatGPT,c,basal_cell_carcinoma_vs_rest,TRUE,TRUE,0.55,1
875d767d2fa63aa3f740d7d19f21e32a,5,V-VI,basal cell carcinoma,malignant,ChatGPT,c,squamous_cell_carcinoma_vs_rest,FALSE,FALSE,0.3,1
bba3db5954f7975d59a37347222d954d,5,V-VI,basal cell carcinoma,malignant,ChatGPT,c,malignant_vs_benign,TRUE,TRUE,0.4,1
bba3db5954f7975d59a37347222d954d,5,V-VI,basal cell carcinoma,malignant,ChatGPT,c,melanoma_vs_rest,FALSE,FALSE,0,1
bba3db5954f7975d59a37347222d954d,5,V-VI,basal cell carcinoma,malignant,ChatGPT,c,basal_cell_carcinoma_vs_rest,TRUE,TRUE,0.4,1
bba3db5954f7975d59a37347222d954d,5,V-VI,basal cell carcinoma,malignant,ChatGPT,c,squamous_cell_carcinoma_vs_rest,FALSE,FALSE,0.35,1
1dcc2fb45c366dafbb1f45c0e8afd3bd,5,V-VI,basal cell carcinoma,malignant,ChatGPT,c,malignant_vs_benign,TRUE,TRUE,0.4,1
1dcc2fb45c366dafbb1f45c0e8afd3bd,5,V-VI,basal cell carcinoma,malignant,ChatGPT,c,melanoma_vs_rest,FALSE,TRUE,0.4,0
1dcc2fb45c366dafbb1f45c0e8afd3bd,5,V-VI,basal cell carcinoma,malignant,ChatGPT,c,basal_cell_carcinoma_vs_rest,TRUE,FALSE,0.35,0
1dcc2fb45c366dafbb1f45c0e8afd3bd,5,V-VI,basal cell carcinoma,malignant,ChatGPT,c,squamous_cell_carcinoma_vs_rest,FALSE,FALSE,0,1
9255b18c770f58de26221d16839fadb2,5,V-VI,basal cell carcinoma,malignant,ChatGPT,c,malignant_vs_benign,TRUE,FALSE,0.25,0
9255b18c770f58de26221d16839fadb2,5,V-VI,basal cell carcinoma,malignant,ChatGPT,c,melanoma_vs_rest,FALSE,FALSE,0,1
9255b18c770f58de26221d16839fadb2,5,V-VI,basal cell carcinoma,malignant,ChatGPT,c,basal_cell_carcinoma_vs_rest,TRUE,FALSE,0.25,0
9255b18c770f58de26221d16839fadb2,5,V-VI,basal cell carcinoma,malignant,ChatGPT,c,squamous_cell_carcinoma_vs_rest,FALSE,FALSE,0,1
915d7fa381560d5b77f1e37cd1c37206,5,V-VI,basal cell carcinoma,malignant,ChatGPT,c,malignant_vs_benign,TRUE,FALSE,0.35,0
915d7fa381560d5b77f1e37cd1c37206,5,V-VI,basal cell carcinoma,malignant,ChatGPT,c,melanoma_vs_rest,FALSE,FALSE,0,1
915d7fa381560d5b77f1e37cd1c37206,5,V-VI,basal cell carcinoma,malignant,ChatGPT,c,basal_cell_carcinoma_vs_rest,TRUE,FALSE,0.25,0
915d7fa381560d5b77f1e37cd1c37206,5,V-VI,basal cell carcinoma,malignant,ChatGPT,c,squamous_cell_carcinoma_vs_rest,FALSE,FALSE,0.35,1
032b3adb839c23047aedc87707ff978e,5,V-VI,basal cell carcinoma,malignant,ChatGPT,c,malignant_vs_benign,TRUE,TRUE,0.4,1
032b3adb839c23047aedc87707ff978e,5,V-VI,basal cell carcinoma,malignant,ChatGPT,c,melanoma_vs_rest,FALSE,FALSE,0.35,1
032b3adb839c23047aedc87707ff978e,5,V-VI,basal cell carcinoma,malignant,ChatGPT,c,basal_cell_carcinoma_vs_rest,TRUE,TRUE,0.4,1
032b3adb839c23047aedc87707ff978e,5,V-VI,basal cell carcinoma,malignant,ChatGPT,c,squamous_cell_carcinoma_vs_rest,FALSE,FALSE,0,1
89867feafae04841becf921893861722,5,V-VI,basal cell carcinoma,malignant,ChatGPT,c,malignant_vs_benign,TRUE,TRUE,0.45,1
89867feafae04841becf921893861722,5,V-VI,basal cell carcinoma,malignant,ChatGPT,c,melanoma_vs_rest,FALSE,FALSE,0.35,1
89867feafae04841becf921893861722,5,V-VI,basal cell carcinoma,malignant,ChatGPT,c,basal_cell_carcinoma_vs_rest,TRUE,TRUE,0.45,1
89867feafae04841becf921893861722,5,V-VI,basal cell carcinoma,malignant,ChatGPT,c,squamous_cell_carcinoma_vs_rest,FALSE,FALSE,0.2,1
849d862189a58f44a063ee6ba1a80b1b,5,V-VI,basal cell carcinoma,malignant,ChatGPT,c,malignant_vs_benign,TRUE,FALSE,0.35,0
849d862189a58f44a063ee6ba1a80b1b,5,V-VI,basal cell carcinoma,malignant,ChatGPT,c,melanoma_vs_rest,FALSE,FALSE,0.25,1
849d862189a58f44a063ee6ba1a80b1b,5,V-VI,basal cell carcinoma,malignant,ChatGPT,c,basal_cell_carcinoma_vs_rest,TRUE,FALSE,0.35,0
849d862189a58f44a063ee6ba1a80b1b,5,V-VI,basal cell carcinoma,malignant,ChatGPT,c,squamous_cell_carcinoma_vs_rest,FALSE,FALSE,0,1
9209a4be6a83500ae0c536cc16386284,5,V-VI,basal cell carcinoma,malignant,ChatGPT,c,malignant_vs_benign,TRUE,FALSE,0.35,0
9209a4be6a83500ae0c536cc16386284,5,V-VI,basal cell carcinoma,malignant,ChatGPT,c,melanoma_vs_rest,FALSE,FALSE,0.25,1
9209a4be6a83500ae0c536cc16386284,5,V-VI,basal cell carcinoma,malignant,ChatGPT,c,basal_cell_carcinoma_vs_rest,TRUE,FALSE,0.35,0
9209a4be6a83500ae0c536cc16386284,5,V-VI,basal cell carcinoma,malignant,ChatGPT,c,squamous_cell_carcinoma_vs_rest,FALSE,FALSE,0,1
94646305d86635230c4eb1763bb043bc,5,V-VI,basal cell carcinoma,malignant,ChatGPT,c,malignant_vs_benign,TRUE,TRUE,0.45,1
94646305d86635230c4eb1763bb043bc,5,V-VI,basal cell carcinoma,malignant,ChatGPT,c,melanoma_vs_rest,FALSE,FALSE,0,1
94646305d86635230c4eb1763bb043bc,5,V-VI,basal cell carcinoma,malignant,ChatGPT,c,basal_cell_carcinoma_vs_rest,TRUE,FALSE,0.3,0
94646305d86635230c4eb1763bb043bc,5,V-VI,basal cell carcinoma,malignant,ChatGPT,c,squamous_cell_carcinoma_vs_rest,FALSE,TRUE,0.45,0
5f1a4d80fdc87563f3cc7174241c3477,5,V-VI,basal cell carcinoma,malignant,ChatGPT,c,malignant_vs_benign,TRUE,TRUE,0.4,1
5f1a4d80fdc87563f3cc7174241c3477,5,V-VI,basal cell carcinoma,malignant,ChatGPT,c,melanoma_vs_rest,FALSE,FALSE,0,1
5f1a4d80fdc87563f3cc7174241c3477,5,V-VI,basal cell carcinoma,malignant,ChatGPT,c,basal_cell_carcinoma_vs_rest,TRUE,TRUE,0.4,1
5f1a4d80fdc87563f3cc7174241c3477,5,V-VI,basal cell carcinoma,malignant,ChatGPT,c,squamous_cell_carcinoma_vs_rest,FALSE,FALSE,0.35,1
49ed416e5f1dc646ecbaf99b23b48095,5,V-VI,basal cell carcinoma,malignant,ChatGPT,c,malignant_vs_benign,TRUE,TRUE,0.5,1
49ed416e5f1dc646ecbaf99b23b48095,5,V-VI,basal cell carcinoma,malignant,ChatGPT,c,melanoma_vs_rest,FALSE,FALSE,0,1
49ed416e5f1dc646ecbaf99b23b48095,5,V-VI,basal cell carcinoma,malignant,ChatGPT,c,basal_cell_carcinoma_vs_rest,TRUE,TRUE,0.5,1
49ed416e5f1dc646ecbaf99b23b48095,5,V-VI,basal cell carcinoma,malignant,ChatGPT,c,squamous_cell_carcinoma_vs_rest,FALSE,FALSE,0.3,1
b02abb6e18e64ffd99083dcf884ad75a,6,V-VI,basal cell carcinoma,malignant,ChatGPT,c,malignant_vs_benign,TRUE,TRUE,0.4,1
b02abb6e18e64ffd99083dcf884ad75a,6,V-VI,basal cell carcinoma,malignant,ChatGPT,c,melanoma_vs_rest,FALSE,FALSE,0,1
b02abb6e18e64ffd99083dcf884ad75a,6,V-VI,basal cell carcinoma,malignant,ChatGPT,c,basal_cell_carcinoma_vs_rest,TRUE,TRUE,0.4,1
b02abb6e18e64ffd99083dcf884ad75a,6,V-VI,basal cell carcinoma,malignant,ChatGPT,c,squamous_cell_carcinoma_vs_rest,FALSE,FALSE,0,1
2cc47698a46f2371a31a5a5a547de03a,6,V-VI,basal cell carcinoma,malignant,ChatGPT,c,malignant_vs_benign,TRUE,TRUE,0.4,1
2cc47698a46f2371a31a5a5a547de03a,6,V-VI,basal cell carcinoma,malignant,ChatGPT,c,melanoma_vs_rest,FALSE,FALSE,0,1
2cc47698a46f2371a31a5a5a547de03a,6,V-VI,basal cell carcinoma,malignant,ChatGPT,c,basal_cell_carcinoma_vs_rest,TRUE,TRUE,0.4,1
2cc47698a46f2371a31a5a5a547de03a,6,V-VI,basal cell carcinoma,malignant,ChatGPT,c,squamous_cell_carcinoma_vs_rest,FALSE,FALSE,0.35,1
a1d96dfd1897917119021000c1f9a5af,6,V-VI,basal cell carcinoma,malignant,ChatGPT,c,malignant_vs_benign,TRUE,FALSE,0.3,0
a1d96dfd1897917119021000c1f9a5af,6,V-VI,basal cell carcinoma,malignant,ChatGPT,c,melanoma_vs_rest,FALSE,FALSE,0,1
a1d96dfd1897917119021000c1f9a5af,6,V-VI,basal cell carcinoma,malignant,ChatGPT,c,basal_cell_carcinoma_vs_rest,TRUE,FALSE,0.3,0
a1d96dfd1897917119021000c1f9a5af,6,V-VI,basal cell carcinoma,malignant,ChatGPT,c,squamous_cell_carcinoma_vs_rest,FALSE,FALSE,0.3,1
16e8de6bd449154d0823adddef933b73,1,I-II,melanoma spectrum,malignant,ChatGPT,c,malignant_vs_benign,TRUE,TRUE,0.6,1
16e8de6bd449154d0823adddef933b73,1,I-II,melanoma spectrum,malignant,ChatGPT,c,melanoma_vs_rest,TRUE,TRUE,0.6,1
16e8de6bd449154d0823adddef933b73,1,I-II,melanoma spectrum,malignant,ChatGPT,c,basal_cell_carcinoma_vs_rest,FALSE,FALSE,0,1
16e8de6bd449154d0823adddef933b73,1,I-II,melanoma spectrum,malignant,ChatGPT,c,squamous_cell_carcinoma_vs_rest,FALSE,FALSE,0,1
e170d124649f3cddf0e8d2ac7a4e597f,1,I-II,melanoma spectrum,malignant,ChatGPT,c,malignant_vs_benign,TRUE,TRUE,0.8,1
e170d124649f3cddf0e8d2ac7a4e597f,1,I-II,melanoma spectrum,malignant,ChatGPT,c,melanoma_vs_rest,TRUE,TRUE,0.8,1
e170d124649f3cddf0e8d2ac7a4e597f,1,I-II,melanoma spectrum,malignant,ChatGPT,c,basal_cell_carcinoma_vs_rest,FALSE,FALSE,0,1
e170d124649f3cddf0e8d2ac7a4e597f,1,I-II,melanoma spectrum,malignant,ChatGPT,c,squamous_cell_carcinoma_vs_rest,FALSE,FALSE,0.15,1
c12375fa8da3696e9198df1fd74703c1,1,I-II,melanoma spectrum,malignant,ChatGPT,c,malignant_vs_benign,TRUE,TRUE,0.8,1
c12375fa8da3696e9198df1fd74703c1,1,I-II,melanoma spectrum,malignant,ChatGPT,c,melanoma_vs_rest,TRUE,TRUE,0.8,1
c12375fa8da3696e9198df1fd74703c1,1,I-II,melanoma spectrum,malignant,ChatGPT,c,basal_cell_carcinoma_vs_rest,FALSE,FALSE,0.1,1
c12375fa8da3696e9198df1fd74703c1,1,I-II,melanoma spectrum,malignant,ChatGPT,c,squamous_cell_carcinoma_vs_rest,FALSE,FALSE,0,1
b222feca6ef56a50502589690b14cb1a,1,I-II,melanoma spectrum,malignant,ChatGPT,c,malignant_vs_benign,TRUE,TRUE,0.45,1
b222feca6ef56a50502589690b14cb1a,1,I-II,melanoma spectrum,malignant,ChatGPT,c,melanoma_vs_rest,TRUE,FALSE,0.3,0
b222feca6ef56a50502589690b14cb1a,1,I-II,melanoma spectrum,malignant,ChatGPT,c,basal_cell_carcinoma_vs_rest,FALSE,TRUE,0.45,0
b222feca6ef56a50502589690b14cb1a,1,I-II,melanoma spectrum,malignant,ChatGPT,c,squamous_cell_carcinoma_vs_rest,FALSE,FALSE,0.25,1
0fc62c72c433cd6f7ff35d6ba510ac48,1,I-II,melanoma spectrum,malignant,ChatGPT,c,malignant_vs_benign,TRUE,TRUE,0.7,1
0fc62c72c433cd6f7ff35d6ba510ac48,1,I-II,melanoma spectrum,malignant,ChatGPT,c,melanoma_vs_rest,TRUE,TRUE,0.7,1
0fc62c72c433cd6f7ff35d6ba510ac48,1,I-II,melanoma spectrum,malignant,ChatGPT,c,basal_cell_carcinoma_vs_rest,FALSE,FALSE,0,1
0fc62c72c433cd6f7ff35d6ba510ac48,1,I-II,melanoma spectrum,malignant,ChatGPT,c,squamous_cell_carcinoma_vs_rest,FALSE,FALSE,0.2,1
fc6e05f39ad27f0d3717f4fb51e607ef,1,I-II,melanoma spectrum,malignant,ChatGPT,c,malignant_vs_benign,TRUE,TRUE,0.7,1
fc6e05f39ad27f0d3717f4fb51e607ef,1,I-II,melanoma spectrum,malignant,ChatGPT,c,melanoma_vs_rest,TRUE,TRUE,0.7,1
fc6e05f39ad27f0d3717f4fb51e607ef,1,I-II,melanoma spectrum,malignant,ChatGPT,c,basal_cell_carcinoma_vs_rest,FALSE,FALSE,0.15,1
fc6e05f39ad27f0d3717f4fb51e607ef,1,I-II,melanoma spectrum,malignant,ChatGPT,c,squamous_cell_carcinoma_vs_rest,FALSE,FALSE,0,1
e4e6247b65749ac9939b1465693e9bfb,1,I-II,melanoma spectrum,malignant,ChatGPT,c,malignant_vs_benign,TRUE,TRUE,0.45,1
e4e6247b65749ac9939b1465693e9bfb,1,I-II,melanoma spectrum,malignant,ChatGPT,c,melanoma_vs_rest,TRUE,FALSE,0.4,0
e4e6247b65749ac9939b1465693e9bfb,1,I-II,melanoma spectrum,malignant,ChatGPT,c,basal_cell_carcinoma_vs_rest,FALSE,FALSE,0,1
e4e6247b65749ac9939b1465693e9bfb,1,I-II,melanoma spectrum,malignant,ChatGPT,c,squamous_cell_carcinoma_vs_rest,FALSE,TRUE,0.45,0
361c860d6d11345eb0d14b6ff560a952,1,I-II,melanoma spectrum,malignant,ChatGPT,c,malignant_vs_benign,TRUE,TRUE,0.55,1
361c860d6d11345eb0d14b6ff560a952,1,I-II,melanoma spectrum,malignant,ChatGPT,c,melanoma_vs_rest,TRUE,TRUE,0.55,1
361c860d6d11345eb0d14b6ff560a952,1,I-II,melanoma spectrum,malignant,ChatGPT,c,basal_cell_carcinoma_vs_rest,FALSE,FALSE,0,1
361c860d6d11345eb0d14b6ff560a952,1,I-II,melanoma spectrum,malignant,ChatGPT,c,squamous_cell_carcinoma_vs_rest,FALSE,FALSE,0,1
98a86bd0a6b6d31cc399703220627eab,1,I-II,melanoma spectrum,malignant,ChatGPT,c,malignant_vs_benign,TRUE,FALSE,0.3,0
98a86bd0a6b6d31cc399703220627eab,1,I-II,melanoma spectrum,malignant,ChatGPT,c,melanoma_vs_rest,TRUE,FALSE,0.3,0
98a86bd0a6b6d31cc399703220627eab,1,I-II,melanoma spectrum,malignant,ChatGPT,c,basal_cell_carcinoma_vs_rest,FALSE,FALSE,0.25,1
98a86bd0a6b6d31cc399703220627eab,1,I-II,melanoma spectrum,malignant,ChatGPT,c,squamous_cell_carcinoma_vs_rest,FALSE,FALSE,0,1
1e7a332c75655b759c774efeac3d9dcc,1,I-II,melanoma spectrum,malignant,ChatGPT,c,malignant_vs_benign,TRUE,FALSE,0.25,0
1e7a332c75655b759c774efeac3d9dcc,1,I-II,melanoma spectrum,malignant,ChatGPT,c,melanoma_vs_rest,TRUE,FALSE,0.25,0
1e7a332c75655b759c774efeac3d9dcc,1,I-II,melanoma spectrum,malignant,ChatGPT,c,basal_cell_carcinoma_vs_rest,FALSE,FALSE,0,1
1e7a332c75655b759c774efeac3d9dcc,1,I-II,melanoma spectrum,malignant,ChatGPT,c,squamous_cell_carcinoma_vs_rest,FALSE,FALSE,0,1
203f72e12bfd9132ba8f843eaa9a894f,2,I-II,melanoma spectrum,malignant,ChatGPT,c,malignant_vs_benign,TRUE,TRUE,0.45,1
203f72e12bfd9132ba8f843eaa9a894f,2,I-II,melanoma spectrum,malignant,ChatGPT,c,melanoma_vs_rest,TRUE,FALSE,0.35,0
203f72e12bfd9132ba8f843eaa9a894f,2,I-II,melanoma spectrum,malignant,ChatGPT,c,basal_cell_carcinoma_vs_rest,FALSE,FALSE,0,1
203f72e12bfd9132ba8f843eaa9a894f,2,I-II,melanoma spectrum,malignant,ChatGPT,c,squamous_cell_carcinoma_vs_rest,FALSE,TRUE,0.45,0
163d9c550fad4704990a3d1b8183d0f8,2,I-II,melanoma spectrum,malignant,ChatGPT,c,malignant_vs_benign,TRUE,TRUE,0.85,1
163d9c550fad4704990a3d1b8183d0f8,2,I-II,melanoma spectrum,malignant,ChatGPT,c,melanoma_vs_rest,TRUE,TRUE,0.85,1
163d9c550fad4704990a3d1b8183d0f8,2,I-II,melanoma spectrum,malignant,ChatGPT,c,basal_cell_carcinoma_vs_rest,FALSE,FALSE,0,1
163d9c550fad4704990a3d1b8183d0f8,2,I-II,melanoma spectrum,malignant,ChatGPT,c,squamous_cell_carcinoma_vs_rest,FALSE,FALSE,0.1,1
c05b03bcef867fca1e842f5226089b2c,2,I-II,melanoma spectrum,malignant,ChatGPT,c,malignant_vs_benign,TRUE,TRUE,0.8,1
c05b03bcef867fca1e842f5226089b2c,2,I-II,melanoma spectrum,malignant,ChatGPT,c,melanoma_vs_rest,TRUE,TRUE,0.8,1
c05b03bcef867fca1e842f5226089b2c,2,I-II,melanoma spectrum,malignant,ChatGPT,c,basal_cell_carcinoma_vs_rest,FALSE,FALSE,0,1
c05b03bcef867fca1e842f5226089b2c,2,I-II,melanoma spectrum,malignant,ChatGPT,c,squamous_cell_carcinoma_vs_rest,FALSE,FALSE,0,1
62d277784521ca0bc25d6e91268b3c71,2,I-II,melanoma spectrum,malignant,ChatGPT,c,malignant_vs_benign,TRUE,TRUE,0.7,1
62d277784521ca0bc25d6e91268b3c71,2,I-II,melanoma spectrum,malignant,ChatGPT,c,melanoma_vs_rest,TRUE,TRUE,0.7,1
62d277784521ca0bc25d6e91268b3c71,2,I-II,melanoma spectrum,malignant,ChatGPT,c,basal_cell_carcinoma_vs_rest,FALSE,FALSE,0,1
62d277784521ca0bc25d6e91268b3c71,2,I-II,melanoma spectrum,malignant,ChatGPT,c,squamous_cell_carcinoma_vs_rest,FALSE,FALSE,0.2,1
cc2bd788c5212e2ec7e0869b9e9279e5,2,I-II,melanoma spectrum,malignant,ChatGPT,c,malignant_vs_benign,TRUE,TRUE,0.6,1
cc2bd788c5212e2ec7e0869b9e9279e5,2,I-II,melanoma spectrum,malignant,ChatGPT,c,melanoma_vs_rest,TRUE,TRUE,0.6,1
cc2bd788c5212e2ec7e0869b9e9279e5,2,I-II,melanoma spectrum,malignant,ChatGPT,c,basal_cell_carcinoma_vs_rest,FALSE,FALSE,0,1
cc2bd788c5212e2ec7e0869b9e9279e5,2,I-II,melanoma spectrum,malignant,ChatGPT,c,squamous_cell_carcinoma_vs_rest,FALSE,FALSE,0.25,1
c8e15692cc70579b3ca3b0cf8236ac0d,2,I-II,melanoma spectrum,malignant,ChatGPT,c,malignant_vs_benign,TRUE,FALSE,0.2,0
c8e15692cc70579b3ca3b0cf8236ac0d,2,I-II,melanoma spectrum,malignant,ChatGPT,c,melanoma_vs_rest,TRUE,FALSE,0.2,0
c8e15692cc70579b3ca3b0cf8236ac0d,2,I-II,melanoma spectrum,malignant,ChatGPT,c,basal_cell_carcinoma_vs_rest,FALSE,FALSE,0,1
c8e15692cc70579b3ca3b0cf8236ac0d,2,I-II,melanoma spectrum,malignant,ChatGPT,c,squamous_cell_carcinoma_vs_rest,FALSE,FALSE,0,1
1400a56e8de2b64427acf3ba96895ded,2,I-II,melanoma spectrum,malignant,ChatGPT,c,malignant_vs_benign,TRUE,FALSE,0,0
1400a56e8de2b64427acf3ba96895ded,2,I-II,melanoma spectrum,malignant,ChatGPT,c,melanoma_vs_rest,TRUE,FALSE,0,0
1400a56e8de2b64427acf3ba96895ded,2,I-II,melanoma spectrum,malignant,ChatGPT,c,basal_cell_carcinoma_vs_rest,FALSE,FALSE,0,1
1400a56e8de2b64427acf3ba96895ded,2,I-II,melanoma spectrum,malignant,ChatGPT,c,squamous_cell_carcinoma_vs_rest,FALSE,FALSE,0,1
85f9b49f753224a9a20c6fb66169335b,2,I-II,melanoma spectrum,malignant,ChatGPT,c,malignant_vs_benign,TRUE,FALSE,0,0
85f9b49f753224a9a20c6fb66169335b,2,I-II,melanoma spectrum,malignant,ChatGPT,c,melanoma_vs_rest,TRUE,FALSE,0,0
85f9b49f753224a9a20c6fb66169335b,2,I-II,melanoma spectrum,malignant,ChatGPT,c,basal_cell_carcinoma_vs_rest,FALSE,FALSE,0,1
85f9b49f753224a9a20c6fb66169335b,2,I-II,melanoma spectrum,malignant,ChatGPT,c,squamous_cell_carcinoma_vs_rest,FALSE,FALSE,0,1
40322591e45e91f55f0ba4daff917d1f,2,I-II,melanoma spectrum,malignant,ChatGPT,c,malignant_vs_benign,TRUE,FALSE,0.15,0
40322591e45e91f55f0ba4daff917d1f,2,I-II,melanoma spectrum,malignant,ChatGPT,c,melanoma_vs_rest,TRUE,FALSE,0.15,0
40322591e45e91f55f0ba4daff917d1f,2,I-II,melanoma spectrum,malignant,ChatGPT,c,basal_cell_carcinoma_vs_rest,FALSE,FALSE,0,1
40322591e45e91f55f0ba4daff917d1f,2,I-II,melanoma spectrum,malignant,ChatGPT,c,squamous_cell_carcinoma_vs_rest,FALSE,FALSE,0,1
098d28da6fe1db559126d701d74fc8e0,2,I-II,melanoma spectrum,malignant,ChatGPT,c,malignant_vs_benign,TRUE,FALSE,0.35,0
098d28da6fe1db559126d701d74fc8e0,2,I-II,melanoma spectrum,malignant,ChatGPT,c,melanoma_vs_rest,TRUE,FALSE,0,0
098d28da6fe1db559126d701d74fc8e0,2,I-II,melanoma spectrum,malignant,ChatGPT,c,basal_cell_carcinoma_vs_rest,FALSE,FALSE,0.35,1
098d28da6fe1db559126d701d74fc8e0,2,I-II,melanoma spectrum,malignant,ChatGPT,c,squamous_cell_carcinoma_vs_rest,FALSE,FALSE,0,1
f0758a39abe4ef22f174aa6e68689459,3,III-IV,melanoma spectrum,malignant,ChatGPT,c,malignant_vs_benign,TRUE,FALSE,0.25,0
f0758a39abe4ef22f174aa6e68689459,3,III-IV,melanoma spectrum,malignant,ChatGPT,c,melanoma_vs_rest,TRUE,FALSE,0.2,0
f0758a39abe4ef22f174aa6e68689459,3,III-IV,melanoma spectrum,malignant,ChatGPT,c,basal_cell_carcinoma_vs_rest,FALSE,FALSE,0.25,1
f0758a39abe4ef22f174aa6e68689459,3,III-IV,melanoma spectrum,malignant,ChatGPT,c,squamous_cell_carcinoma_vs_rest,FALSE,FALSE,0,1
6c01e05cf7c76a641b92bb4b7383d27b,3,III-IV,melanoma spectrum,malignant,ChatGPT,c,malignant_vs_benign,TRUE,FALSE,0.3,0
6c01e05cf7c76a641b92bb4b7383d27b,3,III-IV,melanoma spectrum,malignant,ChatGPT,c,melanoma_vs_rest,TRUE,FALSE,0.3,0
6c01e05cf7c76a641b92bb4b7383d27b,3,III-IV,melanoma spectrum,malignant,ChatGPT,c,basal_cell_carcinoma_vs_rest,FALSE,FALSE,0,1
6c01e05cf7c76a641b92bb4b7383d27b,3,III-IV,melanoma spectrum,malignant,ChatGPT,c,squamous_cell_carcinoma_vs_rest,FALSE,FALSE,0,1
bfb6b1bace873ed26a0f69d6bfde27ba,3,III-IV,melanoma spectrum,malignant,ChatGPT,c,malignant_vs_benign,TRUE,TRUE,0.5,1
bfb6b1bace873ed26a0f69d6bfde27ba,3,III-IV,melanoma spectrum,malignant,ChatGPT,c,melanoma_vs_rest,TRUE,FALSE,0,0
bfb6b1bace873ed26a0f69d6bfde27ba,3,III-IV,melanoma spectrum,malignant,ChatGPT,c,basal_cell_carcinoma_vs_rest,FALSE,TRUE,0.5,0
bfb6b1bace873ed26a0f69d6bfde27ba,3,III-IV,melanoma spectrum,malignant,ChatGPT,c,squamous_cell_carcinoma_vs_rest,FALSE,FALSE,0.3,1
16732968b8b8bf0e9dc529bb65031adf,3,III-IV,melanoma spectrum,malignant,ChatGPT,c,malignant_vs_benign,TRUE,TRUE,0.5,1
16732968b8b8bf0e9dc529bb65031adf,3,III-IV,melanoma spectrum,malignant,ChatGPT,c,melanoma_vs_rest,TRUE,TRUE,0.5,1
16732968b8b8bf0e9dc529bb65031adf,3,III-IV,melanoma spectrum,malignant,ChatGPT,c,basal_cell_carcinoma_vs_rest,FALSE,FALSE,0,1
16732968b8b8bf0e9dc529bb65031adf,3,III-IV,melanoma spectrum,malignant,ChatGPT,c,squamous_cell_carcinoma_vs_rest,FALSE,FALSE,0,1
38c5bd7619923f1297d3b49cebd1bd85,3,III-IV,melanoma spectrum,malignant,ChatGPT,c,malignant_vs_benign,TRUE,TRUE,0.45,1
38c5bd7619923f1297d3b49cebd1bd85,3,III-IV,melanoma spectrum,malignant,ChatGPT,c,melanoma_vs_rest,TRUE,TRUE,0.45,1
38c5bd7619923f1297d3b49cebd1bd85,3,III-IV,melanoma spectrum,malignant,ChatGPT,c,basal_cell_carcinoma_vs_rest,FALSE,FALSE,0.25,1
38c5bd7619923f1297d3b49cebd1bd85,3,III-IV,melanoma spectrum,malignant,ChatGPT,c,squamous_cell_carcinoma_vs_rest,FALSE,FALSE,0,1
079c3dd9e4b48d119bcdcfc024558128,3,III-IV,melanoma spectrum,malignant,ChatGPT,c,malignant_vs_benign,TRUE,FALSE,0.2,0
079c3dd9e4b48d119bcdcfc024558128,3,III-IV,melanoma spectrum,malignant,ChatGPT,c,melanoma_vs_rest,TRUE,FALSE,0.2,0
079c3dd9e4b48d119bcdcfc024558128,3,III-IV,melanoma spectrum,malignant,ChatGPT,c,basal_cell_carcinoma_vs_rest,FALSE,FALSE,0,1
079c3dd9e4b48d119bcdcfc024558128,3,III-IV,melanoma spectrum,malignant,ChatGPT,c,squamous_cell_carcinoma_vs_rest,FALSE,FALSE,0,1
2004c88f0aba56122257c4f71e67c719,3,III-IV,melanoma spectrum,malignant,ChatGPT,c,malignant_vs_benign,TRUE,FALSE,0.3,0
2004c88f0aba56122257c4f71e67c719,3,III-IV,melanoma spectrum,malignant,ChatGPT,c,melanoma_vs_rest,TRUE,FALSE,0.3,0
2004c88f0aba56122257c4f71e67c719,3,III-IV,melanoma spectrum,malignant,ChatGPT,c,basal_cell_carcinoma_vs_rest,FALSE,FALSE,0,1
2004c88f0aba56122257c4f71e67c719,3,III-IV,melanoma spectrum,malignant,ChatGPT,c,squamous_cell_carcinoma_vs_rest,FALSE,FALSE,0,1
6744db78a0f5c8b6a5ce65df24cb7473,3,III-IV,melanoma spectrum,malignant,ChatGPT,c,malignant_vs_benign,TRUE,TRUE,0.7,1
6744db78a0f5c8b6a5ce65df24cb7473,3,III-IV,melanoma spectrum,malignant,ChatGPT,c,melanoma_vs_rest,TRUE,TRUE,0.7,1
6744db78a0f5c8b6a5ce65df24cb7473,3,III-IV,melanoma spectrum,malignant,ChatGPT,c,basal_cell_carcinoma_vs_rest,FALSE,FALSE,0,1
6744db78a0f5c8b6a5ce65df24cb7473,3,III-IV,melanoma spectrum,malignant,ChatGPT,c,squamous_cell_carcinoma_vs_rest,FALSE,FALSE,0.2,1
68528c33db3fc238d183b5d2c14d6f75,3,III-IV,melanoma spectrum,malignant,ChatGPT,c,malignant_vs_benign,TRUE,FALSE,0.3,0
68528c33db3fc238d183b5d2c14d6f75,3,III-IV,melanoma spectrum,malignant,ChatGPT,c,melanoma_vs_rest,TRUE,FALSE,0.3,0
68528c33db3fc238d183b5d2c14d6f75,3,III-IV,melanoma spectrum,malignant,ChatGPT,c,basal_cell_carcinoma_vs_rest,FALSE,FALSE,0.25,1
68528c33db3fc238d183b5d2c14d6f75,3,III-IV,melanoma spectrum,malignant,ChatGPT,c,squamous_cell_carcinoma_vs_rest,FALSE,FALSE,0,1
80af44814ea5730ac2e9ba49971ed054,3,III-IV,melanoma spectrum,malignant,ChatGPT,c,malignant_vs_benign,TRUE,FALSE,0.25,0
80af44814ea5730ac2e9ba49971ed054,3,III-IV,melanoma spectrum,malignant,ChatGPT,c,melanoma_vs_rest,TRUE,FALSE,0.25,0
80af44814ea5730ac2e9ba49971ed054,3,III-IV,melanoma spectrum,malignant,ChatGPT,c,basal_cell_carcinoma_vs_rest,FALSE,FALSE,0,1
80af44814ea5730ac2e9ba49971ed054,3,III-IV,melanoma spectrum,malignant,ChatGPT,c,squamous_cell_carcinoma_vs_rest,FALSE,FALSE,0,1
031906ece1abcde6af5ef82780ea3034,4,III-IV,melanoma spectrum,malignant,ChatGPT,c,malignant_vs_benign,TRUE,FALSE,0.3,0
031906ece1abcde6af5ef82780ea3034,4,III-IV,melanoma spectrum,malignant,ChatGPT,c,melanoma_vs_rest,TRUE,FALSE,0.3,0
031906ece1abcde6af5ef82780ea3034,4,III-IV,melanoma spectrum,malignant,ChatGPT,c,basal_cell_carcinoma_vs_rest,FALSE,FALSE,0,1
031906ece1abcde6af5ef82780ea3034,4,III-IV,melanoma spectrum,malignant,ChatGPT,c,squamous_cell_carcinoma_vs_rest,FALSE,FALSE,0,1
44dd09cec3d8e1a42c64235346e4d062,4,III-IV,melanoma spectrum,malignant,ChatGPT,c,malignant_vs_benign,TRUE,TRUE,0.4,1
44dd09cec3d8e1a42c64235346e4d062,4,III-IV,melanoma spectrum,malignant,ChatGPT,c,melanoma_vs_rest,TRUE,TRUE,0.4,1
44dd09cec3d8e1a42c64235346e4d062,4,III-IV,melanoma spectrum,malignant,ChatGPT,c,basal_cell_carcinoma_vs_rest,FALSE,FALSE,0.25,1
44dd09cec3d8e1a42c64235346e4d062,4,III-IV,melanoma spectrum,malignant,ChatGPT,c,squamous_cell_carcinoma_vs_rest,FALSE,FALSE,0,1
1d78d91cb196cb45b40c615cbf7a94ff,4,III-IV,melanoma spectrum,malignant,ChatGPT,c,malignant_vs_benign,TRUE,FALSE,0.35,0
1d78d91cb196cb45b40c615cbf7a94ff,4,III-IV,melanoma spectrum,malignant,ChatGPT,c,melanoma_vs_rest,TRUE,FALSE,0.35,0
1d78d91cb196cb45b40c615cbf7a94ff,4,III-IV,melanoma spectrum,malignant,ChatGPT,c,basal_cell_carcinoma_vs_rest,FALSE,FALSE,0,1
1d78d91cb196cb45b40c615cbf7a94ff,4,III-IV,melanoma spectrum,malignant,ChatGPT,c,squamous_cell_carcinoma_vs_rest,FALSE,FALSE,0,1
25f0286ffedff3a8a17bcdb8f220cdaf,4,III-IV,melanoma spectrum,malignant,ChatGPT,c,malignant_vs_benign,TRUE,TRUE,0.5,1
25f0286ffedff3a8a17bcdb8f220cdaf,4,III-IV,melanoma spectrum,malignant,ChatGPT,c,melanoma_vs_rest,TRUE,TRUE,0.5,1
25f0286ffedff3a8a17bcdb8f220cdaf,4,III-IV,melanoma spectrum,malignant,ChatGPT,c,basal_cell_carcinoma_vs_rest,FALSE,FALSE,0,1
25f0286ffedff3a8a17bcdb8f220cdaf,4,III-IV,melanoma spectrum,malignant,ChatGPT,c,squamous_cell_carcinoma_vs_rest,FALSE,FALSE,0,1
30559e9ff81800fcc4e2819d89988b88,4,III-IV,melanoma spectrum,malignant,ChatGPT,c,malignant_vs_benign,TRUE,TRUE,0.5,1
30559e9ff81800fcc4e2819d89988b88,4,III-IV,melanoma spectrum,malignant,ChatGPT,c,melanoma_vs_rest,TRUE,TRUE,0.5,1
30559e9ff81800fcc4e2819d89988b88,4,III-IV,melanoma spectrum,malignant,ChatGPT,c,basal_cell_carcinoma_vs_rest,FALSE,FALSE,0.2,1
30559e9ff81800fcc4e2819d89988b88,4,III-IV,melanoma spectrum,malignant,ChatGPT,c,squamous_cell_carcinoma_vs_rest,FALSE,FALSE,0,1
3b36608c5ee59c5c9d86d64fb5309007,4,III-IV,melanoma spectrum,malignant,ChatGPT,c,malignant_vs_benign,TRUE,TRUE,0.65,1
3b36608c5ee59c5c9d86d64fb5309007,4,III-IV,melanoma spectrum,malignant,ChatGPT,c,melanoma_vs_rest,TRUE,TRUE,0.65,1
3b36608c5ee59c5c9d86d64fb5309007,4,III-IV,melanoma spectrum,malignant,ChatGPT,c,basal_cell_carcinoma_vs_rest,FALSE,FALSE,0,1
3b36608c5ee59c5c9d86d64fb5309007,4,III-IV,melanoma spectrum,malignant,ChatGPT,c,squamous_cell_carcinoma_vs_rest,FALSE,FALSE,0,1
3f014488acf61087ab152f8dc5fac8b3,4,III-IV,melanoma spectrum,malignant,ChatGPT,c,malignant_vs_benign,TRUE,TRUE,0.45,1
3f014488acf61087ab152f8dc5fac8b3,4,III-IV,melanoma spectrum,malignant,ChatGPT,c,melanoma_vs_rest,TRUE,FALSE,0,0
3f014488acf61087ab152f8dc5fac8b3,4,III-IV,melanoma spectrum,malignant,ChatGPT,c,basal_cell_carcinoma_vs_rest,FALSE,TRUE,0.45,0
3f014488acf61087ab152f8dc5fac8b3,4,III-IV,melanoma spectrum,malignant,ChatGPT,c,squamous_cell_carcinoma_vs_rest,FALSE,FALSE,0.35,1
e64bc4a3e3dfc2db301f0b8c64253da5,4,III-IV,melanoma spectrum,malignant,ChatGPT,c,malignant_vs_benign,TRUE,TRUE,0.5,1
e64bc4a3e3dfc2db301f0b8c64253da5,4,III-IV,melanoma spectrum,malignant,ChatGPT,c,melanoma_vs_rest,TRUE,TRUE,0.5,1
e64bc4a3e3dfc2db301f0b8c64253da5,4,III-IV,melanoma spectrum,malignant,ChatGPT,c,basal_cell_carcinoma_vs_rest,FALSE,FALSE,0,1
e64bc4a3e3dfc2db301f0b8c64253da5,4,III-IV,melanoma spectrum,malignant,ChatGPT,c,squamous_cell_carcinoma_vs_rest,FALSE,FALSE,0,1
00f1b7bb9581e91250a2bb224c3321b8,4,III-IV,melanoma spectrum,malignant,ChatGPT,c,malignant_vs_benign,TRUE,TRUE,0.4,1
00f1b7bb9581e91250a2bb224c3321b8,4,III-IV,melanoma spectrum,malignant,ChatGPT,c,melanoma_vs_rest,TRUE,FALSE,0.35,0
00f1b7bb9581e91250a2bb224c3321b8,4,III-IV,melanoma spectrum,malignant,ChatGPT,c,basal_cell_carcinoma_vs_rest,FALSE,TRUE,0.4,0
00f1b7bb9581e91250a2bb224c3321b8,4,III-IV,melanoma spectrum,malignant,ChatGPT,c,squamous_cell_carcinoma_vs_rest,FALSE,FALSE,0,1
be813befb6f1f53ce07c77838af159ea,4,III-IV,melanoma spectrum,malignant,ChatGPT,c,malignant_vs_benign,TRUE,TRUE,0.45,1
be813befb6f1f53ce07c77838af159ea,4,III-IV,melanoma spectrum,malignant,ChatGPT,c,melanoma_vs_rest,TRUE,TRUE,0.45,1
be813befb6f1f53ce07c77838af159ea,4,III-IV,melanoma spectrum,malignant,ChatGPT,c,basal_cell_carcinoma_vs_rest,FALSE,FALSE,0.25,1
be813befb6f1f53ce07c77838af159ea,4,III-IV,melanoma spectrum,malignant,ChatGPT,c,squamous_cell_carcinoma_vs_rest,FALSE,FALSE,0,1
0d8457afebb67905127da37baece43d8,5,V-VI,melanoma spectrum,malignant,ChatGPT,c,malignant_vs_benign,TRUE,TRUE,0.75,1
0d8457afebb67905127da37baece43d8,5,V-VI,melanoma spectrum,malignant,ChatGPT,c,melanoma_vs_rest,TRUE,TRUE,0.75,1
0d8457afebb67905127da37baece43d8,5,V-VI,melanoma spectrum,malignant,ChatGPT,c,basal_cell_carcinoma_vs_rest,FALSE,FALSE,0,1
0d8457afebb67905127da37baece43d8,5,V-VI,melanoma spectrum,malignant,ChatGPT,c,squamous_cell_carcinoma_vs_rest,FALSE,FALSE,0,1
1d8fcc49e4dda6868fcf76916fc14405,5,V-VI,melanoma spectrum,malignant,ChatGPT,c,malignant_vs_benign,TRUE,TRUE,0.45,1
1d8fcc49e4dda6868fcf76916fc14405,5,V-VI,melanoma spectrum,malignant,ChatGPT,c,melanoma_vs_rest,TRUE,FALSE,0.3,0
1d8fcc49e4dda6868fcf76916fc14405,5,V-VI,melanoma spectrum,malignant,ChatGPT,c,basal_cell_carcinoma_vs_rest,FALSE,FALSE,0,1
1d8fcc49e4dda6868fcf76916fc14405,5,V-VI,melanoma spectrum,malignant,ChatGPT,c,squamous_cell_carcinoma_vs_rest,FALSE,FALSE,0.25,1
1ef72998789229d4659d564ba15e7432,5,V-VI,melanoma spectrum,malignant,ChatGPT,c,malignant_vs_benign,TRUE,TRUE,0.4,1
1ef72998789229d4659d564ba15e7432,5,V-VI,melanoma spectrum,malignant,ChatGPT,c,melanoma_vs_rest,TRUE,TRUE,0.4,1
1ef72998789229d4659d564ba15e7432,5,V-VI,melanoma spectrum,malignant,ChatGPT,c,basal_cell_carcinoma_vs_rest,FALSE,FALSE,0,1
1ef72998789229d4659d564ba15e7432,5,V-VI,melanoma spectrum,malignant,ChatGPT,c,squamous_cell_carcinoma_vs_rest,FALSE,FALSE,0,1
37de8e0406609884c1140bf660798d40,5,V-VI,melanoma spectrum,malignant,ChatGPT,c,malignant_vs_benign,TRUE,TRUE,0.45,1
37de8e0406609884c1140bf660798d40,5,V-VI,melanoma spectrum,malignant,ChatGPT,c,melanoma_vs_rest,TRUE,FALSE,0.35,0
37de8e0406609884c1140bf660798d40,5,V-VI,melanoma spectrum,malignant,ChatGPT,c,basal_cell_carcinoma_vs_rest,FALSE,FALSE,0,1
37de8e0406609884c1140bf660798d40,5,V-VI,melanoma spectrum,malignant,ChatGPT,c,squamous_cell_carcinoma_vs_rest,FALSE,FALSE,0,1
3edf305f280a7b9753a141631b8f3ad9,5,V-VI,melanoma spectrum,malignant,ChatGPT,c,malignant_vs_benign,TRUE,TRUE,0.5,1
3edf305f280a7b9753a141631b8f3ad9,5,V-VI,melanoma spectrum,malignant,ChatGPT,c,melanoma_vs_rest,TRUE,TRUE,0.5,1
3edf305f280a7b9753a141631b8f3ad9,5,V-VI,melanoma spectrum,malignant,ChatGPT,c,basal_cell_carcinoma_vs_rest,FALSE,FALSE,0,1
3edf305f280a7b9753a141631b8f3ad9,5,V-VI,melanoma spectrum,malignant,ChatGPT,c,squamous_cell_carcinoma_vs_rest,FALSE,FALSE,0,1
7041e0d82e0d554237bd1e6dc886a81f,5,V-VI,melanoma spectrum,malignant,ChatGPT,c,malignant_vs_benign,TRUE,TRUE,0.5,1
7041e0d82e0d554237bd1e6dc886a81f,5,V-VI,melanoma spectrum,malignant,ChatGPT,c,melanoma_vs_rest,TRUE,TRUE,0.5,1
7041e0d82e0d554237bd1e6dc886a81f,5,V-VI,melanoma spectrum,malignant,ChatGPT,c,basal_cell_carcinoma_vs_rest,FALSE,FALSE,0,1
7041e0d82e0d554237bd1e6dc886a81f,5,V-VI,melanoma spectrum,malignant,ChatGPT,c,squamous_cell_carcinoma_vs_rest,FALSE,FALSE,0,1
7d4182584c503100338e00b7b46bcc4b,5,V-VI,melanoma spectrum,malignant,ChatGPT,c,malignant_vs_benign,TRUE,FALSE,0,0
7d4182584c503100338e00b7b46bcc4b,5,V-VI,melanoma spectrum,malignant,ChatGPT,c,melanoma_vs_rest,TRUE,FALSE,0,0
7d4182584c503100338e00b7b46bcc4b,5,V-VI,melanoma spectrum,malignant,ChatGPT,c,basal_cell_carcinoma_vs_rest,FALSE,FALSE,0,1
7d4182584c503100338e00b7b46bcc4b,5,V-VI,melanoma spectrum,malignant,ChatGPT,c,squamous_cell_carcinoma_vs_rest,FALSE,FALSE,0,1
a9f949191444e250146b49ff8c95c6ac,5,V-VI,melanoma spectrum,malignant,ChatGPT,c,malignant_vs_benign,TRUE,FALSE,0.3,0
a9f949191444e250146b49ff8c95c6ac,5,V-VI,melanoma spectrum,malignant,ChatGPT,c,melanoma_vs_rest,TRUE,FALSE,0.3,0
a9f949191444e250146b49ff8c95c6ac,5,V-VI,melanoma spectrum,malignant,ChatGPT,c,basal_cell_carcinoma_vs_rest,FALSE,FALSE,0,1
a9f949191444e250146b49ff8c95c6ac,5,V-VI,melanoma spectrum,malignant,ChatGPT,c,squamous_cell_carcinoma_vs_rest,FALSE,FALSE,0,1
ac04675f4d3943dfcfadd5284c60ef20,5,V-VI,melanoma spectrum,malignant,ChatGPT,c,malignant_vs_benign,TRUE,FALSE,0.35,0
ac04675f4d3943dfcfadd5284c60ef20,5,V-VI,melanoma spectrum,malignant,ChatGPT,c,melanoma_vs_rest,TRUE,FALSE,0.35,0
ac04675f4d3943dfcfadd5284c60ef20,5,V-VI,melanoma spectrum,malignant,ChatGPT,c,basal_cell_carcinoma_vs_rest,FALSE,FALSE,0,1
ac04675f4d3943dfcfadd5284c60ef20,5,V-VI,melanoma spectrum,malignant,ChatGPT,c,squamous_cell_carcinoma_vs_rest,FALSE,FALSE,0,1
d4862d1b866e2c536dde339f60de4f0d,5,V-VI,melanoma spectrum,malignant,ChatGPT,c,malignant_vs_benign,TRUE,TRUE,0.4,1
d4862d1b866e2c536dde339f60de4f0d,5,V-VI,melanoma spectrum,malignant,ChatGPT,c,melanoma_vs_rest,TRUE,FALSE,0,0
d4862d1b866e2c536dde339f60de4f0d,5,V-VI,melanoma spectrum,malignant,ChatGPT,c,basal_cell_carcinoma_vs_rest,FALSE,TRUE,0.4,0
d4862d1b866e2c536dde339f60de4f0d,5,V-VI,melanoma spectrum,malignant,ChatGPT,c,squamous_cell_carcinoma_vs_rest,FALSE,FALSE,0.35,1
eab91c11e20398a89c454717dc5eaa94,5,V-VI,melanoma spectrum,malignant,ChatGPT,c,malignant_vs_benign,TRUE,TRUE,0.45,1
eab91c11e20398a89c454717dc5eaa94,5,V-VI,melanoma spectrum,malignant,ChatGPT,c,melanoma_vs_rest,TRUE,FALSE,0.35,0
eab91c11e20398a89c454717dc5eaa94,5,V-VI,melanoma spectrum,malignant,ChatGPT,c,basal_cell_carcinoma_vs_rest,FALSE,FALSE,0,1
eab91c11e20398a89c454717dc5eaa94,5,V-VI,melanoma spectrum,malignant,ChatGPT,c,squamous_cell_carcinoma_vs_rest,FALSE,FALSE,0,1
02f11821915d67f20fb15a8e8b96c1d3,6,V-VI,melanoma spectrum,malignant,ChatGPT,c,malignant_vs_benign,TRUE,FALSE,0.3,0
02f11821915d67f20fb15a8e8b96c1d3,6,V-VI,melanoma spectrum,malignant,ChatGPT,c,melanoma_vs_rest,TRUE,FALSE,0.3,0
02f11821915d67f20fb15a8e8b96c1d3,6,V-VI,melanoma spectrum,malignant,ChatGPT,c,basal_cell_carcinoma_vs_rest,FALSE,FALSE,0.25,1
02f11821915d67f20fb15a8e8b96c1d3,6,V-VI,melanoma spectrum,malignant,ChatGPT,c,squamous_cell_carcinoma_vs_rest,FALSE,FALSE,0,1
3b24865e842419e4efc3fb909c633077,6,V-VI,melanoma spectrum,malignant,ChatGPT,c,malignant_vs_benign,TRUE,TRUE,0.45,1
3b24865e842419e4efc3fb909c633077,6,V-VI,melanoma spectrum,malignant,ChatGPT,c,melanoma_vs_rest,TRUE,FALSE,0.35,0
3b24865e842419e4efc3fb909c633077,6,V-VI,melanoma spectrum,malignant,ChatGPT,c,basal_cell_carcinoma_vs_rest,FALSE,FALSE,0,1
3b24865e842419e4efc3fb909c633077,6,V-VI,melanoma spectrum,malignant,ChatGPT,c,squamous_cell_carcinoma_vs_rest,FALSE,FALSE,0,1
454e68bf5705eabf0f4d28fc1dbd77be,6,V-VI,melanoma spectrum,malignant,ChatGPT,c,malignant_vs_benign,TRUE,TRUE,0.5,1
454e68bf5705eabf0f4d28fc1dbd77be,6,V-VI,melanoma spectrum,malignant,ChatGPT,c,melanoma_vs_rest,TRUE,TRUE,0.5,1
454e68bf5705eabf0f4d28fc1dbd77be,6,V-VI,melanoma spectrum,malignant,ChatGPT,c,basal_cell_carcinoma_vs_rest,FALSE,FALSE,0.25,1
454e68bf5705eabf0f4d28fc1dbd77be,6,V-VI,melanoma spectrum,malignant,ChatGPT,c,squamous_cell_carcinoma_vs_rest,FALSE,FALSE,0,1
4ab4fa98f5acf7ec42886917128df401,6,V-VI,melanoma spectrum,malignant,ChatGPT,c,malignant_vs_benign,TRUE,TRUE,0.6,1
4ab4fa98f5acf7ec42886917128df401,6,V-VI,melanoma spectrum,malignant,ChatGPT,c,melanoma_vs_rest,TRUE,TRUE,0.6,1
4ab4fa98f5acf7ec42886917128df401,6,V-VI,melanoma spectrum,malignant,ChatGPT,c,basal_cell_carcinoma_vs_rest,FALSE,FALSE,0,1
4ab4fa98f5acf7ec42886917128df401,6,V-VI,melanoma spectrum,malignant,ChatGPT,c,squamous_cell_carcinoma_vs_rest,FALSE,FALSE,0,1
4c3f795cf8eb72b946f9bd2642cf23c1,6,V-VI,melanoma spectrum,malignant,ChatGPT,c,malignant_vs_benign,TRUE,TRUE,0.45,1
4c3f795cf8eb72b946f9bd2642cf23c1,6,V-VI,melanoma spectrum,malignant,ChatGPT,c,melanoma_vs_rest,TRUE,TRUE,0.45,1
4c3f795cf8eb72b946f9bd2642cf23c1,6,V-VI,melanoma spectrum,malignant,ChatGPT,c,basal_cell_carcinoma_vs_rest,FALSE,FALSE,0.3,1
4c3f795cf8eb72b946f9bd2642cf23c1,6,V-VI,melanoma spectrum,malignant,ChatGPT,c,squamous_cell_carcinoma_vs_rest,FALSE,FALSE,0,1
617f9ddb778028f305520a92ac052c68,6,V-VI,melanoma spectrum,malignant,ChatGPT,c,malignant_vs_benign,TRUE,TRUE,0.4,1
617f9ddb778028f305520a92ac052c68,6,V-VI,melanoma spectrum,malignant,ChatGPT,c,melanoma_vs_rest,TRUE,FALSE,0.35,0
617f9ddb778028f305520a92ac052c68,6,V-VI,melanoma spectrum,malignant,ChatGPT,c,basal_cell_carcinoma_vs_rest,FALSE,FALSE,0,1
617f9ddb778028f305520a92ac052c68,6,V-VI,melanoma spectrum,malignant,ChatGPT,c,squamous_cell_carcinoma_vs_rest,FALSE,FALSE,0.25,1
a177a5fc4b0e7033c39fb4f2503279ab,6,V-VI,melanoma spectrum,malignant,ChatGPT,c,malignant_vs_benign,TRUE,TRUE,0.75,1
a177a5fc4b0e7033c39fb4f2503279ab,6,V-VI,melanoma spectrum,malignant,ChatGPT,c,melanoma_vs_rest,TRUE,TRUE,0.75,1
a177a5fc4b0e7033c39fb4f2503279ab,6,V-VI,melanoma spectrum,malignant,ChatGPT,c,basal_cell_carcinoma_vs_rest,FALSE,FALSE,0,1
a177a5fc4b0e7033c39fb4f2503279ab,6,V-VI,melanoma spectrum,malignant,ChatGPT,c,squamous_cell_carcinoma_vs_rest,FALSE,FALSE,0,1
b22e94f7e5cde4d33adf24245ea5faf2,6,V-VI,melanoma spectrum,malignant,ChatGPT,c,malignant_vs_benign,TRUE,FALSE,0.35,0
b22e94f7e5cde4d33adf24245ea5faf2,6,V-VI,melanoma spectrum,malignant,ChatGPT,c,melanoma_vs_rest,TRUE,FALSE,0.35,0
b22e94f7e5cde4d33adf24245ea5faf2,6,V-VI,melanoma spectrum,malignant,ChatGPT,c,basal_cell_carcinoma_vs_rest,FALSE,FALSE,0,1
b22e94f7e5cde4d33adf24245ea5faf2,6,V-VI,melanoma spectrum,malignant,ChatGPT,c,squamous_cell_carcinoma_vs_rest,FALSE,FALSE,0,1
d10722216af2bab5bfc450259169f9fe,6,V-VI,melanoma spectrum,malignant,ChatGPT,c,malignant_vs_benign,TRUE,FALSE,0.35,0
d10722216af2bab5bfc450259169f9fe,6,V-VI,melanoma spectrum,malignant,ChatGPT,c,melanoma_vs_rest,TRUE,FALSE,0.35,0
d10722216af2bab5bfc450259169f9fe,6,V-VI,melanoma spectrum,malignant,ChatGPT,c,basal_cell_carcinoma_vs_rest,FALSE,FALSE,0,1
d10722216af2bab5bfc450259169f9fe,6,V-VI,melanoma spectrum,malignant,ChatGPT,c,squamous_cell_carcinoma_vs_rest,FALSE,FALSE,0,1
04ff8956172642998a8edbcaa0960f09,1,I-II,benign nevus,benign,ChatGPT,c,malignant_vs_benign,FALSE,FALSE,0,1
04ff8956172642998a8edbcaa0960f09,1,I-II,benign nevus,benign,ChatGPT,c,melanoma_vs_rest,FALSE,FALSE,0,1
04ff8956172642998a8edbcaa0960f09,1,I-II,benign nevus,benign,ChatGPT,c,basal_cell_carcinoma_vs_rest,FALSE,FALSE,0,1
04ff8956172642998a8edbcaa0960f09,1,I-II,benign nevus,benign,ChatGPT,c,squamous_cell_carcinoma_vs_rest,FALSE,FALSE,0,1
6135408e7729eb1deb0711446ecc4883,1,I-II,benign nevus,benign,ChatGPT,c,malignant_vs_benign,FALSE,FALSE,0,1
6135408e7729eb1deb0711446ecc4883,1,I-II,benign nevus,benign,ChatGPT,c,melanoma_vs_rest,FALSE,FALSE,0,1
6135408e7729eb1deb0711446ecc4883,1,I-II,benign nevus,benign,ChatGPT,c,basal_cell_carcinoma_vs_rest,FALSE,FALSE,0,1
6135408e7729eb1deb0711446ecc4883,1,I-II,benign nevus,benign,ChatGPT,c,squamous_cell_carcinoma_vs_rest,FALSE,FALSE,0,1
67a5980c2855fb037a812e716dc911ca,1,I-II,benign nevus,benign,ChatGPT,c,malignant_vs_benign,FALSE,FALSE,0,1
67a5980c2855fb037a812e716dc911ca,1,I-II,benign nevus,benign,ChatGPT,c,melanoma_vs_rest,FALSE,FALSE,0,1
67a5980c2855fb037a812e716dc911ca,1,I-II,benign nevus,benign,ChatGPT,c,basal_cell_carcinoma_vs_rest,FALSE,FALSE,0,1
67a5980c2855fb037a812e716dc911ca,1,I-II,benign nevus,benign,ChatGPT,c,squamous_cell_carcinoma_vs_rest,FALSE,FALSE,0,1
7edd1ea64cd58993db33eb7f63c9e23b,1,I-II,benign nevus,benign,ChatGPT,c,malignant_vs_benign,FALSE,FALSE,0,1
7edd1ea64cd58993db33eb7f63c9e23b,1,I-II,benign nevus,benign,ChatGPT,c,melanoma_vs_rest,FALSE,FALSE,0,1
7edd1ea64cd58993db33eb7f63c9e23b,1,I-II,benign nevus,benign,ChatGPT,c,basal_cell_carcinoma_vs_rest,FALSE,FALSE,0,1
7edd1ea64cd58993db33eb7f63c9e23b,1,I-II,benign nevus,benign,ChatGPT,c,squamous_cell_carcinoma_vs_rest,FALSE,FALSE,0,1
8169683ac60b87ed3de3870d8a5e1c19,1,I-II,benign nevus,benign,ChatGPT,c,malignant_vs_benign,FALSE,FALSE,0,1
8169683ac60b87ed3de3870d8a5e1c19,1,I-II,benign nevus,benign,ChatGPT,c,melanoma_vs_rest,FALSE,FALSE,0,1
8169683ac60b87ed3de3870d8a5e1c19,1,I-II,benign nevus,benign,ChatGPT,c,basal_cell_carcinoma_vs_rest,FALSE,FALSE,0,1
8169683ac60b87ed3de3870d8a5e1c19,1,I-II,benign nevus,benign,ChatGPT,c,squamous_cell_carcinoma_vs_rest,FALSE,FALSE,0,1
870cc15be006f854b30fb4959bb54eae,1,I-II,benign nevus,benign,ChatGPT,c,malignant_vs_benign,FALSE,FALSE,0.3,1
870cc15be006f854b30fb4959bb54eae,1,I-II,benign nevus,benign,ChatGPT,c,melanoma_vs_rest,FALSE,FALSE,0.3,1
870cc15be006f854b30fb4959bb54eae,1,I-II,benign nevus,benign,ChatGPT,c,basal_cell_carcinoma_vs_rest,FALSE,FALSE,0.3,1
870cc15be006f854b30fb4959bb54eae,1,I-II,benign nevus,benign,ChatGPT,c,squamous_cell_carcinoma_vs_rest,FALSE,FALSE,0,1
886e41a00b7d754d53e7ecd9dec9058f,1,I-II,benign nevus,benign,ChatGPT,c,malignant_vs_benign,FALSE,FALSE,0.35,1
886e41a00b7d754d53e7ecd9dec9058f,1,I-II,benign nevus,benign,ChatGPT,c,melanoma_vs_rest,FALSE,FALSE,0.35,1
886e41a00b7d754d53e7ecd9dec9058f,1,I-II,benign nevus,benign,ChatGPT,c,basal_cell_carcinoma_vs_rest,FALSE,FALSE,0,1
886e41a00b7d754d53e7ecd9dec9058f,1,I-II,benign nevus,benign,ChatGPT,c,squamous_cell_carcinoma_vs_rest,FALSE,FALSE,0,1
9b80bb011a2ae3f741c6c1af12ec34e9,1,I-II,benign nevus,benign,ChatGPT,c,malignant_vs_benign,FALSE,TRUE,0.4,0
9b80bb011a2ae3f741c6c1af12ec34e9,1,I-II,benign nevus,benign,ChatGPT,c,melanoma_vs_rest,FALSE,FALSE,0,1
9b80bb011a2ae3f741c6c1af12ec34e9,1,I-II,benign nevus,benign,ChatGPT,c,basal_cell_carcinoma_vs_rest,FALSE,TRUE,0.4,0
9b80bb011a2ae3f741c6c1af12ec34e9,1,I-II,benign nevus,benign,ChatGPT,c,squamous_cell_carcinoma_vs_rest,FALSE,FALSE,0.35,1
b9e384f23afb5f3b9312668aebfc342f,1,I-II,benign nevus,benign,ChatGPT,c,malignant_vs_benign,FALSE,FALSE,0,1
b9e384f23afb5f3b9312668aebfc342f,1,I-II,benign nevus,benign,ChatGPT,c,melanoma_vs_rest,FALSE,FALSE,0,1
b9e384f23afb5f3b9312668aebfc342f,1,I-II,benign nevus,benign,ChatGPT,c,basal_cell_carcinoma_vs_rest,FALSE,FALSE,0,1
b9e384f23afb5f3b9312668aebfc342f,1,I-II,benign nevus,benign,ChatGPT,c,squamous_cell_carcinoma_vs_rest,FALSE,FALSE,0,1
c0a5c449ab3d9164f7558370210dadfb,1,I-II,benign nevus,benign,ChatGPT,c,malignant_vs_benign,FALSE,FALSE,0,1
c0a5c449ab3d9164f7558370210dadfb,1,I-II,benign nevus,benign,ChatGPT,c,melanoma_vs_rest,FALSE,FALSE,0,1
c0a5c449ab3d9164f7558370210dadfb,1,I-II,benign nevus,benign,ChatGPT,c,basal_cell_carcinoma_vs_rest,FALSE,FALSE,0,1
c0a5c449ab3d9164f7558370210dadfb,1,I-II,benign nevus,benign,ChatGPT,c,squamous_cell_carcinoma_vs_rest,FALSE,FALSE,0,1
d52c33f0ce4c9947fc062f4c95ab50f2,1,I-II,benign nevus,benign,ChatGPT,c,malignant_vs_benign,FALSE,FALSE,0,1
d52c33f0ce4c9947fc062f4c95ab50f2,1,I-II,benign nevus,benign,ChatGPT,c,melanoma_vs_rest,FALSE,FALSE,0,1
d52c33f0ce4c9947fc062f4c95ab50f2,1,I-II,benign nevus,benign,ChatGPT,c,basal_cell_carcinoma_vs_rest,FALSE,FALSE,0,1
d52c33f0ce4c9947fc062f4c95ab50f2,1,I-II,benign nevus,benign,ChatGPT,c,squamous_cell_carcinoma_vs_rest,FALSE,FALSE,0,1
1e8e1f523ca089efdeffd0244eec6c85,2,I-II,benign nevus,benign,ChatGPT,c,malignant_vs_benign,FALSE,FALSE,0,1
1e8e1f523ca089efdeffd0244eec6c85,2,I-II,benign nevus,benign,ChatGPT,c,melanoma_vs_rest,FALSE,FALSE,0,1
1e8e1f523ca089efdeffd0244eec6c85,2,I-II,benign nevus,benign,ChatGPT,c,basal_cell_carcinoma_vs_rest,FALSE,FALSE,0,1
1e8e1f523ca089efdeffd0244eec6c85,2,I-II,benign nevus,benign,ChatGPT,c,squamous_cell_carcinoma_vs_rest,FALSE,FALSE,0,1
49635d65d9bc4f7d605f912397ffb3ff,2,I-II,benign nevus,benign,ChatGPT,c,malignant_vs_benign,FALSE,FALSE,0,1
49635d65d9bc4f7d605f912397ffb3ff,2,I-II,benign nevus,benign,ChatGPT,c,melanoma_vs_rest,FALSE,FALSE,0,1
49635d65d9bc4f7d605f912397ffb3ff,2,I-II,benign nevus,benign,ChatGPT,c,basal_cell_carcinoma_vs_rest,FALSE,FALSE,0,1
49635d65d9bc4f7d605f912397ffb3ff,2,I-II,benign nevus,benign,ChatGPT,c,squamous_cell_carcinoma_vs_rest,FALSE,FALSE,0,1
67af6e2923e52eff436a013572b7088b,2,I-II,benign nevus,benign,ChatGPT,c,malignant_vs_benign,FALSE,FALSE,0,1
67af6e2923e52eff436a013572b7088b,2,I-II,benign nevus,benign,ChatGPT,c,melanoma_vs_rest,FALSE,FALSE,0,1
67af6e2923e52eff436a013572b7088b,2,I-II,benign nevus,benign,ChatGPT,c,basal_cell_carcinoma_vs_rest,FALSE,FALSE,0,1
67af6e2923e52eff436a013572b7088b,2,I-II,benign nevus,benign,ChatGPT,c,squamous_cell_carcinoma_vs_rest,FALSE,FALSE,0,1
7094ebc9834c1cbe6991ca9eb6f38c9a,2,I-II,benign nevus,benign,ChatGPT,c,malignant_vs_benign,FALSE,FALSE,0,1
7094ebc9834c1cbe6991ca9eb6f38c9a,2,I-II,benign nevus,benign,ChatGPT,c,melanoma_vs_rest,FALSE,FALSE,0,1
7094ebc9834c1cbe6991ca9eb6f38c9a,2,I-II,benign nevus,benign,ChatGPT,c,basal_cell_carcinoma_vs_rest,FALSE,FALSE,0,1
7094ebc9834c1cbe6991ca9eb6f38c9a,2,I-II,benign nevus,benign,ChatGPT,c,squamous_cell_carcinoma_vs_rest,FALSE,FALSE,0,1
70f0fd4d38ece05739370023a873cc10,2,I-II,benign nevus,benign,ChatGPT,c,malignant_vs_benign,FALSE,FALSE,0,1
70f0fd4d38ece05739370023a873cc10,2,I-II,benign nevus,benign,ChatGPT,c,melanoma_vs_rest,FALSE,FALSE,0,1
70f0fd4d38ece05739370023a873cc10,2,I-II,benign nevus,benign,ChatGPT,c,basal_cell_carcinoma_vs_rest,FALSE,FALSE,0,1
70f0fd4d38ece05739370023a873cc10,2,I-II,benign nevus,benign,ChatGPT,c,squamous_cell_carcinoma_vs_rest,FALSE,FALSE,0,1
731faa24d8d0b5dc3b266fdfaa0a3154,2,I-II,benign nevus,benign,ChatGPT,c,malignant_vs_benign,FALSE,FALSE,0,1
731faa24d8d0b5dc3b266fdfaa0a3154,2,I-II,benign nevus,benign,ChatGPT,c,melanoma_vs_rest,FALSE,FALSE,0,1
731faa24d8d0b5dc3b266fdfaa0a3154,2,I-II,benign nevus,benign,ChatGPT,c,basal_cell_carcinoma_vs_rest,FALSE,FALSE,0,1
731faa24d8d0b5dc3b266fdfaa0a3154,2,I-II,benign nevus,benign,ChatGPT,c,squamous_cell_carcinoma_vs_rest,FALSE,FALSE,0,1
7fcf488081345e8e4a3b2e3636900f70,2,I-II,benign nevus,benign,ChatGPT,c,malignant_vs_benign,FALSE,FALSE,0,1
7fcf488081345e8e4a3b2e3636900f70,2,I-II,benign nevus,benign,ChatGPT,c,melanoma_vs_rest,FALSE,FALSE,0,1
7fcf488081345e8e4a3b2e3636900f70,2,I-II,benign nevus,benign,ChatGPT,c,basal_cell_carcinoma_vs_rest,FALSE,FALSE,0,1
7fcf488081345e8e4a3b2e3636900f70,2,I-II,benign nevus,benign,ChatGPT,c,squamous_cell_carcinoma_vs_rest,FALSE,FALSE,0,1
d0bfab00dfa3c2c832ddf9e95ad23075,2,I-II,benign nevus,benign,ChatGPT,c,malignant_vs_benign,FALSE,FALSE,0,1
d0bfab00dfa3c2c832ddf9e95ad23075,2,I-II,benign nevus,benign,ChatGPT,c,melanoma_vs_rest,FALSE,FALSE,0,1
d0bfab00dfa3c2c832ddf9e95ad23075,2,I-II,benign nevus,benign,ChatGPT,c,basal_cell_carcinoma_vs_rest,FALSE,FALSE,0,1
d0bfab00dfa3c2c832ddf9e95ad23075,2,I-II,benign nevus,benign,ChatGPT,c,squamous_cell_carcinoma_vs_rest,FALSE,FALSE,0,1
e4e454f19f97b4438229aa58ead1d365,2,I-II,benign nevus,benign,ChatGPT,c,malignant_vs_benign,FALSE,FALSE,0,1
e4e454f19f97b4438229aa58ead1d365,2,I-II,benign nevus,benign,ChatGPT,c,melanoma_vs_rest,FALSE,FALSE,0,1
e4e454f19f97b4438229aa58ead1d365,2,I-II,benign nevus,benign,ChatGPT,c,basal_cell_carcinoma_vs_rest,FALSE,FALSE,0,1
e4e454f19f97b4438229aa58ead1d365,2,I-II,benign nevus,benign,ChatGPT,c,squamous_cell_carcinoma_vs_rest,FALSE,FALSE,0,1
f2a275f5f8fe396644e1601abfe356f9,2,I-II,benign nevus,benign,ChatGPT,c,malignant_vs_benign,FALSE,FALSE,0,1
f2a275f5f8fe396644e1601abfe356f9,2,I-II,benign nevus,benign,ChatGPT,c,melanoma_vs_rest,FALSE,FALSE,0,1
f2a275f5f8fe396644e1601abfe356f9,2,I-II,benign nevus,benign,ChatGPT,c,basal_cell_carcinoma_vs_rest,FALSE,FALSE,0,1
f2a275f5f8fe396644e1601abfe356f9,2,I-II,benign nevus,benign,ChatGPT,c,squamous_cell_carcinoma_vs_rest,FALSE,FALSE,0,1
50e884335df0cc38774797b1e3da724c,3,III-IV,benign nevus,benign,ChatGPT,c,malignant_vs_benign,FALSE,FALSE,0,1
50e884335df0cc38774797b1e3da724c,3,III-IV,benign nevus,benign,ChatGPT,c,melanoma_vs_rest,FALSE,FALSE,0,1
50e884335df0cc38774797b1e3da724c,3,III-IV,benign nevus,benign,ChatGPT,c,basal_cell_carcinoma_vs_rest,FALSE,FALSE,0,1
50e884335df0cc38774797b1e3da724c,3,III-IV,benign nevus,benign,ChatGPT,c,squamous_cell_carcinoma_vs_rest,FALSE,FALSE,0,1
7414a1d3b0319e921a73b2dbf874b7c9,3,III-IV,benign nevus,benign,ChatGPT,c,malignant_vs_benign,FALSE,FALSE,0.3,1
7414a1d3b0319e921a73b2dbf874b7c9,3,III-IV,benign nevus,benign,ChatGPT,c,melanoma_vs_rest,FALSE,FALSE,0.3,1
7414a1d3b0319e921a73b2dbf874b7c9,3,III-IV,benign nevus,benign,ChatGPT,c,basal_cell_carcinoma_vs_rest,FALSE,FALSE,0,1
7414a1d3b0319e921a73b2dbf874b7c9,3,III-IV,benign nevus,benign,ChatGPT,c,squamous_cell_carcinoma_vs_rest,FALSE,FALSE,0,1
773ad86674166846f5568c000bc394a1,3,III-IV,benign nevus,benign,ChatGPT,c,malignant_vs_benign,FALSE,FALSE,0,1
773ad86674166846f5568c000bc394a1,3,III-IV,benign nevus,benign,ChatGPT,c,melanoma_vs_rest,FALSE,FALSE,0,1
773ad86674166846f5568c000bc394a1,3,III-IV,benign nevus,benign,ChatGPT,c,basal_cell_carcinoma_vs_rest,FALSE,FALSE,0,1
773ad86674166846f5568c000bc394a1,3,III-IV,benign nevus,benign,ChatGPT,c,squamous_cell_carcinoma_vs_rest,FALSE,FALSE,0,1
8a3f07df6cf5f88cf06a9a2b0aa35422,3,III-IV,benign nevus,benign,ChatGPT,c,malignant_vs_benign,FALSE,FALSE,0,1
8a3f07df6cf5f88cf06a9a2b0aa35422,3,III-IV,benign nevus,benign,ChatGPT,c,melanoma_vs_rest,FALSE,FALSE,0,1
8a3f07df6cf5f88cf06a9a2b0aa35422,3,III-IV,benign nevus,benign,ChatGPT,c,basal_cell_carcinoma_vs_rest,FALSE,FALSE,0,1
8a3f07df6cf5f88cf06a9a2b0aa35422,3,III-IV,benign nevus,benign,ChatGPT,c,squamous_cell_carcinoma_vs_rest,FALSE,FALSE,0,1
bf099025b4eb00a75d473a3b366952f5,3,III-IV,benign nevus,benign,ChatGPT,c,malignant_vs_benign,FALSE,FALSE,0,1
bf099025b4eb00a75d473a3b366952f5,3,III-IV,benign nevus,benign,ChatGPT,c,melanoma_vs_rest,FALSE,FALSE,0,1
bf099025b4eb00a75d473a3b366952f5,3,III-IV,benign nevus,benign,ChatGPT,c,basal_cell_carcinoma_vs_rest,FALSE,FALSE,0,1
bf099025b4eb00a75d473a3b366952f5,3,III-IV,benign nevus,benign,ChatGPT,c,squamous_cell_carcinoma_vs_rest,FALSE,FALSE,0,1
c8c63f5f347e408981de99a00cbd255d,3,III-IV,benign nevus,benign,ChatGPT,c,malignant_vs_benign,FALSE,FALSE,0,1
c8c63f5f347e408981de99a00cbd255d,3,III-IV,benign nevus,benign,ChatGPT,c,melanoma_vs_rest,FALSE,FALSE,0,1
c8c63f5f347e408981de99a00cbd255d,3,III-IV,benign nevus,benign,ChatGPT,c,basal_cell_carcinoma_vs_rest,FALSE,FALSE,0,1
c8c63f5f347e408981de99a00cbd255d,3,III-IV,benign nevus,benign,ChatGPT,c,squamous_cell_carcinoma_vs_rest,FALSE,FALSE,0,1
d1603db4f4b5efc013984ee9bcaa6b06,3,III-IV,benign nevus,benign,ChatGPT,c,malignant_vs_benign,FALSE,FALSE,0,1
d1603db4f4b5efc013984ee9bcaa6b06,3,III-IV,benign nevus,benign,ChatGPT,c,melanoma_vs_rest,FALSE,FALSE,0,1
d1603db4f4b5efc013984ee9bcaa6b06,3,III-IV,benign nevus,benign,ChatGPT,c,basal_cell_carcinoma_vs_rest,FALSE,FALSE,0,1
d1603db4f4b5efc013984ee9bcaa6b06,3,III-IV,benign nevus,benign,ChatGPT,c,squamous_cell_carcinoma_vs_rest,FALSE,FALSE,0,1
d91f1961238599efad26aa8142fb196d,3,III-IV,benign nevus,benign,ChatGPT,c,malignant_vs_benign,FALSE,FALSE,0.3,1
d91f1961238599efad26aa8142fb196d,3,III-IV,benign nevus,benign,ChatGPT,c,melanoma_vs_rest,FALSE,FALSE,0.3,1
d91f1961238599efad26aa8142fb196d,3,III-IV,benign nevus,benign,ChatGPT,c,basal_cell_carcinoma_vs_rest,FALSE,FALSE,0,1
d91f1961238599efad26aa8142fb196d,3,III-IV,benign nevus,benign,ChatGPT,c,squamous_cell_carcinoma_vs_rest,FALSE,FALSE,0,1
e4ba0957015d8478e9a1974968a34b31,3,III-IV,benign nevus,benign,ChatGPT,c,malignant_vs_benign,FALSE,FALSE,0,1
e4ba0957015d8478e9a1974968a34b31,3,III-IV,benign nevus,benign,ChatGPT,c,melanoma_vs_rest,FALSE,FALSE,0,1
e4ba0957015d8478e9a1974968a34b31,3,III-IV,benign nevus,benign,ChatGPT,c,basal_cell_carcinoma_vs_rest,FALSE,FALSE,0,1
e4ba0957015d8478e9a1974968a34b31,3,III-IV,benign nevus,benign,ChatGPT,c,squamous_cell_carcinoma_vs_rest,FALSE,FALSE,0,1
feabe7afd5bf64029cde195e8edad3a5,3,III-IV,benign nevus,benign,ChatGPT,c,malignant_vs_benign,FALSE,TRUE,0.5,0
feabe7afd5bf64029cde195e8edad3a5,3,III-IV,benign nevus,benign,ChatGPT,c,melanoma_vs_rest,FALSE,FALSE,0,1
feabe7afd5bf64029cde195e8edad3a5,3,III-IV,benign nevus,benign,ChatGPT,c,basal_cell_carcinoma_vs_rest,FALSE,FALSE,0,1
feabe7afd5bf64029cde195e8edad3a5,3,III-IV,benign nevus,benign,ChatGPT,c,squamous_cell_carcinoma_vs_rest,FALSE,FALSE,0,1
55b0a18bf7d66e453577477afad86967,4,III-IV,benign nevus,benign,ChatGPT,c,malignant_vs_benign,FALSE,FALSE,0,1
55b0a18bf7d66e453577477afad86967,4,III-IV,benign nevus,benign,ChatGPT,c,melanoma_vs_rest,FALSE,FALSE,0,1
55b0a18bf7d66e453577477afad86967,4,III-IV,benign nevus,benign,ChatGPT,c,basal_cell_carcinoma_vs_rest,FALSE,FALSE,0,1
55b0a18bf7d66e453577477afad86967,4,III-IV,benign nevus,benign,ChatGPT,c,squamous_cell_carcinoma_vs_rest,FALSE,FALSE,0,1
6a0264fec349d4487c83a53bc8d5d690,4,III-IV,benign nevus,benign,ChatGPT,c,malignant_vs_benign,FALSE,FALSE,0,1
6a0264fec349d4487c83a53bc8d5d690,4,III-IV,benign nevus,benign,ChatGPT,c,melanoma_vs_rest,FALSE,FALSE,0,1
6a0264fec349d4487c83a53bc8d5d690,4,III-IV,benign nevus,benign,ChatGPT,c,basal_cell_carcinoma_vs_rest,FALSE,FALSE,0,1
6a0264fec349d4487c83a53bc8d5d690,4,III-IV,benign nevus,benign,ChatGPT,c,squamous_cell_carcinoma_vs_rest,FALSE,FALSE,0,1
6a4b03f7cf0e7b6fcc018ea929e4acd5,4,III-IV,benign nevus,benign,ChatGPT,c,malignant_vs_benign,FALSE,FALSE,0,1
6a4b03f7cf0e7b6fcc018ea929e4acd5,4,III-IV,benign nevus,benign,ChatGPT,c,melanoma_vs_rest,FALSE,FALSE,0,1
6a4b03f7cf0e7b6fcc018ea929e4acd5,4,III-IV,benign nevus,benign,ChatGPT,c,basal_cell_carcinoma_vs_rest,FALSE,FALSE,0,1
6a4b03f7cf0e7b6fcc018ea929e4acd5,4,III-IV,benign nevus,benign,ChatGPT,c,squamous_cell_carcinoma_vs_rest,FALSE,FALSE,0,1
931d34dec55210d6241da6b512f0110e,4,III-IV,benign nevus,benign,ChatGPT,c,malignant_vs_benign,FALSE,FALSE,0.2,1
931d34dec55210d6241da6b512f0110e,4,III-IV,benign nevus,benign,ChatGPT,c,melanoma_vs_rest,FALSE,FALSE,0.2,1
931d34dec55210d6241da6b512f0110e,4,III-IV,benign nevus,benign,ChatGPT,c,basal_cell_carcinoma_vs_rest,FALSE,FALSE,0,1
931d34dec55210d6241da6b512f0110e,4,III-IV,benign nevus,benign,ChatGPT,c,squamous_cell_carcinoma_vs_rest,FALSE,FALSE,0,1
968e1a5756f64d872387e90182a2babf,4,III-IV,benign nevus,benign,ChatGPT,c,malignant_vs_benign,FALSE,FALSE,0,1
968e1a5756f64d872387e90182a2babf,4,III-IV,benign nevus,benign,ChatGPT,c,melanoma_vs_rest,FALSE,FALSE,0,1
968e1a5756f64d872387e90182a2babf,4,III-IV,benign nevus,benign,ChatGPT,c,basal_cell_carcinoma_vs_rest,FALSE,FALSE,0,1
968e1a5756f64d872387e90182a2babf,4,III-IV,benign nevus,benign,ChatGPT,c,squamous_cell_carcinoma_vs_rest,FALSE,FALSE,0,1
afb1549a32af6db1a892ba9c8f162efb,4,III-IV,benign nevus,benign,ChatGPT,c,malignant_vs_benign,FALSE,FALSE,0,1
afb1549a32af6db1a892ba9c8f162efb,4,III-IV,benign nevus,benign,ChatGPT,c,melanoma_vs_rest,FALSE,FALSE,0,1
afb1549a32af6db1a892ba9c8f162efb,4,III-IV,benign nevus,benign,ChatGPT,c,basal_cell_carcinoma_vs_rest,FALSE,FALSE,0,1
afb1549a32af6db1a892ba9c8f162efb,4,III-IV,benign nevus,benign,ChatGPT,c,squamous_cell_carcinoma_vs_rest,FALSE,FALSE,0,1
b1098b20b934997bfc37b366c6bbbf72,4,III-IV,benign nevus,benign,ChatGPT,c,malignant_vs_benign,FALSE,FALSE,0,1
b1098b20b934997bfc37b366c6bbbf72,4,III-IV,benign nevus,benign,ChatGPT,c,melanoma_vs_rest,FALSE,FALSE,0,1
b1098b20b934997bfc37b366c6bbbf72,4,III-IV,benign nevus,benign,ChatGPT,c,basal_cell_carcinoma_vs_rest,FALSE,FALSE,0,1
b1098b20b934997bfc37b366c6bbbf72,4,III-IV,benign nevus,benign,ChatGPT,c,squamous_cell_carcinoma_vs_rest,FALSE,FALSE,0,1
dea8f4fc4ec290d3bc9b5b0977bdf880,4,III-IV,benign nevus,benign,ChatGPT,c,malignant_vs_benign,FALSE,FALSE,0.2,1
dea8f4fc4ec290d3bc9b5b0977bdf880,4,III-IV,benign nevus,benign,ChatGPT,c,melanoma_vs_rest,FALSE,FALSE,0.2,1
dea8f4fc4ec290d3bc9b5b0977bdf880,4,III-IV,benign nevus,benign,ChatGPT,c,basal_cell_carcinoma_vs_rest,FALSE,FALSE,0,1
dea8f4fc4ec290d3bc9b5b0977bdf880,4,III-IV,benign nevus,benign,ChatGPT,c,squamous_cell_carcinoma_vs_rest,FALSE,FALSE,0,1
f27cd92ce48e3148f78e5a46c11a460a,4,III-IV,benign nevus,benign,ChatGPT,c,malignant_vs_benign,FALSE,FALSE,0.2,1
f27cd92ce48e3148f78e5a46c11a460a,4,III-IV,benign nevus,benign,ChatGPT,c,melanoma_vs_rest,FALSE,FALSE,0.2,1
f27cd92ce48e3148f78e5a46c11a460a,4,III-IV,benign nevus,benign,ChatGPT,c,basal_cell_carcinoma_vs_rest,FALSE,FALSE,0,1
f27cd92ce48e3148f78e5a46c11a460a,4,III-IV,benign nevus,benign,ChatGPT,c,squamous_cell_carcinoma_vs_rest,FALSE,FALSE,0,1
f5289a44be7bbf579e192c12774390c2,4,III-IV,benign nevus,benign,ChatGPT,c,malignant_vs_benign,FALSE,FALSE,0,1
f5289a44be7bbf579e192c12774390c2,4,III-IV,benign nevus,benign,ChatGPT,c,melanoma_vs_rest,FALSE,FALSE,0,1
f5289a44be7bbf579e192c12774390c2,4,III-IV,benign nevus,benign,ChatGPT,c,basal_cell_carcinoma_vs_rest,FALSE,FALSE,0,1
f5289a44be7bbf579e192c12774390c2,4,III-IV,benign nevus,benign,ChatGPT,c,squamous_cell_carcinoma_vs_rest,FALSE,FALSE,0,1
26b46628697510ce0ede5851006d5c34,5,V-VI,benign nevus,benign,ChatGPT,c,malignant_vs_benign,FALSE,FALSE,0,1
26b46628697510ce0ede5851006d5c34,5,V-VI,benign nevus,benign,ChatGPT,c,melanoma_vs_rest,FALSE,FALSE,0,1
26b46628697510ce0ede5851006d5c34,5,V-VI,benign nevus,benign,ChatGPT,c,basal_cell_carcinoma_vs_rest,FALSE,FALSE,0,1
26b46628697510ce0ede5851006d5c34,5,V-VI,benign nevus,benign,ChatGPT,c,squamous_cell_carcinoma_vs_rest,FALSE,FALSE,0,1
2d47534396dae6130583dfb65c30fe61,5,V-VI,benign nevus,benign,ChatGPT,c,malignant_vs_benign,FALSE,FALSE,0,1
2d47534396dae6130583dfb65c30fe61,5,V-VI,benign nevus,benign,ChatGPT,c,melanoma_vs_rest,FALSE,FALSE,0,1
2d47534396dae6130583dfb65c30fe61,5,V-VI,benign nevus,benign,ChatGPT,c,basal_cell_carcinoma_vs_rest,FALSE,FALSE,0,1
2d47534396dae6130583dfb65c30fe61,5,V-VI,benign nevus,benign,ChatGPT,c,squamous_cell_carcinoma_vs_rest,FALSE,FALSE,0,1
535e72695bd844f8ef74d4aab4299f33,5,V-VI,benign nevus,benign,ChatGPT,c,malignant_vs_benign,FALSE,FALSE,0.2,1
535e72695bd844f8ef74d4aab4299f33,5,V-VI,benign nevus,benign,ChatGPT,c,melanoma_vs_rest,FALSE,FALSE,0.2,1
535e72695bd844f8ef74d4aab4299f33,5,V-VI,benign nevus,benign,ChatGPT,c,basal_cell_carcinoma_vs_rest,FALSE,FALSE,0,1
535e72695bd844f8ef74d4aab4299f33,5,V-VI,benign nevus,benign,ChatGPT,c,squamous_cell_carcinoma_vs_rest,FALSE,FALSE,0,1
91a12888aa3eb6ac9011939352a9c6e2,5,V-VI,benign nevus,benign,ChatGPT,c,malignant_vs_benign,FALSE,FALSE,0,1
91a12888aa3eb6ac9011939352a9c6e2,5,V-VI,benign nevus,benign,ChatGPT,c,melanoma_vs_rest,FALSE,FALSE,0,1
91a12888aa3eb6ac9011939352a9c6e2,5,V-VI,benign nevus,benign,ChatGPT,c,basal_cell_carcinoma_vs_rest,FALSE,FALSE,0,1
91a12888aa3eb6ac9011939352a9c6e2,5,V-VI,benign nevus,benign,ChatGPT,c,squamous_cell_carcinoma_vs_rest,FALSE,FALSE,0,1
9a049a3ca3f96ae3356d30d1486f7bef,5,V-VI,benign nevus,benign,ChatGPT,c,malignant_vs_benign,FALSE,FALSE,0,1
9a049a3ca3f96ae3356d30d1486f7bef,5,V-VI,benign nevus,benign,ChatGPT,c,melanoma_vs_rest,FALSE,FALSE,0,1
9a049a3ca3f96ae3356d30d1486f7bef,5,V-VI,benign nevus,benign,ChatGPT,c,basal_cell_carcinoma_vs_rest,FALSE,FALSE,0,1
9a049a3ca3f96ae3356d30d1486f7bef,5,V-VI,benign nevus,benign,ChatGPT,c,squamous_cell_carcinoma_vs_rest,FALSE,FALSE,0,1
a11c754f8e19c7a770d73878f86766b8,5,V-VI,benign nevus,benign,ChatGPT,c,malignant_vs_benign,FALSE,FALSE,0,1
a11c754f8e19c7a770d73878f86766b8,5,V-VI,benign nevus,benign,ChatGPT,c,melanoma_vs_rest,FALSE,FALSE,0,1
a11c754f8e19c7a770d73878f86766b8,5,V-VI,benign nevus,benign,ChatGPT,c,basal_cell_carcinoma_vs_rest,FALSE,FALSE,0,1
a11c754f8e19c7a770d73878f86766b8,5,V-VI,benign nevus,benign,ChatGPT,c,squamous_cell_carcinoma_vs_rest,FALSE,FALSE,0,1
cd1723ac116758cb87a16e7a1a30f270,5,V-VI,benign nevus,benign,ChatGPT,c,malignant_vs_benign,FALSE,FALSE,0,1
cd1723ac116758cb87a16e7a1a30f270,5,V-VI,benign nevus,benign,ChatGPT,c,melanoma_vs_rest,FALSE,FALSE,0,1
cd1723ac116758cb87a16e7a1a30f270,5,V-VI,benign nevus,benign,ChatGPT,c,basal_cell_carcinoma_vs_rest,FALSE,FALSE,0,1
cd1723ac116758cb87a16e7a1a30f270,5,V-VI,benign nevus,benign,ChatGPT,c,squamous_cell_carcinoma_vs_rest,FALSE,FALSE,0,1
d4e6307697e22eed8376fb2e2c54ab1f,5,V-VI,benign nevus,benign,ChatGPT,c,malignant_vs_benign,FALSE,FALSE,0,1
d4e6307697e22eed8376fb2e2c54ab1f,5,V-VI,benign nevus,benign,ChatGPT,c,melanoma_vs_rest,FALSE,FALSE,0,1
d4e6307697e22eed8376fb2e2c54ab1f,5,V-VI,benign nevus,benign,ChatGPT,c,basal_cell_carcinoma_vs_rest,FALSE,FALSE,0,1
d4e6307697e22eed8376fb2e2c54ab1f,5,V-VI,benign nevus,benign,ChatGPT,c,squamous_cell_carcinoma_vs_rest,FALSE,FALSE,0,1
f2eda43c2fa0e4d269fe8cc4baf1e7d6,5,V-VI,benign nevus,benign,ChatGPT,c,malignant_vs_benign,FALSE,FALSE,0,1
f2eda43c2fa0e4d269fe8cc4baf1e7d6,5,V-VI,benign nevus,benign,ChatGPT,c,melanoma_vs_rest,FALSE,FALSE,0,1
f2eda43c2fa0e4d269fe8cc4baf1e7d6,5,V-VI,benign nevus,benign,ChatGPT,c,basal_cell_carcinoma_vs_rest,FALSE,FALSE,0,1
f2eda43c2fa0e4d269fe8cc4baf1e7d6,5,V-VI,benign nevus,benign,ChatGPT,c,squamous_cell_carcinoma_vs_rest,FALSE,FALSE,0,1
f6fe73e66c6d27e33da417c8bc431847,5,V-VI,benign nevus,benign,ChatGPT,c,malignant_vs_benign,FALSE,FALSE,0,1
f6fe73e66c6d27e33da417c8bc431847,5,V-VI,benign nevus,benign,ChatGPT,c,melanoma_vs_rest,FALSE,FALSE,0,1
f6fe73e66c6d27e33da417c8bc431847,5,V-VI,benign nevus,benign,ChatGPT,c,basal_cell_carcinoma_vs_rest,FALSE,FALSE,0,1
f6fe73e66c6d27e33da417c8bc431847,5,V-VI,benign nevus,benign,ChatGPT,c,squamous_cell_carcinoma_vs_rest,FALSE,FALSE,0,1
94238b7bc1fa76e2fb7825d28a755453,6,V-VI,benign nevus,benign,ChatGPT,c,malignant_vs_benign,FALSE,FALSE,0.2,1
94238b7bc1fa76e2fb7825d28a755453,6,V-VI,benign nevus,benign,ChatGPT,c,melanoma_vs_rest,FALSE,FALSE,0.2,1
94238b7bc1fa76e2fb7825d28a755453,6,V-VI,benign nevus,benign,ChatGPT,c,basal_cell_carcinoma_vs_rest,FALSE,FALSE,0,1
94238b7bc1fa76e2fb7825d28a755453,6,V-VI,benign nevus,benign,ChatGPT,c,squamous_cell_carcinoma_vs_rest,FALSE,FALSE,0,1
23298fb4037f3307f5a65b9e65d201a5,6,V-VI,benign nevus,benign,ChatGPT,c,malignant_vs_benign,FALSE,FALSE,0,1
23298fb4037f3307f5a65b9e65d201a5,6,V-VI,benign nevus,benign,ChatGPT,c,melanoma_vs_rest,FALSE,FALSE,0,1
23298fb4037f3307f5a65b9e65d201a5,6,V-VI,benign nevus,benign,ChatGPT,c,basal_cell_carcinoma_vs_rest,FALSE,FALSE,0,1
23298fb4037f3307f5a65b9e65d201a5,6,V-VI,benign nevus,benign,ChatGPT,c,squamous_cell_carcinoma_vs_rest,FALSE,FALSE,0,1
fc00af3afd475aa7679fe83be88b4b8e,1,I-II,squamous cell carcinoma,malignant,Claude,cl,malignant_vs_benign,TRUE,TRUE,0.55,1
fc00af3afd475aa7679fe83be88b4b8e,1,I-II,squamous cell carcinoma,malignant,Claude,cl,melanoma_vs_rest,FALSE,FALSE,0,1
fc00af3afd475aa7679fe83be88b4b8e,1,I-II,squamous cell carcinoma,malignant,Claude,cl,basal_cell_carcinoma_vs_rest,FALSE,FALSE,0.15,1
fc00af3afd475aa7679fe83be88b4b8e,1,I-II,squamous cell carcinoma,malignant,Claude,cl,squamous_cell_carcinoma_vs_rest,TRUE,TRUE,0.55,1
c0d87b8dc5b8419b85c8fa07517007fd,1,I-II,squamous cell carcinoma,malignant,Claude,cl,malignant_vs_benign,TRUE,TRUE,0.6,1
c0d87b8dc5b8419b85c8fa07517007fd,1,I-II,squamous cell carcinoma,malignant,Claude,cl,melanoma_vs_rest,FALSE,FALSE,0,1
c0d87b8dc5b8419b85c8fa07517007fd,1,I-II,squamous cell carcinoma,malignant,Claude,cl,basal_cell_carcinoma_vs_rest,FALSE,FALSE,0.25,1
c0d87b8dc5b8419b85c8fa07517007fd,1,I-II,squamous cell carcinoma,malignant,Claude,cl,squamous_cell_carcinoma_vs_rest,TRUE,TRUE,0.6,1
57b5a38f58b25a43d4997a599154baf9,1,I-II,squamous cell carcinoma,malignant,Claude,cl,malignant_vs_benign,TRUE,TRUE,0.55,1
57b5a38f58b25a43d4997a599154baf9,1,I-II,squamous cell carcinoma,malignant,Claude,cl,melanoma_vs_rest,FALSE,FALSE,0,1
57b5a38f58b25a43d4997a599154baf9,1,I-II,squamous cell carcinoma,malignant,Claude,cl,basal_cell_carcinoma_vs_rest,FALSE,FALSE,0.25,1
57b5a38f58b25a43d4997a599154baf9,1,I-II,squamous cell carcinoma,malignant,Claude,cl,squamous_cell_carcinoma_vs_rest,TRUE,TRUE,0.55,1
a49abcfad0d9a5270d1c9488a6fc466f,1,I-II,squamous cell carcinoma,malignant,Claude,cl,malignant_vs_benign,TRUE,FALSE,0,0
a49abcfad0d9a5270d1c9488a6fc466f,1,I-II,squamous cell carcinoma,malignant,Claude,cl,melanoma_vs_rest,FALSE,FALSE,0,1
a49abcfad0d9a5270d1c9488a6fc466f,1,I-II,squamous cell carcinoma,malignant,Claude,cl,basal_cell_carcinoma_vs_rest,FALSE,FALSE,0,1
a49abcfad0d9a5270d1c9488a6fc466f,1,I-II,squamous cell carcinoma,malignant,Claude,cl,squamous_cell_carcinoma_vs_rest,TRUE,FALSE,0,0
50c5fdef946e0cd8ef022a82c6167381,1,I-II,squamous cell carcinoma,malignant,Claude,cl,malignant_vs_benign,TRUE,TRUE,0.6,1
50c5fdef946e0cd8ef022a82c6167381,1,I-II,squamous cell carcinoma,malignant,Claude,cl,melanoma_vs_rest,FALSE,FALSE,0,1
50c5fdef946e0cd8ef022a82c6167381,1,I-II,squamous cell carcinoma,malignant,Claude,cl,basal_cell_carcinoma_vs_rest,FALSE,FALSE,0.15,1
50c5fdef946e0cd8ef022a82c6167381,1,I-II,squamous cell carcinoma,malignant,Claude,cl,squamous_cell_carcinoma_vs_rest,TRUE,TRUE,0.6,1
fce617ed190a7d97bfad65ebb6e767d7,1,I-II,squamous cell carcinoma,malignant,Claude,cl,malignant_vs_benign,TRUE,TRUE,0.5,1
fce617ed190a7d97bfad65ebb6e767d7,1,I-II,squamous cell carcinoma,malignant,Claude,cl,melanoma_vs_rest,FALSE,FALSE,0,1
fce617ed190a7d97bfad65ebb6e767d7,1,I-II,squamous cell carcinoma,malignant,Claude,cl,basal_cell_carcinoma_vs_rest,FALSE,FALSE,0.3,1
fce617ed190a7d97bfad65ebb6e767d7,1,I-II,squamous cell carcinoma,malignant,Claude,cl,squamous_cell_carcinoma_vs_rest,TRUE,TRUE,0.5,1
547fd367c30b04f56988da2c5aab46f4,1,I-II,squamous cell carcinoma,malignant,Claude,cl,malignant_vs_benign,TRUE,FALSE,0.2,0
547fd367c30b04f56988da2c5aab46f4,1,I-II,squamous cell carcinoma,malignant,Claude,cl,melanoma_vs_rest,FALSE,FALSE,0,1
547fd367c30b04f56988da2c5aab46f4,1,I-II,squamous cell carcinoma,malignant,Claude,cl,basal_cell_carcinoma_vs_rest,FALSE,FALSE,0,1
547fd367c30b04f56988da2c5aab46f4,1,I-II,squamous cell carcinoma,malignant,Claude,cl,squamous_cell_carcinoma_vs_rest,TRUE,FALSE,0,0
66f46297056511b1057d5c31ad7acd23,1,I-II,squamous cell carcinoma,malignant,Claude,cl,malignant_vs_benign,TRUE,FALSE,0.15,0
66f46297056511b1057d5c31ad7acd23,1,I-II,squamous cell carcinoma,malignant,Claude,cl,melanoma_vs_rest,FALSE,FALSE,0,1
66f46297056511b1057d5c31ad7acd23,1,I-II,squamous cell carcinoma,malignant,Claude,cl,basal_cell_carcinoma_vs_rest,FALSE,FALSE,0,1
66f46297056511b1057d5c31ad7acd23,1,I-II,squamous cell carcinoma,malignant,Claude,cl,squamous_cell_carcinoma_vs_rest,TRUE,FALSE,0.15,0
2222992c3bb757f63b0f36674ea0e5f2,1,I-II,squamous cell carcinoma,malignant,Claude,cl,malignant_vs_benign,TRUE,TRUE,0.6,1
2222992c3bb757f63b0f36674ea0e5f2,1,I-II,squamous cell carcinoma,malignant,Claude,cl,melanoma_vs_rest,FALSE,FALSE,0,1
2222992c3bb757f63b0f36674ea0e5f2,1,I-II,squamous cell carcinoma,malignant,Claude,cl,basal_cell_carcinoma_vs_rest,FALSE,FALSE,0.15,1
2222992c3bb757f63b0f36674ea0e5f2,1,I-II,squamous cell carcinoma,malignant,Claude,cl,squamous_cell_carcinoma_vs_rest,TRUE,TRUE,0.6,1
a3a0ffe406386ff29eb7a6cebc3c4985,1,I-II,squamous cell carcinoma,malignant,Claude,cl,malignant_vs_benign,TRUE,TRUE,0.6,1
a3a0ffe406386ff29eb7a6cebc3c4985,1,I-II,squamous cell carcinoma,malignant,Claude,cl,melanoma_vs_rest,FALSE,FALSE,0,1
a3a0ffe406386ff29eb7a6cebc3c4985,1,I-II,squamous cell carcinoma,malignant,Claude,cl,basal_cell_carcinoma_vs_rest,FALSE,FALSE,0.15,1
a3a0ffe406386ff29eb7a6cebc3c4985,1,I-II,squamous cell carcinoma,malignant,Claude,cl,squamous_cell_carcinoma_vs_rest,TRUE,TRUE,0.6,1
9a2685b99d2db77c7297891d1c5b2dae,2,I-II,squamous cell carcinoma,malignant,Claude,cl,malignant_vs_benign,TRUE,TRUE,0.65,1
9a2685b99d2db77c7297891d1c5b2dae,2,I-II,squamous cell carcinoma,malignant,Claude,cl,melanoma_vs_rest,FALSE,FALSE,0,1
9a2685b99d2db77c7297891d1c5b2dae,2,I-II,squamous cell carcinoma,malignant,Claude,cl,basal_cell_carcinoma_vs_rest,FALSE,FALSE,0.2,1
9a2685b99d2db77c7297891d1c5b2dae,2,I-II,squamous cell carcinoma,malignant,Claude,cl,squamous_cell_carcinoma_vs_rest,TRUE,TRUE,0.65,1
4ff4109275ef98c7cd754dee47249adc,2,I-II,squamous cell carcinoma,malignant,Claude,cl,malignant_vs_benign,TRUE,TRUE,0.55,1
4ff4109275ef98c7cd754dee47249adc,2,I-II,squamous cell carcinoma,malignant,Claude,cl,melanoma_vs_rest,FALSE,FALSE,0,1
4ff4109275ef98c7cd754dee47249adc,2,I-II,squamous cell carcinoma,malignant,Claude,cl,basal_cell_carcinoma_vs_rest,FALSE,TRUE,0.55,0
4ff4109275ef98c7cd754dee47249adc,2,I-II,squamous cell carcinoma,malignant,Claude,cl,squamous_cell_carcinoma_vs_rest,TRUE,FALSE,0.3,0
38d20f98356a171a3c206985213c366b,2,I-II,squamous cell carcinoma,malignant,Claude,cl,malignant_vs_benign,TRUE,TRUE,0.6,1
38d20f98356a171a3c206985213c366b,2,I-II,squamous cell carcinoma,malignant,Claude,cl,melanoma_vs_rest,FALSE,FALSE,0,1
38d20f98356a171a3c206985213c366b,2,I-II,squamous cell carcinoma,malignant,Claude,cl,basal_cell_carcinoma_vs_rest,FALSE,TRUE,0.6,0
38d20f98356a171a3c206985213c366b,2,I-II,squamous cell carcinoma,malignant,Claude,cl,squamous_cell_carcinoma_vs_rest,TRUE,FALSE,0.25,0
7075c2cde6d86aa53d709a2ead26b93f,2,I-II,squamous cell carcinoma,malignant,Claude,cl,malignant_vs_benign,TRUE,FALSE,0,0
7075c2cde6d86aa53d709a2ead26b93f,2,I-II,squamous cell carcinoma,malignant,Claude,cl,melanoma_vs_rest,FALSE,FALSE,0,1
7075c2cde6d86aa53d709a2ead26b93f,2,I-II,squamous cell carcinoma,malignant,Claude,cl,basal_cell_carcinoma_vs_rest,FALSE,FALSE,0,1
7075c2cde6d86aa53d709a2ead26b93f,2,I-II,squamous cell carcinoma,malignant,Claude,cl,squamous_cell_carcinoma_vs_rest,TRUE,FALSE,0,0
48cec03c27c9107baa6cea045851ec23,2,I-II,squamous cell carcinoma,malignant,Claude,cl,malignant_vs_benign,TRUE,TRUE,0.55,1
48cec03c27c9107baa6cea045851ec23,2,I-II,squamous cell carcinoma,malignant,Claude,cl,melanoma_vs_rest,FALSE,FALSE,0,1
48cec03c27c9107baa6cea045851ec23,2,I-II,squamous cell carcinoma,malignant,Claude,cl,basal_cell_carcinoma_vs_rest,FALSE,FALSE,0.25,1
48cec03c27c9107baa6cea045851ec23,2,I-II,squamous cell carcinoma,malignant,Claude,cl,squamous_cell_carcinoma_vs_rest,TRUE,TRUE,0.55,1
6f6f8c6bb2e0d48e9c6b4d4345ab56b7,2,I-II,squamous cell carcinoma,malignant,Claude,cl,malignant_vs_benign,TRUE,TRUE,0.5,1
6f6f8c6bb2e0d48e9c6b4d4345ab56b7,2,I-II,squamous cell carcinoma,malignant,Claude,cl,melanoma_vs_rest,FALSE,FALSE,0,1
6f6f8c6bb2e0d48e9c6b4d4345ab56b7,2,I-II,squamous cell carcinoma,malignant,Claude,cl,basal_cell_carcinoma_vs_rest,FALSE,FALSE,0.3,1
6f6f8c6bb2e0d48e9c6b4d4345ab56b7,2,I-II,squamous cell carcinoma,malignant,Claude,cl,squamous_cell_carcinoma_vs_rest,TRUE,TRUE,0.5,1
9ec57ddbac15eba36a635c7c7eb7b4c0,2,I-II,squamous cell carcinoma,malignant,Claude,cl,malignant_vs_benign,TRUE,TRUE,0.5,1
9ec57ddbac15eba36a635c7c7eb7b4c0,2,I-II,squamous cell carcinoma,malignant,Claude,cl,melanoma_vs_rest,FALSE,FALSE,0,1
9ec57ddbac15eba36a635c7c7eb7b4c0,2,I-II,squamous cell carcinoma,malignant,Claude,cl,basal_cell_carcinoma_vs_rest,FALSE,FALSE,0.25,1
9ec57ddbac15eba36a635c7c7eb7b4c0,2,I-II,squamous cell carcinoma,malignant,Claude,cl,squamous_cell_carcinoma_vs_rest,TRUE,TRUE,0.5,1
f909638c31e8f182ddf042a2573a96b2,2,I-II,squamous cell carcinoma,malignant,Claude,cl,malignant_vs_benign,TRUE,TRUE,0.6,1
f909638c31e8f182ddf042a2573a96b2,2,I-II,squamous cell carcinoma,malignant,Claude,cl,melanoma_vs_rest,FALSE,FALSE,0,1
f909638c31e8f182ddf042a2573a96b2,2,I-II,squamous cell carcinoma,malignant,Claude,cl,basal_cell_carcinoma_vs_rest,FALSE,FALSE,0.15,1
f909638c31e8f182ddf042a2573a96b2,2,I-II,squamous cell carcinoma,malignant,Claude,cl,squamous_cell_carcinoma_vs_rest,TRUE,TRUE,0.6,1
2b1d6c4f83524d2e9a0047053986b6a3,2,I-II,squamous cell carcinoma,malignant,Claude,cl,malignant_vs_benign,TRUE,TRUE,0.6,1
2b1d6c4f83524d2e9a0047053986b6a3,2,I-II,squamous cell carcinoma,malignant,Claude,cl,melanoma_vs_rest,FALSE,FALSE,0,1
2b1d6c4f83524d2e9a0047053986b6a3,2,I-II,squamous cell carcinoma,malignant,Claude,cl,basal_cell_carcinoma_vs_rest,FALSE,FALSE,0.25,1
2b1d6c4f83524d2e9a0047053986b6a3,2,I-II,squamous cell carcinoma,malignant,Claude,cl,squamous_cell_carcinoma_vs_rest,TRUE,TRUE,0.6,1
d48ef382ac315465ba4322ca3b660c8f,2,I-II,squamous cell carcinoma,malignant,Claude,cl,malignant_vs_benign,TRUE,TRUE,0.55,1
d48ef382ac315465ba4322ca3b660c8f,2,I-II,squamous cell carcinoma,malignant,Claude,cl,melanoma_vs_rest,FALSE,FALSE,0,1
d48ef382ac315465ba4322ca3b660c8f,2,I-II,squamous cell carcinoma,malignant,Claude,cl,basal_cell_carcinoma_vs_rest,FALSE,FALSE,0.15,1
d48ef382ac315465ba4322ca3b660c8f,2,I-II,squamous cell carcinoma,malignant,Claude,cl,squamous_cell_carcinoma_vs_rest,TRUE,TRUE,0.55,1
07360bff59d68a64fe7e279625a4bbd4,3,III-IV,squamous cell carcinoma,malignant,Claude,cl,malignant_vs_benign,TRUE,FALSE,0.3,0
07360bff59d68a64fe7e279625a4bbd4,3,III-IV,squamous cell carcinoma,malignant,Claude,cl,melanoma_vs_rest,FALSE,FALSE,0,1
07360bff59d68a64fe7e279625a4bbd4,3,III-IV,squamous cell carcinoma,malignant,Claude,cl,basal_cell_carcinoma_vs_rest,FALSE,FALSE,0,1
07360bff59d68a64fe7e279625a4bbd4,3,III-IV,squamous cell carcinoma,malignant,Claude,cl,squamous_cell_carcinoma_vs_rest,TRUE,FALSE,0,0
bc578ce738482dd8f76af0c5ef32bca6,3,III-IV,squamous cell carcinoma,malignant,Claude,cl,malignant_vs_benign,TRUE,TRUE,0.55,1
bc578ce738482dd8f76af0c5ef32bca6,3,III-IV,squamous cell carcinoma,malignant,Claude,cl,melanoma_vs_rest,FALSE,FALSE,0,1
bc578ce738482dd8f76af0c5ef32bca6,3,III-IV,squamous cell carcinoma,malignant,Claude,cl,basal_cell_carcinoma_vs_rest,FALSE,FALSE,0.15,1
bc578ce738482dd8f76af0c5ef32bca6,3,III-IV,squamous cell carcinoma,malignant,Claude,cl,squamous_cell_carcinoma_vs_rest,TRUE,TRUE,0.55,1
15e4e61777fdee377d7a930c224939d0,3,III-IV,squamous cell carcinoma,malignant,Claude,cl,malignant_vs_benign,TRUE,TRUE,0.6,1
15e4e61777fdee377d7a930c224939d0,3,III-IV,squamous cell carcinoma,malignant,Claude,cl,melanoma_vs_rest,FALSE,FALSE,0,1
15e4e61777fdee377d7a930c224939d0,3,III-IV,squamous cell carcinoma,malignant,Claude,cl,basal_cell_carcinoma_vs_rest,FALSE,FALSE,0,1
15e4e61777fdee377d7a930c224939d0,3,III-IV,squamous cell carcinoma,malignant,Claude,cl,squamous_cell_carcinoma_vs_rest,TRUE,TRUE,0.6,1
82f57c180f4a89b2fcce489bf47a2074,3,III-IV,squamous cell carcinoma,malignant,Claude,cl,malignant_vs_benign,TRUE,TRUE,0.65,1
82f57c180f4a89b2fcce489bf47a2074,3,III-IV,squamous cell carcinoma,malignant,Claude,cl,melanoma_vs_rest,FALSE,FALSE,0,1
82f57c180f4a89b2fcce489bf47a2074,3,III-IV,squamous cell carcinoma,malignant,Claude,cl,basal_cell_carcinoma_vs_rest,FALSE,TRUE,0.65,0
82f57c180f4a89b2fcce489bf47a2074,3,III-IV,squamous cell carcinoma,malignant,Claude,cl,squamous_cell_carcinoma_vs_rest,TRUE,FALSE,0.2,0
0b035e5709e08c96e471bf050c805697,3,III-IV,squamous cell carcinoma,malignant,Claude,cl,malignant_vs_benign,TRUE,FALSE,0,0
0b035e5709e08c96e471bf050c805697,3,III-IV,squamous cell carcinoma,malignant,Claude,cl,melanoma_vs_rest,FALSE,FALSE,0,1
0b035e5709e08c96e471bf050c805697,3,III-IV,squamous cell carcinoma,malignant,Claude,cl,basal_cell_carcinoma_vs_rest,FALSE,FALSE,0,1
0b035e5709e08c96e471bf050c805697,3,III-IV,squamous cell carcinoma,malignant,Claude,cl,squamous_cell_carcinoma_vs_rest,TRUE,FALSE,0,0
2cd9e868bed17ffb8c6b118d91c441c7,3,III-IV,squamous cell carcinoma,malignant,Claude,cl,malignant_vs_benign,TRUE,FALSE,0,0
2cd9e868bed17ffb8c6b118d91c441c7,3,III-IV,squamous cell carcinoma,malignant,Claude,cl,melanoma_vs_rest,FALSE,FALSE,0,1
2cd9e868bed17ffb8c6b118d91c441c7,3,III-IV,squamous cell carcinoma,malignant,Claude,cl,basal_cell_carcinoma_vs_rest,FALSE,FALSE,0,1
2cd9e868bed17ffb8c6b118d91c441c7,3,III-IV,squamous cell carcinoma,malignant,Claude,cl,squamous_cell_carcinoma_vs_rest,TRUE,FALSE,0,0
d0b0400c882ead562db99693b7548504,3,III-IV,squamous cell carcinoma,malignant,Claude,cl,malignant_vs_benign,TRUE,TRUE,0.65,1
d0b0400c882ead562db99693b7548504,3,III-IV,squamous cell carcinoma,malignant,Claude,cl,melanoma_vs_rest,FALSE,FALSE,0,1
d0b0400c882ead562db99693b7548504,3,III-IV,squamous cell carcinoma,malignant,Claude,cl,basal_cell_carcinoma_vs_rest,FALSE,TRUE,0.65,0
d0b0400c882ead562db99693b7548504,3,III-IV,squamous cell carcinoma,malignant,Claude,cl,squamous_cell_carcinoma_vs_rest,TRUE,FALSE,0.2,0
567224dca06e7f3fa5ec45ee4745a4e1,3,III-IV,squamous cell carcinoma,malignant,Claude,cl,malignant_vs_benign,TRUE,TRUE,0.55,1
567224dca06e7f3fa5ec45ee4745a4e1,3,III-IV,squamous cell carcinoma,malignant,Claude,cl,melanoma_vs_rest,FALSE,FALSE,0,1
567224dca06e7f3fa5ec45ee4745a4e1,3,III-IV,squamous cell carcinoma,malignant,Claude,cl,basal_cell_carcinoma_vs_rest,FALSE,TRUE,0.55,0
567224dca06e7f3fa5ec45ee4745a4e1,3,III-IV,squamous cell carcinoma,malignant,Claude,cl,squamous_cell_carcinoma_vs_rest,TRUE,FALSE,0.3,0
528442cac3214e5f4785f78b1fcad0cc,3,III-IV,squamous cell carcinoma,malignant,Claude,cl,malignant_vs_benign,TRUE,TRUE,0.55,1
528442cac3214e5f4785f78b1fcad0cc,3,III-IV,squamous cell carcinoma,malignant,Claude,cl,melanoma_vs_rest,FALSE,FALSE,0,1
528442cac3214e5f4785f78b1fcad0cc,3,III-IV,squamous cell carcinoma,malignant,Claude,cl,basal_cell_carcinoma_vs_rest,FALSE,FALSE,0.15,1
528442cac3214e5f4785f78b1fcad0cc,3,III-IV,squamous cell carcinoma,malignant,Claude,cl,squamous_cell_carcinoma_vs_rest,TRUE,FALSE,0.3,0
7ae07553e54194d86ee8dac84e470ff8,3,III-IV,squamous cell carcinoma,malignant,Claude,cl,malignant_vs_benign,TRUE,FALSE,0.35,0
7ae07553e54194d86ee8dac84e470ff8,3,III-IV,squamous cell carcinoma,malignant,Claude,cl,melanoma_vs_rest,FALSE,FALSE,0,1
7ae07553e54194d86ee8dac84e470ff8,3,III-IV,squamous cell carcinoma,malignant,Claude,cl,basal_cell_carcinoma_vs_rest,FALSE,FALSE,0,1
7ae07553e54194d86ee8dac84e470ff8,3,III-IV,squamous cell carcinoma,malignant,Claude,cl,squamous_cell_carcinoma_vs_rest,TRUE,FALSE,0.2,0
69568fbb5f210c22cc07d54a578dfffe,4,III-IV,squamous cell carcinoma,malignant,Claude,cl,malignant_vs_benign,TRUE,TRUE,0.55,1
69568fbb5f210c22cc07d54a578dfffe,4,III-IV,squamous cell carcinoma,malignant,Claude,cl,melanoma_vs_rest,FALSE,FALSE,0,1
69568fbb5f210c22cc07d54a578dfffe,4,III-IV,squamous cell carcinoma,malignant,Claude,cl,basal_cell_carcinoma_vs_rest,FALSE,FALSE,0,1
69568fbb5f210c22cc07d54a578dfffe,4,III-IV,squamous cell carcinoma,malignant,Claude,cl,squamous_cell_carcinoma_vs_rest,TRUE,TRUE,0.55,1
45b54dadb3dfc9b5f0daaf9359fcbc43,4,III-IV,squamous cell carcinoma,malignant,Claude,cl,malignant_vs_benign,TRUE,TRUE,0.6,1
45b54dadb3dfc9b5f0daaf9359fcbc43,4,III-IV,squamous cell carcinoma,malignant,Claude,cl,melanoma_vs_rest,FALSE,FALSE,0,1
45b54dadb3dfc9b5f0daaf9359fcbc43,4,III-IV,squamous cell carcinoma,malignant,Claude,cl,basal_cell_carcinoma_vs_rest,FALSE,FALSE,0,1
45b54dadb3dfc9b5f0daaf9359fcbc43,4,III-IV,squamous cell carcinoma,malignant,Claude,cl,squamous_cell_carcinoma_vs_rest,TRUE,TRUE,0.6,1
9de1afbb265ce50b1d0829f54fe4b668,4,III-IV,squamous cell carcinoma,malignant,Claude,cl,malignant_vs_benign,TRUE,TRUE,0.55,1
9de1afbb265ce50b1d0829f54fe4b668,4,III-IV,squamous cell carcinoma,malignant,Claude,cl,melanoma_vs_rest,FALSE,FALSE,0,1
9de1afbb265ce50b1d0829f54fe4b668,4,III-IV,squamous cell carcinoma,malignant,Claude,cl,basal_cell_carcinoma_vs_rest,FALSE,FALSE,0,1
9de1afbb265ce50b1d0829f54fe4b668,4,III-IV,squamous cell carcinoma,malignant,Claude,cl,squamous_cell_carcinoma_vs_rest,TRUE,TRUE,0.55,1
4e90f3cc9051c8bcc7ee07f25e169134,4,III-IV,squamous cell carcinoma,malignant,Claude,cl,malignant_vs_benign,TRUE,TRUE,0.6,1
4e90f3cc9051c8bcc7ee07f25e169134,4,III-IV,squamous cell carcinoma,malignant,Claude,cl,melanoma_vs_rest,FALSE,FALSE,0,1
4e90f3cc9051c8bcc7ee07f25e169134,4,III-IV,squamous cell carcinoma,malignant,Claude,cl,basal_cell_carcinoma_vs_rest,FALSE,FALSE,0.15,1
4e90f3cc9051c8bcc7ee07f25e169134,4,III-IV,squamous cell carcinoma,malignant,Claude,cl,squamous_cell_carcinoma_vs_rest,TRUE,TRUE,0.6,1
ba50c75cb5701c4f29b7f662510fca0a,4,III-IV,squamous cell carcinoma,malignant,Claude,cl,malignant_vs_benign,TRUE,FALSE,0.25,0
ba50c75cb5701c4f29b7f662510fca0a,4,III-IV,squamous cell carcinoma,malignant,Claude,cl,melanoma_vs_rest,FALSE,FALSE,0,1
ba50c75cb5701c4f29b7f662510fca0a,4,III-IV,squamous cell carcinoma,malignant,Claude,cl,basal_cell_carcinoma_vs_rest,FALSE,FALSE,0,1
ba50c75cb5701c4f29b7f662510fca0a,4,III-IV,squamous cell carcinoma,malignant,Claude,cl,squamous_cell_carcinoma_vs_rest,TRUE,FALSE,0.25,0
b689987ba3fa37e45f8c62f349f992a9,4,III-IV,squamous cell carcinoma,malignant,Claude,cl,malignant_vs_benign,TRUE,TRUE,0.55,1
b689987ba3fa37e45f8c62f349f992a9,4,III-IV,squamous cell carcinoma,malignant,Claude,cl,melanoma_vs_rest,FALSE,FALSE,0,1
b689987ba3fa37e45f8c62f349f992a9,4,III-IV,squamous cell carcinoma,malignant,Claude,cl,basal_cell_carcinoma_vs_rest,FALSE,FALSE,0.25,1
b689987ba3fa37e45f8c62f349f992a9,4,III-IV,squamous cell carcinoma,malignant,Claude,cl,squamous_cell_carcinoma_vs_rest,TRUE,TRUE,0.55,1
f3f6c3ad40a1f6fcc3aba0d74a3de8c3,4,III-IV,squamous cell carcinoma,malignant,Claude,cl,malignant_vs_benign,TRUE,FALSE,0.35,0
f3f6c3ad40a1f6fcc3aba0d74a3de8c3,4,III-IV,squamous cell carcinoma,malignant,Claude,cl,melanoma_vs_rest,FALSE,FALSE,0,1
f3f6c3ad40a1f6fcc3aba0d74a3de8c3,4,III-IV,squamous cell carcinoma,malignant,Claude,cl,basal_cell_carcinoma_vs_rest,FALSE,FALSE,0.2,1
f3f6c3ad40a1f6fcc3aba0d74a3de8c3,4,III-IV,squamous cell carcinoma,malignant,Claude,cl,squamous_cell_carcinoma_vs_rest,TRUE,FALSE,0,0
fcc9ed3892215e076e9dc5b7a8bf81e7,4,III-IV,squamous cell carcinoma,malignant,Claude,cl,malignant_vs_benign,TRUE,TRUE,0.55,1
fcc9ed3892215e076e9dc5b7a8bf81e7,4,III-IV,squamous cell carcinoma,malignant,Claude,cl,melanoma_vs_rest,FALSE,FALSE,0,1
fcc9ed3892215e076e9dc5b7a8bf81e7,4,III-IV,squamous cell carcinoma,malignant,Claude,cl,basal_cell_carcinoma_vs_rest,FALSE,FALSE,0,1
fcc9ed3892215e076e9dc5b7a8bf81e7,4,III-IV,squamous cell carcinoma,malignant,Claude,cl,squamous_cell_carcinoma_vs_rest,TRUE,TRUE,0.55,1
73ac23918c9537a8c792938b64f779e0,4,III-IV,squamous cell carcinoma,malignant,Claude,cl,malignant_vs_benign,TRUE,FALSE,0.35,0
73ac23918c9537a8c792938b64f779e0,4,III-IV,squamous cell carcinoma,malignant,Claude,cl,melanoma_vs_rest,FALSE,FALSE,0,1
73ac23918c9537a8c792938b64f779e0,4,III-IV,squamous cell carcinoma,malignant,Claude,cl,basal_cell_carcinoma_vs_rest,FALSE,FALSE,0,1
73ac23918c9537a8c792938b64f779e0,4,III-IV,squamous cell carcinoma,malignant,Claude,cl,squamous_cell_carcinoma_vs_rest,TRUE,FALSE,0,0
4bd61d9c3ec99cdea6d24b0915e2cd12,4,III-IV,squamous cell carcinoma,malignant,Claude,cl,malignant_vs_benign,TRUE,TRUE,0.55,1
4bd61d9c3ec99cdea6d24b0915e2cd12,4,III-IV,squamous cell carcinoma,malignant,Claude,cl,melanoma_vs_rest,FALSE,FALSE,0,1
4bd61d9c3ec99cdea6d24b0915e2cd12,4,III-IV,squamous cell carcinoma,malignant,Claude,cl,basal_cell_carcinoma_vs_rest,FALSE,FALSE,0,1
4bd61d9c3ec99cdea6d24b0915e2cd12,4,III-IV,squamous cell carcinoma,malignant,Claude,cl,squamous_cell_carcinoma_vs_rest,TRUE,TRUE,0.55,1
5de18144953b0dcf774605ae4a9c65c3,5,V-VI,squamous cell carcinoma,malignant,Claude,cl,malignant_vs_benign,TRUE,TRUE,0.55,1
5de18144953b0dcf774605ae4a9c65c3,5,V-VI,squamous cell carcinoma,malignant,Claude,cl,melanoma_vs_rest,FALSE,FALSE,0,1
5de18144953b0dcf774605ae4a9c65c3,5,V-VI,squamous cell carcinoma,malignant,Claude,cl,basal_cell_carcinoma_vs_rest,FALSE,TRUE,0.55,0
5de18144953b0dcf774605ae4a9c65c3,5,V-VI,squamous cell carcinoma,malignant,Claude,cl,squamous_cell_carcinoma_vs_rest,TRUE,FALSE,0.3,0
5064dcda8586eb8f2548b1bfce9de3c2,5,V-VI,squamous cell carcinoma,malignant,Claude,cl,malignant_vs_benign,TRUE,FALSE,0,0
5064dcda8586eb8f2548b1bfce9de3c2,5,V-VI,squamous cell carcinoma,malignant,Claude,cl,melanoma_vs_rest,FALSE,FALSE,0,1
5064dcda8586eb8f2548b1bfce9de3c2,5,V-VI,squamous cell carcinoma,malignant,Claude,cl,basal_cell_carcinoma_vs_rest,FALSE,FALSE,0,1
5064dcda8586eb8f2548b1bfce9de3c2,5,V-VI,squamous cell carcinoma,malignant,Claude,cl,squamous_cell_carcinoma_vs_rest,TRUE,FALSE,0,0
e36a4c4eec75df99bd208175e4279e50,5,V-VI,squamous cell carcinoma,malignant,Claude,cl,malignant_vs_benign,TRUE,TRUE,0.65,1
e36a4c4eec75df99bd208175e4279e50,5,V-VI,squamous cell carcinoma,malignant,Claude,cl,melanoma_vs_rest,FALSE,FALSE,0,1
e36a4c4eec75df99bd208175e4279e50,5,V-VI,squamous cell carcinoma,malignant,Claude,cl,basal_cell_carcinoma_vs_rest,FALSE,FALSE,0,1
e36a4c4eec75df99bd208175e4279e50,5,V-VI,squamous cell carcinoma,malignant,Claude,cl,squamous_cell_carcinoma_vs_rest,TRUE,TRUE,0.65,1
24c7a58c0e60303086d0f5f89b121ae4,5,V-VI,squamous cell carcinoma,malignant,Claude,cl,malignant_vs_benign,TRUE,FALSE,0.3,0
24c7a58c0e60303086d0f5f89b121ae4,5,V-VI,squamous cell carcinoma,malignant,Claude,cl,melanoma_vs_rest,FALSE,FALSE,0,1
24c7a58c0e60303086d0f5f89b121ae4,5,V-VI,squamous cell carcinoma,malignant,Claude,cl,basal_cell_carcinoma_vs_rest,FALSE,FALSE,0.3,1
24c7a58c0e60303086d0f5f89b121ae4,5,V-VI,squamous cell carcinoma,malignant,Claude,cl,squamous_cell_carcinoma_vs_rest,TRUE,FALSE,0,0
1f2489a044a3e3de6bb33af5359e267b,5,V-VI,squamous cell carcinoma,malignant,Claude,cl,malignant_vs_benign,TRUE,TRUE,0.5,1
1f2489a044a3e3de6bb33af5359e267b,5,V-VI,squamous cell carcinoma,malignant,Claude,cl,melanoma_vs_rest,FALSE,FALSE,0,1
1f2489a044a3e3de6bb33af5359e267b,5,V-VI,squamous cell carcinoma,malignant,Claude,cl,basal_cell_carcinoma_vs_rest,FALSE,FALSE,0,1
1f2489a044a3e3de6bb33af5359e267b,5,V-VI,squamous cell carcinoma,malignant,Claude,cl,squamous_cell_carcinoma_vs_rest,TRUE,FALSE,0.35,0
257b98dac6241fa7fc474d3ccd0cc23e,5,V-VI,squamous cell carcinoma,malignant,Claude,cl,malignant_vs_benign,TRUE,TRUE,0.55,1
257b98dac6241fa7fc474d3ccd0cc23e,5,V-VI,squamous cell carcinoma,malignant,Claude,cl,melanoma_vs_rest,FALSE,FALSE,0,1
257b98dac6241fa7fc474d3ccd0cc23e,5,V-VI,squamous cell carcinoma,malignant,Claude,cl,basal_cell_carcinoma_vs_rest,FALSE,FALSE,0.3,1
257b98dac6241fa7fc474d3ccd0cc23e,5,V-VI,squamous cell carcinoma,malignant,Claude,cl,squamous_cell_carcinoma_vs_rest,TRUE,FALSE,0,0
70b283d0053a683abc14e4cf4ce83ac5,5,V-VI,squamous cell carcinoma,malignant,Claude,cl,malignant_vs_benign,TRUE,TRUE,0.6,1
70b283d0053a683abc14e4cf4ce83ac5,5,V-VI,squamous cell carcinoma,malignant,Claude,cl,melanoma_vs_rest,FALSE,FALSE,0,1
70b283d0053a683abc14e4cf4ce83ac5,5,V-VI,squamous cell carcinoma,malignant,Claude,cl,basal_cell_carcinoma_vs_rest,FALSE,TRUE,0.6,0
70b283d0053a683abc14e4cf4ce83ac5,5,V-VI,squamous cell carcinoma,malignant,Claude,cl,squamous_cell_carcinoma_vs_rest,TRUE,FALSE,0.25,0
4978a6b94f69b38e5a0fe45857242f45,5,V-VI,squamous cell carcinoma,malignant,Claude,cl,malignant_vs_benign,TRUE,FALSE,0.2,0
4978a6b94f69b38e5a0fe45857242f45,5,V-VI,squamous cell carcinoma,malignant,Claude,cl,melanoma_vs_rest,FALSE,FALSE,0,1
4978a6b94f69b38e5a0fe45857242f45,5,V-VI,squamous cell carcinoma,malignant,Claude,cl,basal_cell_carcinoma_vs_rest,FALSE,FALSE,0.2,1
4978a6b94f69b38e5a0fe45857242f45,5,V-VI,squamous cell carcinoma,malignant,Claude,cl,squamous_cell_carcinoma_vs_rest,TRUE,FALSE,0,0
a8d1b8f97efb9cebccd244b212d77f28,5,V-VI,squamous cell carcinoma,malignant,Claude,cl,malignant_vs_benign,TRUE,TRUE,0.55,1
a8d1b8f97efb9cebccd244b212d77f28,5,V-VI,squamous cell carcinoma,malignant,Claude,cl,melanoma_vs_rest,FALSE,FALSE,0,1
a8d1b8f97efb9cebccd244b212d77f28,5,V-VI,squamous cell carcinoma,malignant,Claude,cl,basal_cell_carcinoma_vs_rest,FALSE,FALSE,0,1
a8d1b8f97efb9cebccd244b212d77f28,5,V-VI,squamous cell carcinoma,malignant,Claude,cl,squamous_cell_carcinoma_vs_rest,TRUE,TRUE,0.55,1
54062cedd5bf0e41f3c95feba2bb0373,5,V-VI,squamous cell carcinoma,malignant,Claude,cl,malignant_vs_benign,TRUE,TRUE,0.55,1
54062cedd5bf0e41f3c95feba2bb0373,5,V-VI,squamous cell carcinoma,malignant,Claude,cl,melanoma_vs_rest,FALSE,FALSE,0,1
54062cedd5bf0e41f3c95feba2bb0373,5,V-VI,squamous cell carcinoma,malignant,Claude,cl,basal_cell_carcinoma_vs_rest,FALSE,TRUE,0.55,0
54062cedd5bf0e41f3c95feba2bb0373,5,V-VI,squamous cell carcinoma,malignant,Claude,cl,squamous_cell_carcinoma_vs_rest,TRUE,FALSE,0.3,0
1fc1eff4c66e8e14b039964fac65ba7e,6,V-VI,squamous cell carcinoma,malignant,Claude,cl,malignant_vs_benign,TRUE,TRUE,0.5,1
1fc1eff4c66e8e14b039964fac65ba7e,6,V-VI,squamous cell carcinoma,malignant,Claude,cl,melanoma_vs_rest,FALSE,FALSE,0,1
1fc1eff4c66e8e14b039964fac65ba7e,6,V-VI,squamous cell carcinoma,malignant,Claude,cl,basal_cell_carcinoma_vs_rest,FALSE,FALSE,0,1
1fc1eff4c66e8e14b039964fac65ba7e,6,V-VI,squamous cell carcinoma,malignant,Claude,cl,squamous_cell_carcinoma_vs_rest,TRUE,TRUE,0.5,1
bee428af68657ff702c769092b1998c6,6,V-VI,squamous cell carcinoma,malignant,Claude,cl,malignant_vs_benign,TRUE,TRUE,0.6,1
bee428af68657ff702c769092b1998c6,6,V-VI,squamous cell carcinoma,malignant,Claude,cl,melanoma_vs_rest,FALSE,FALSE,0,1
bee428af68657ff702c769092b1998c6,6,V-VI,squamous cell carcinoma,malignant,Claude,cl,basal_cell_carcinoma_vs_rest,FALSE,FALSE,0,1
bee428af68657ff702c769092b1998c6,6,V-VI,squamous cell carcinoma,malignant,Claude,cl,squamous_cell_carcinoma_vs_rest,TRUE,FALSE,0,0
aba082609e966daf665ccfbb264c226f,6,V-VI,squamous cell carcinoma,malignant,Claude,cl,malignant_vs_benign,TRUE,TRUE,0.55,1
aba082609e966daf665ccfbb264c226f,6,V-VI,squamous cell carcinoma,malignant,Claude,cl,melanoma_vs_rest,FALSE,FALSE,0,1
aba082609e966daf665ccfbb264c226f,6,V-VI,squamous cell carcinoma,malignant,Claude,cl,basal_cell_carcinoma_vs_rest,FALSE,FALSE,0,1
aba082609e966daf665ccfbb264c226f,6,V-VI,squamous cell carcinoma,malignant,Claude,cl,squamous_cell_carcinoma_vs_rest,TRUE,TRUE,0.55,1
9fe7369e9cd9a468a2feb65a81c4bb13,6,V-VI,squamous cell carcinoma,malignant,Claude,cl,malignant_vs_benign,TRUE,FALSE,0.2,0
9fe7369e9cd9a468a2feb65a81c4bb13,6,V-VI,squamous cell carcinoma,malignant,Claude,cl,melanoma_vs_rest,FALSE,FALSE,0,1
9fe7369e9cd9a468a2feb65a81c4bb13,6,V-VI,squamous cell carcinoma,malignant,Claude,cl,basal_cell_carcinoma_vs_rest,FALSE,FALSE,0.2,1
9fe7369e9cd9a468a2feb65a81c4bb13,6,V-VI,squamous cell carcinoma,malignant,Claude,cl,squamous_cell_carcinoma_vs_rest,TRUE,FALSE,0,0
c465d8b7a4273c618cea01568be5299a,6,V-VI,squamous cell carcinoma,malignant,Claude,cl,malignant_vs_benign,TRUE,TRUE,0.55,1
c465d8b7a4273c618cea01568be5299a,6,V-VI,squamous cell carcinoma,malignant,Claude,cl,melanoma_vs_rest,FALSE,FALSE,0,1
c465d8b7a4273c618cea01568be5299a,6,V-VI,squamous cell carcinoma,malignant,Claude,cl,basal_cell_carcinoma_vs_rest,FALSE,FALSE,0,1
c465d8b7a4273c618cea01568be5299a,6,V-VI,squamous cell carcinoma,malignant,Claude,cl,squamous_cell_carcinoma_vs_rest,TRUE,TRUE,0.55,1
af048401c6e99acaba177eef6c43c45c,6,V-VI,squamous cell carcinoma,malignant,Claude,cl,malignant_vs_benign,TRUE,TRUE,0.6,1
af048401c6e99acaba177eef6c43c45c,6,V-VI,squamous cell carcinoma,malignant,Claude,cl,melanoma_vs_rest,FALSE,FALSE,0,1
af048401c6e99acaba177eef6c43c45c,6,V-VI,squamous cell carcinoma,malignant,Claude,cl,basal_cell_carcinoma_vs_rest,FALSE,FALSE,0,1
af048401c6e99acaba177eef6c43c45c,6,V-VI,squamous cell carcinoma,malignant,Claude,cl,squamous_cell_carcinoma_vs_rest,TRUE,TRUE,0.6,1
36c7bbdced601b5d9fb1cc7cdc0df7e3,6,V-VI,squamous cell carcinoma,malignant,Claude,cl,malignant_vs_benign,TRUE,TRUE,0.6,1
36c7bbdced601b5d9fb1cc7cdc0df7e3,6,V-VI,squamous cell carcinoma,malignant,Claude,cl,melanoma_vs_rest,FALSE,FALSE,0,1
36c7bbdced601b5d9fb1cc7cdc0df7e3,6,V-VI,squamous cell carcinoma,malignant,Claude,cl,basal_cell_carcinoma_vs_rest,FALSE,FALSE,0.25,1
36c7bbdced601b5d9fb1cc7cdc0df7e3,6,V-VI,squamous cell carcinoma,malignant,Claude,cl,squamous_cell_carcinoma_vs_rest,TRUE,TRUE,0.6,1
7cedaa3277cb1efd41f5f9f70e6be0c7,6,V-VI,squamous cell carcinoma,malignant,Claude,cl,malignant_vs_benign,TRUE,TRUE,0.5,1
7cedaa3277cb1efd41f5f9f70e6be0c7,6,V-VI,squamous cell carcinoma,malignant,Claude,cl,melanoma_vs_rest,FALSE,FALSE,0,1
7cedaa3277cb1efd41f5f9f70e6be0c7,6,V-VI,squamous cell carcinoma,malignant,Claude,cl,basal_cell_carcinoma_vs_rest,FALSE,FALSE,0.15,1
7cedaa3277cb1efd41f5f9f70e6be0c7,6,V-VI,squamous cell carcinoma,malignant,Claude,cl,squamous_cell_carcinoma_vs_rest,TRUE,FALSE,0.35,0
33184eb4424abaf46843d89c4c408552,6,V-VI,squamous cell carcinoma,malignant,Claude,cl,malignant_vs_benign,TRUE,TRUE,0.6,1
33184eb4424abaf46843d89c4c408552,6,V-VI,squamous cell carcinoma,malignant,Claude,cl,melanoma_vs_rest,FALSE,FALSE,0,1
33184eb4424abaf46843d89c4c408552,6,V-VI,squamous cell carcinoma,malignant,Claude,cl,basal_cell_carcinoma_vs_rest,FALSE,FALSE,0,1
33184eb4424abaf46843d89c4c408552,6,V-VI,squamous cell carcinoma,malignant,Claude,cl,squamous_cell_carcinoma_vs_rest,TRUE,TRUE,0.6,1
a246a3150fe89472eb84a7d49841ae27,6,V-VI,squamous cell carcinoma,malignant,Claude,cl,malignant_vs_benign,TRUE,TRUE,0.5,1
a246a3150fe89472eb84a7d49841ae27,6,V-VI,squamous cell carcinoma,malignant,Claude,cl,melanoma_vs_rest,FALSE,FALSE,0,1
a246a3150fe89472eb84a7d49841ae27,6,V-VI,squamous cell carcinoma,malignant,Claude,cl,basal_cell_carcinoma_vs_rest,FALSE,TRUE,0.5,0
a246a3150fe89472eb84a7d49841ae27,6,V-VI,squamous cell carcinoma,malignant,Claude,cl,squamous_cell_carcinoma_vs_rest,TRUE,FALSE,0.3,0
d2c77aa81ca884f99174471132bd3e24,1,I-II,basal cell carcinoma,malignant,Claude,cl,malignant_vs_benign,TRUE,FALSE,0,0
d2c77aa81ca884f99174471132bd3e24,1,I-II,basal cell carcinoma,malignant,Claude,cl,melanoma_vs_rest,FALSE,FALSE,0,1
d2c77aa81ca884f99174471132bd3e24,1,I-II,basal cell carcinoma,malignant,Claude,cl,basal_cell_carcinoma_vs_rest,TRUE,FALSE,0,0
d2c77aa81ca884f99174471132bd3e24,1,I-II,basal cell carcinoma,malignant,Claude,cl,squamous_cell_carcinoma_vs_rest,FALSE,FALSE,0,1
a7821ca7a0f65f9095a61d66c234f683,1,I-II,basal cell carcinoma,malignant,Claude,cl,malignant_vs_benign,TRUE,TRUE,0.5,1
a7821ca7a0f65f9095a61d66c234f683,1,I-II,basal cell carcinoma,malignant,Claude,cl,melanoma_vs_rest,FALSE,FALSE,0,1
a7821ca7a0f65f9095a61d66c234f683,1,I-II,basal cell carcinoma,malignant,Claude,cl,basal_cell_carcinoma_vs_rest,TRUE,FALSE,0.2,0
a7821ca7a0f65f9095a61d66c234f683,1,I-II,basal cell carcinoma,malignant,Claude,cl,squamous_cell_carcinoma_vs_rest,FALSE,TRUE,0.5,0
1bbe4519608f606a18adf1811fd1c051,1,I-II,basal cell carcinoma,malignant,Claude,cl,malignant_vs_benign,TRUE,TRUE,0.55,1
1bbe4519608f606a18adf1811fd1c051,1,I-II,basal cell carcinoma,malignant,Claude,cl,melanoma_vs_rest,FALSE,FALSE,0,1
1bbe4519608f606a18adf1811fd1c051,1,I-II,basal cell carcinoma,malignant,Claude,cl,basal_cell_carcinoma_vs_rest,TRUE,FALSE,0,0
1bbe4519608f606a18adf1811fd1c051,1,I-II,basal cell carcinoma,malignant,Claude,cl,squamous_cell_carcinoma_vs_rest,FALSE,TRUE,0.55,0
42bb46cb779b95f10e531e2b6181e439,1,I-II,basal cell carcinoma,malignant,Claude,cl,malignant_vs_benign,TRUE,FALSE,0,0
42bb46cb779b95f10e531e2b6181e439,1,I-II,basal cell carcinoma,malignant,Claude,cl,melanoma_vs_rest,FALSE,FALSE,0,1
42bb46cb779b95f10e531e2b6181e439,1,I-II,basal cell carcinoma,malignant,Claude,cl,basal_cell_carcinoma_vs_rest,TRUE,FALSE,0,0
42bb46cb779b95f10e531e2b6181e439,1,I-II,basal cell carcinoma,malignant,Claude,cl,squamous_cell_carcinoma_vs_rest,FALSE,FALSE,0,1
d2e96d346577a155b0125dda66b16395,1,I-II,basal cell carcinoma,malignant,Claude,cl,malignant_vs_benign,TRUE,TRUE,0.65,1
d2e96d346577a155b0125dda66b16395,1,I-II,basal cell carcinoma,malignant,Claude,cl,melanoma_vs_rest,FALSE,FALSE,0,1
d2e96d346577a155b0125dda66b16395,1,I-II,basal cell carcinoma,malignant,Claude,cl,basal_cell_carcinoma_vs_rest,TRUE,TRUE,0.65,1
d2e96d346577a155b0125dda66b16395,1,I-II,basal cell carcinoma,malignant,Claude,cl,squamous_cell_carcinoma_vs_rest,FALSE,FALSE,0.15,1
9f0704d534bda1e469eb5e19bd4aa4e6,1,I-II,basal cell carcinoma,malignant,Claude,cl,malignant_vs_benign,TRUE,TRUE,0.55,1
9f0704d534bda1e469eb5e19bd4aa4e6,1,I-II,basal cell carcinoma,malignant,Claude,cl,melanoma_vs_rest,FALSE,FALSE,0,1
9f0704d534bda1e469eb5e19bd4aa4e6,1,I-II,basal cell carcinoma,malignant,Claude,cl,basal_cell_carcinoma_vs_rest,TRUE,FALSE,0.25,0
9f0704d534bda1e469eb5e19bd4aa4e6,1,I-II,basal cell carcinoma,malignant,Claude,cl,squamous_cell_carcinoma_vs_rest,FALSE,TRUE,0.55,0
edaf72dfe0910228db8eb491ed9dc2b3,1,I-II,basal cell carcinoma,malignant,Claude,cl,malignant_vs_benign,TRUE,TRUE,0.6,1
edaf72dfe0910228db8eb491ed9dc2b3,1,I-II,basal cell carcinoma,malignant,Claude,cl,melanoma_vs_rest,FALSE,FALSE,0,1
edaf72dfe0910228db8eb491ed9dc2b3,1,I-II,basal cell carcinoma,malignant,Claude,cl,basal_cell_carcinoma_vs_rest,TRUE,FALSE,0.25,0
edaf72dfe0910228db8eb491ed9dc2b3,1,I-II,basal cell carcinoma,malignant,Claude,cl,squamous_cell_carcinoma_vs_rest,FALSE,TRUE,0.6,0
95ac125ff5c616b972d9be4419f2a7a6,1,I-II,basal cell carcinoma,malignant,Claude,cl,malignant_vs_benign,TRUE,TRUE,0.55,1
95ac125ff5c616b972d9be4419f2a7a6,1,I-II,basal cell carcinoma,malignant,Claude,cl,melanoma_vs_rest,FALSE,FALSE,0,1
95ac125ff5c616b972d9be4419f2a7a6,1,I-II,basal cell carcinoma,malignant,Claude,cl,basal_cell_carcinoma_vs_rest,TRUE,FALSE,0.3,0
95ac125ff5c616b972d9be4419f2a7a6,1,I-II,basal cell carcinoma,malignant,Claude,cl,squamous_cell_carcinoma_vs_rest,FALSE,TRUE,0.55,0
4ea4ab5f3ef5e7f1b8b422eaff3066f6,1,I-II,basal cell carcinoma,malignant,Claude,cl,malignant_vs_benign,TRUE,TRUE,0.5,1
4ea4ab5f3ef5e7f1b8b422eaff3066f6,1,I-II,basal cell carcinoma,malignant,Claude,cl,melanoma_vs_rest,FALSE,FALSE,0,1
4ea4ab5f3ef5e7f1b8b422eaff3066f6,1,I-II,basal cell carcinoma,malignant,Claude,cl,basal_cell_carcinoma_vs_rest,TRUE,TRUE,0.5,1
4ea4ab5f3ef5e7f1b8b422eaff3066f6,1,I-II,basal cell carcinoma,malignant,Claude,cl,squamous_cell_carcinoma_vs_rest,FALSE,FALSE,0.15,1
1b1a8cfbe054b2fa9895a08644a10e28,1,I-II,basal cell carcinoma,malignant,Claude,cl,malignant_vs_benign,TRUE,FALSE,0,0
1b1a8cfbe054b2fa9895a08644a10e28,1,I-II,basal cell carcinoma,malignant,Claude,cl,melanoma_vs_rest,FALSE,FALSE,0,1
1b1a8cfbe054b2fa9895a08644a10e28,1,I-II,basal cell carcinoma,malignant,Claude,cl,basal_cell_carcinoma_vs_rest,TRUE,FALSE,0,0
1b1a8cfbe054b2fa9895a08644a10e28,1,I-II,basal cell carcinoma,malignant,Claude,cl,squamous_cell_carcinoma_vs_rest,FALSE,FALSE,0,1
9838b6548e7842a1c228e9548a32099c,2,I-II,basal cell carcinoma,malignant,Claude,cl,malignant_vs_benign,TRUE,TRUE,0.55,1
9838b6548e7842a1c228e9548a32099c,2,I-II,basal cell carcinoma,malignant,Claude,cl,melanoma_vs_rest,FALSE,FALSE,0,1
9838b6548e7842a1c228e9548a32099c,2,I-II,basal cell carcinoma,malignant,Claude,cl,basal_cell_carcinoma_vs_rest,TRUE,FALSE,0,0
9838b6548e7842a1c228e9548a32099c,2,I-II,basal cell carcinoma,malignant,Claude,cl,squamous_cell_carcinoma_vs_rest,FALSE,TRUE,0.55,0
cf3d2262e2ddccfee4641197f689e6dd,2,I-II,basal cell carcinoma,malignant,Claude,cl,malignant_vs_benign,TRUE,TRUE,0.55,1
cf3d2262e2ddccfee4641197f689e6dd,2,I-II,basal cell carcinoma,malignant,Claude,cl,melanoma_vs_rest,FALSE,FALSE,0,1
cf3d2262e2ddccfee4641197f689e6dd,2,I-II,basal cell carcinoma,malignant,Claude,cl,basal_cell_carcinoma_vs_rest,TRUE,FALSE,0.3,0
cf3d2262e2ddccfee4641197f689e6dd,2,I-II,basal cell carcinoma,malignant,Claude,cl,squamous_cell_carcinoma_vs_rest,FALSE,TRUE,0.55,0
4774398105aa32b8d004b499ccbf5633,2,I-II,basal cell carcinoma,malignant,Claude,cl,malignant_vs_benign,TRUE,TRUE,0.55,1
4774398105aa32b8d004b499ccbf5633,2,I-II,basal cell carcinoma,malignant,Claude,cl,melanoma_vs_rest,FALSE,FALSE,0,1
4774398105aa32b8d004b499ccbf5633,2,I-II,basal cell carcinoma,malignant,Claude,cl,basal_cell_carcinoma_vs_rest,TRUE,TRUE,0.55,1
4774398105aa32b8d004b499ccbf5633,2,I-II,basal cell carcinoma,malignant,Claude,cl,squamous_cell_carcinoma_vs_rest,FALSE,FALSE,0,1
516b8ed8e7db3a27e68118aac9191fb5,2,I-II,basal cell carcinoma,malignant,Claude,cl,malignant_vs_benign,TRUE,TRUE,0.65,1
516b8ed8e7db3a27e68118aac9191fb5,2,I-II,basal cell carcinoma,malignant,Claude,cl,melanoma_vs_rest,FALSE,FALSE,0,1
516b8ed8e7db3a27e68118aac9191fb5,2,I-II,basal cell carcinoma,malignant,Claude,cl,basal_cell_carcinoma_vs_rest,TRUE,TRUE,0.65,1
516b8ed8e7db3a27e68118aac9191fb5,2,I-II,basal cell carcinoma,malignant,Claude,cl,squamous_cell_carcinoma_vs_rest,FALSE,FALSE,0.2,1
6323e7bf168cb3f170902b24cd05e8c4,2,I-II,basal cell carcinoma,malignant,Claude,cl,malignant_vs_benign,TRUE,TRUE,0.55,1
6323e7bf168cb3f170902b24cd05e8c4,2,I-II,basal cell carcinoma,malignant,Claude,cl,melanoma_vs_rest,FALSE,FALSE,0,1
6323e7bf168cb3f170902b24cd05e8c4,2,I-II,basal cell carcinoma,malignant,Claude,cl,basal_cell_carcinoma_vs_rest,TRUE,FALSE,0.3,0
6323e7bf168cb3f170902b24cd05e8c4,2,I-II,basal cell carcinoma,malignant,Claude,cl,squamous_cell_carcinoma_vs_rest,FALSE,FALSE,0,1
fb7c974e189e0dc9cbd83e2d22835e94,2,I-II,basal cell carcinoma,malignant,Claude,cl,malignant_vs_benign,TRUE,TRUE,0.65,1
fb7c974e189e0dc9cbd83e2d22835e94,2,I-II,basal cell carcinoma,malignant,Claude,cl,melanoma_vs_rest,FALSE,FALSE,0,1
fb7c974e189e0dc9cbd83e2d22835e94,2,I-II,basal cell carcinoma,malignant,Claude,cl,basal_cell_carcinoma_vs_rest,TRUE,FALSE,0.15,0
fb7c974e189e0dc9cbd83e2d22835e94,2,I-II,basal cell carcinoma,malignant,Claude,cl,squamous_cell_carcinoma_vs_rest,FALSE,FALSE,0,1
13135f44ed77ea527b70db862a83bd61,2,I-II,basal cell carcinoma,malignant,Claude,cl,malignant_vs_benign,TRUE,TRUE,0.55,1
13135f44ed77ea527b70db862a83bd61,2,I-II,basal cell carcinoma,malignant,Claude,cl,melanoma_vs_rest,FALSE,FALSE,0,1
13135f44ed77ea527b70db862a83bd61,2,I-II,basal cell carcinoma,malignant,Claude,cl,basal_cell_carcinoma_vs_rest,TRUE,TRUE,0.55,1
13135f44ed77ea527b70db862a83bd61,2,I-II,basal cell carcinoma,malignant,Claude,cl,squamous_cell_carcinoma_vs_rest,FALSE,FALSE,0.25,1
94937a8ab45b71486731a59c5e5448e4,2,I-II,basal cell carcinoma,malignant,Claude,cl,malignant_vs_benign,TRUE,TRUE,0.6,1
94937a8ab45b71486731a59c5e5448e4,2,I-II,basal cell carcinoma,malignant,Claude,cl,melanoma_vs_rest,FALSE,FALSE,0,1
94937a8ab45b71486731a59c5e5448e4,2,I-II,basal cell carcinoma,malignant,Claude,cl,basal_cell_carcinoma_vs_rest,TRUE,TRUE,0.6,1
94937a8ab45b71486731a59c5e5448e4,2,I-II,basal cell carcinoma,malignant,Claude,cl,squamous_cell_carcinoma_vs_rest,FALSE,FALSE,0.25,1
46cfd1a77dfc44893b3166eca5f5514d,2,I-II,basal cell carcinoma,malignant,Claude,cl,malignant_vs_benign,TRUE,TRUE,0.55,1
46cfd1a77dfc44893b3166eca5f5514d,2,I-II,basal cell carcinoma,malignant,Claude,cl,melanoma_vs_rest,FALSE,FALSE,0,1
46cfd1a77dfc44893b3166eca5f5514d,2,I-II,basal cell carcinoma,malignant,Claude,cl,basal_cell_carcinoma_vs_rest,TRUE,TRUE,0.55,1
46cfd1a77dfc44893b3166eca5f5514d,2,I-II,basal cell carcinoma,malignant,Claude,cl,squamous_cell_carcinoma_vs_rest,FALSE,FALSE,0,1
be7bead78fed91bdc5056a70246ed703,2,I-II,basal cell carcinoma,malignant,Claude,cl,malignant_vs_benign,TRUE,TRUE,0.7,1
be7bead78fed91bdc5056a70246ed703,2,I-II,basal cell carcinoma,malignant,Claude,cl,melanoma_vs_rest,FALSE,FALSE,0,1
be7bead78fed91bdc5056a70246ed703,2,I-II,basal cell carcinoma,malignant,Claude,cl,basal_cell_carcinoma_vs_rest,TRUE,TRUE,0.7,1
be7bead78fed91bdc5056a70246ed703,2,I-II,basal cell carcinoma,malignant,Claude,cl,squamous_cell_carcinoma_vs_rest,FALSE,FALSE,0.2,1
f08034a69a57680dbe4521f6e913ba22,3,III-IV,basal cell carcinoma,malignant,Claude,cl,malignant_vs_benign,TRUE,FALSE,0,0
f08034a69a57680dbe4521f6e913ba22,3,III-IV,basal cell carcinoma,malignant,Claude,cl,melanoma_vs_rest,FALSE,FALSE,0,1
f08034a69a57680dbe4521f6e913ba22,3,III-IV,basal cell carcinoma,malignant,Claude,cl,basal_cell_carcinoma_vs_rest,TRUE,FALSE,0,0
f08034a69a57680dbe4521f6e913ba22,3,III-IV,basal cell carcinoma,malignant,Claude,cl,squamous_cell_carcinoma_vs_rest,FALSE,FALSE,0,1
4a42c72a20a24c80ee1d43aca4a1e498,3,III-IV,basal cell carcinoma,malignant,Claude,cl,malignant_vs_benign,TRUE,TRUE,0.55,1
4a42c72a20a24c80ee1d43aca4a1e498,3,III-IV,basal cell carcinoma,malignant,Claude,cl,melanoma_vs_rest,FALSE,FALSE,0,1
4a42c72a20a24c80ee1d43aca4a1e498,3,III-IV,basal cell carcinoma,malignant,Claude,cl,basal_cell_carcinoma_vs_rest,TRUE,FALSE,0,0
4a42c72a20a24c80ee1d43aca4a1e498,3,III-IV,basal cell carcinoma,malignant,Claude,cl,squamous_cell_carcinoma_vs_rest,FALSE,TRUE,0.55,0
95e4e2ee44567f284171a4f368a7aecd,3,III-IV,basal cell carcinoma,malignant,Claude,cl,malignant_vs_benign,TRUE,FALSE,0,0
95e4e2ee44567f284171a4f368a7aecd,3,III-IV,basal cell carcinoma,malignant,Claude,cl,melanoma_vs_rest,FALSE,FALSE,0,1
95e4e2ee44567f284171a4f368a7aecd,3,III-IV,basal cell carcinoma,malignant,Claude,cl,basal_cell_carcinoma_vs_rest,TRUE,FALSE,0,0
95e4e2ee44567f284171a4f368a7aecd,3,III-IV,basal cell carcinoma,malignant,Claude,cl,squamous_cell_carcinoma_vs_rest,FALSE,FALSE,0,1
bc3fd36c7d32ae2f2961409049e240b4,3,III-IV,basal cell carcinoma,malignant,Claude,cl,malignant_vs_benign,TRUE,FALSE,0.35,0
bc3fd36c7d32ae2f2961409049e240b4,3,III-IV,basal cell carcinoma,malignant,Claude,cl,melanoma_vs_rest,FALSE,FALSE,0,1
bc3fd36c7d32ae2f2961409049e240b4,3,III-IV,basal cell carcinoma,malignant,Claude,cl,basal_cell_carcinoma_vs_rest,TRUE,FALSE,0,0
bc3fd36c7d32ae2f2961409049e240b4,3,III-IV,basal cell carcinoma,malignant,Claude,cl,squamous_cell_carcinoma_vs_rest,FALSE,FALSE,0,1
7cc6621d7d99fcca1f0bf2b6bd3043fb,3,III-IV,basal cell carcinoma,malignant,Claude,cl,malignant_vs_benign,TRUE,FALSE,0.25,0
7cc6621d7d99fcca1f0bf2b6bd3043fb,3,III-IV,basal cell carcinoma,malignant,Claude,cl,melanoma_vs_rest,FALSE,FALSE,0,1
7cc6621d7d99fcca1f0bf2b6bd3043fb,3,III-IV,basal cell carcinoma,malignant,Claude,cl,basal_cell_carcinoma_vs_rest,TRUE,FALSE,0.25,0
7cc6621d7d99fcca1f0bf2b6bd3043fb,3,III-IV,basal cell carcinoma,malignant,Claude,cl,squamous_cell_carcinoma_vs_rest,FALSE,FALSE,0.15,1
521773286f1d292e0cdcf5c1354fc0ea,3,III-IV,basal cell carcinoma,malignant,Claude,cl,malignant_vs_benign,TRUE,TRUE,0.65,1
521773286f1d292e0cdcf5c1354fc0ea,3,III-IV,basal cell carcinoma,malignant,Claude,cl,melanoma_vs_rest,FALSE,FALSE,0,1
521773286f1d292e0cdcf5c1354fc0ea,3,III-IV,basal cell carcinoma,malignant,Claude,cl,basal_cell_carcinoma_vs_rest,TRUE,FALSE,0.15,0
521773286f1d292e0cdcf5c1354fc0ea,3,III-IV,basal cell carcinoma,malignant,Claude,cl,squamous_cell_carcinoma_vs_rest,FALSE,FALSE,0.2,1
13b24f877270a05937f4c80fff693b04,3,III-IV,basal cell carcinoma,malignant,Claude,cl,malignant_vs_benign,TRUE,TRUE,0.6,1
13b24f877270a05937f4c80fff693b04,3,III-IV,basal cell carcinoma,malignant,Claude,cl,melanoma_vs_rest,FALSE,FALSE,0,1
13b24f877270a05937f4c80fff693b04,3,III-IV,basal cell carcinoma,malignant,Claude,cl,basal_cell_carcinoma_vs_rest,TRUE,FALSE,0.25,0
13b24f877270a05937f4c80fff693b04,3,III-IV,basal cell carcinoma,malignant,Claude,cl,squamous_cell_carcinoma_vs_rest,FALSE,FALSE,0,1
736143719650b30bb48965ee67c3ee4e,3,III-IV,basal cell carcinoma,malignant,Claude,cl,malignant_vs_benign,TRUE,TRUE,0.5,1
736143719650b30bb48965ee67c3ee4e,3,III-IV,basal cell carcinoma,malignant,Claude,cl,melanoma_vs_rest,FALSE,FALSE,0,1
736143719650b30bb48965ee67c3ee4e,3,III-IV,basal cell carcinoma,malignant,Claude,cl,basal_cell_carcinoma_vs_rest,TRUE,FALSE,0,0
736143719650b30bb48965ee67c3ee4e,3,III-IV,basal cell carcinoma,malignant,Claude,cl,squamous_cell_carcinoma_vs_rest,FALSE,TRUE,0.5,0
2d88a3fa67aa761b65e280c2e14c68c3,3,III-IV,basal cell carcinoma,malignant,Claude,cl,malignant_vs_benign,TRUE,TRUE,0.55,1
2d88a3fa67aa761b65e280c2e14c68c3,3,III-IV,basal cell carcinoma,malignant,Claude,cl,melanoma_vs_rest,FALSE,FALSE,0,1
2d88a3fa67aa761b65e280c2e14c68c3,3,III-IV,basal cell carcinoma,malignant,Claude,cl,basal_cell_carcinoma_vs_rest,TRUE,FALSE,0.2,0
2d88a3fa67aa761b65e280c2e14c68c3,3,III-IV,basal cell carcinoma,malignant,Claude,cl,squamous_cell_carcinoma_vs_rest,FALSE,TRUE,0.55,0
22bcca7d579abf5c2c121c98aa01a4c7,3,III-IV,basal cell carcinoma,malignant,Claude,cl,malignant_vs_benign,TRUE,TRUE,0.55,1
22bcca7d579abf5c2c121c98aa01a4c7,3,III-IV,basal cell carcinoma,malignant,Claude,cl,melanoma_vs_rest,FALSE,FALSE,0,1
22bcca7d579abf5c2c121c98aa01a4c7,3,III-IV,basal cell carcinoma,malignant,Claude,cl,basal_cell_carcinoma_vs_rest,TRUE,TRUE,0.55,1
22bcca7d579abf5c2c121c98aa01a4c7,3,III-IV,basal cell carcinoma,malignant,Claude,cl,squamous_cell_carcinoma_vs_rest,FALSE,FALSE,0.25,1
ec434ee7ba467dd5ec5a4b87fd515e29,4,III-IV,basal cell carcinoma,malignant,Claude,cl,malignant_vs_benign,TRUE,TRUE,0.55,1
ec434ee7ba467dd5ec5a4b87fd515e29,4,III-IV,basal cell carcinoma,malignant,Claude,cl,melanoma_vs_rest,FALSE,FALSE,0,1
ec434ee7ba467dd5ec5a4b87fd515e29,4,III-IV,basal cell carcinoma,malignant,Claude,cl,basal_cell_carcinoma_vs_rest,TRUE,FALSE,0,0
ec434ee7ba467dd5ec5a4b87fd515e29,4,III-IV,basal cell carcinoma,malignant,Claude,cl,squamous_cell_carcinoma_vs_rest,FALSE,TRUE,0.55,0
82375585ff47e3738a54447e43b613f2,4,III-IV,basal cell carcinoma,malignant,Claude,cl,malignant_vs_benign,TRUE,TRUE,0.5,1
82375585ff47e3738a54447e43b613f2,4,III-IV,basal cell carcinoma,malignant,Claude,cl,melanoma_vs_rest,FALSE,FALSE,0,1
82375585ff47e3738a54447e43b613f2,4,III-IV,basal cell carcinoma,malignant,Claude,cl,basal_cell_carcinoma_vs_rest,TRUE,FALSE,0.3,0
82375585ff47e3738a54447e43b613f2,4,III-IV,basal cell carcinoma,malignant,Claude,cl,squamous_cell_carcinoma_vs_rest,FALSE,TRUE,0.5,0
db871411820979160cb098e6453399ce,4,III-IV,basal cell carcinoma,malignant,Claude,cl,malignant_vs_benign,TRUE,TRUE,0.5,1
db871411820979160cb098e6453399ce,4,III-IV,basal cell carcinoma,malignant,Claude,cl,melanoma_vs_rest,FALSE,FALSE,0,1
db871411820979160cb098e6453399ce,4,III-IV,basal cell carcinoma,malignant,Claude,cl,basal_cell_carcinoma_vs_rest,TRUE,TRUE,0.5,1
db871411820979160cb098e6453399ce,4,III-IV,basal cell carcinoma,malignant,Claude,cl,squamous_cell_carcinoma_vs_rest,FALSE,FALSE,0,1
8cb3945cf58f8e5540208408a50b5827,4,III-IV,basal cell carcinoma,malignant,Claude,cl,malignant_vs_benign,TRUE,TRUE,0.65,1
8cb3945cf58f8e5540208408a50b5827,4,III-IV,basal cell carcinoma,malignant,Claude,cl,melanoma_vs_rest,FALSE,FALSE,0,1
8cb3945cf58f8e5540208408a50b5827,4,III-IV,basal cell carcinoma,malignant,Claude,cl,basal_cell_carcinoma_vs_rest,TRUE,TRUE,0.65,1
8cb3945cf58f8e5540208408a50b5827,4,III-IV,basal cell carcinoma,malignant,Claude,cl,squamous_cell_carcinoma_vs_rest,FALSE,FALSE,0.25,1
c7aac9b9850c541b1cf2619c7cec8d06,4,III-IV,basal cell carcinoma,malignant,Claude,cl,malignant_vs_benign,TRUE,TRUE,0.5,1
c7aac9b9850c541b1cf2619c7cec8d06,4,III-IV,basal cell carcinoma,malignant,Claude,cl,melanoma_vs_rest,FALSE,FALSE,0,1
c7aac9b9850c541b1cf2619c7cec8d06,4,III-IV,basal cell carcinoma,malignant,Claude,cl,basal_cell_carcinoma_vs_rest,TRUE,TRUE,0.5,1
c7aac9b9850c541b1cf2619c7cec8d06,4,III-IV,basal cell carcinoma,malignant,Claude,cl,squamous_cell_carcinoma_vs_rest,FALSE,FALSE,0,1
5832419baf0cbfefcac35578a40fa5a5,4,III-IV,basal cell carcinoma,malignant,Claude,cl,malignant_vs_benign,TRUE,FALSE,0.2,0
5832419baf0cbfefcac35578a40fa5a5,4,III-IV,basal cell carcinoma,malignant,Claude,cl,melanoma_vs_rest,FALSE,FALSE,0,1
5832419baf0cbfefcac35578a40fa5a5,4,III-IV,basal cell carcinoma,malignant,Claude,cl,basal_cell_carcinoma_vs_rest,TRUE,FALSE,0,0
5832419baf0cbfefcac35578a40fa5a5,4,III-IV,basal cell carcinoma,malignant,Claude,cl,squamous_cell_carcinoma_vs_rest,FALSE,FALSE,0.2,1
af64774e30b2dc701e3f2a88348a78dc,4,III-IV,basal cell carcinoma,malignant,Claude,cl,malignant_vs_benign,TRUE,TRUE,0.7,1
af64774e30b2dc701e3f2a88348a78dc,4,III-IV,basal cell carcinoma,malignant,Claude,cl,melanoma_vs_rest,FALSE,FALSE,0,1
af64774e30b2dc701e3f2a88348a78dc,4,III-IV,basal cell carcinoma,malignant,Claude,cl,basal_cell_carcinoma_vs_rest,TRUE,TRUE,0.7,1
af64774e30b2dc701e3f2a88348a78dc,4,III-IV,basal cell carcinoma,malignant,Claude,cl,squamous_cell_carcinoma_vs_rest,FALSE,FALSE,0.2,1
794572175ce2487d073bcbd2d62f2743,4,III-IV,basal cell carcinoma,malignant,Claude,cl,malignant_vs_benign,TRUE,TRUE,0.55,1
794572175ce2487d073bcbd2d62f2743,4,III-IV,basal cell carcinoma,malignant,Claude,cl,melanoma_vs_rest,FALSE,FALSE,0,1
794572175ce2487d073bcbd2d62f2743,4,III-IV,basal cell carcinoma,malignant,Claude,cl,basal_cell_carcinoma_vs_rest,TRUE,TRUE,0.55,1
794572175ce2487d073bcbd2d62f2743,4,III-IV,basal cell carcinoma,malignant,Claude,cl,squamous_cell_carcinoma_vs_rest,FALSE,FALSE,0.35,1
de24cc0b5dc20eccdd67e7a60c8a1fa9,4,III-IV,basal cell carcinoma,malignant,Claude,cl,malignant_vs_benign,TRUE,TRUE,0.65,1
de24cc0b5dc20eccdd67e7a60c8a1fa9,4,III-IV,basal cell carcinoma,malignant,Claude,cl,melanoma_vs_rest,FALSE,FALSE,0,1
de24cc0b5dc20eccdd67e7a60c8a1fa9,4,III-IV,basal cell carcinoma,malignant,Claude,cl,basal_cell_carcinoma_vs_rest,TRUE,TRUE,0.65,1
de24cc0b5dc20eccdd67e7a60c8a1fa9,4,III-IV,basal cell carcinoma,malignant,Claude,cl,squamous_cell_carcinoma_vs_rest,FALSE,FALSE,0,1
6ed58ed2e4c8b378493cd5766f7bad56,4,III-IV,basal cell carcinoma,malignant,Claude,cl,malignant_vs_benign,TRUE,TRUE,0.6,1
6ed58ed2e4c8b378493cd5766f7bad56,4,III-IV,basal cell carcinoma,malignant,Claude,cl,melanoma_vs_rest,FALSE,FALSE,0,1
6ed58ed2e4c8b378493cd5766f7bad56,4,III-IV,basal cell carcinoma,malignant,Claude,cl,basal_cell_carcinoma_vs_rest,TRUE,FALSE,0.3,0
6ed58ed2e4c8b378493cd5766f7bad56,4,III-IV,basal cell carcinoma,malignant,Claude,cl,squamous_cell_carcinoma_vs_rest,FALSE,TRUE,0.6,0
9ca9d8e0946f6d8598daad6770b5581f,5,V-VI,basal cell carcinoma,malignant,Claude,cl,malignant_vs_benign,TRUE,TRUE,0.5,1
9ca9d8e0946f6d8598daad6770b5581f,5,V-VI,basal cell carcinoma,malignant,Claude,cl,melanoma_vs_rest,FALSE,FALSE,0,1
9ca9d8e0946f6d8598daad6770b5581f,5,V-VI,basal cell carcinoma,malignant,Claude,cl,basal_cell_carcinoma_vs_rest,TRUE,TRUE,0.5,1
9ca9d8e0946f6d8598daad6770b5581f,5,V-VI,basal cell carcinoma,malignant,Claude,cl,squamous_cell_carcinoma_vs_rest,FALSE,FALSE,0.35,1
70b99a1005a08821fd9b9c48d7e8e698,5,V-VI,basal cell carcinoma,malignant,Claude,cl,malignant_vs_benign,TRUE,TRUE,0.55,1
70b99a1005a08821fd9b9c48d7e8e698,5,V-VI,basal cell carcinoma,malignant,Claude,cl,melanoma_vs_rest,FALSE,FALSE,0,1
70b99a1005a08821fd9b9c48d7e8e698,5,V-VI,basal cell carcinoma,malignant,Claude,cl,basal_cell_carcinoma_vs_rest,TRUE,FALSE,0,0
70b99a1005a08821fd9b9c48d7e8e698,5,V-VI,basal cell carcinoma,malignant,Claude,cl,squamous_cell_carcinoma_vs_rest,FALSE,TRUE,0.55,0
5ff2e2cbcbb9f92610ec54dca324d149,5,V-VI,basal cell carcinoma,malignant,Claude,cl,malignant_vs_benign,TRUE,TRUE,0.55,1
5ff2e2cbcbb9f92610ec54dca324d149,5,V-VI,basal cell carcinoma,malignant,Claude,cl,melanoma_vs_rest,FALSE,FALSE,0,1
5ff2e2cbcbb9f92610ec54dca324d149,5,V-VI,basal cell carcinoma,malignant,Claude,cl,basal_cell_carcinoma_vs_rest,TRUE,FALSE,0,0
5ff2e2cbcbb9f92610ec54dca324d149,5,V-VI,basal cell carcinoma,malignant,Claude,cl,squamous_cell_carcinoma_vs_rest,FALSE,FALSE,0,1
875d767d2fa63aa3f740d7d19f21e32a,5,V-VI,basal cell carcinoma,malignant,Claude,cl,malignant_vs_benign,TRUE,FALSE,0.3,0
875d767d2fa63aa3f740d7d19f21e32a,5,V-VI,basal cell carcinoma,malignant,Claude,cl,melanoma_vs_rest,FALSE,FALSE,0,1
875d767d2fa63aa3f740d7d19f21e32a,5,V-VI,basal cell carcinoma,malignant,Claude,cl,basal_cell_carcinoma_vs_rest,TRUE,FALSE,0.3,0
875d767d2fa63aa3f740d7d19f21e32a,5,V-VI,basal cell carcinoma,malignant,Claude,cl,squamous_cell_carcinoma_vs_rest,FALSE,FALSE,0.2,1
bba3db5954f7975d59a37347222d954d,5,V-VI,basal cell carcinoma,malignant,Claude,cl,malignant_vs_benign,TRUE,TRUE,0.65,1
bba3db5954f7975d59a37347222d954d,5,V-VI,basal cell carcinoma,malignant,Claude,cl,melanoma_vs_rest,FALSE,FALSE,0,1
bba3db5954f7975d59a37347222d954d,5,V-VI,basal cell carcinoma,malignant,Claude,cl,basal_cell_carcinoma_vs_rest,TRUE,TRUE,0.65,1
bba3db5954f7975d59a37347222d954d,5,V-VI,basal cell carcinoma,malignant,Claude,cl,squamous_cell_carcinoma_vs_rest,FALSE,FALSE,0.25,1
1dcc2fb45c366dafbb1f45c0e8afd3bd,5,V-VI,basal cell carcinoma,malignant,Claude,cl,malignant_vs_benign,TRUE,TRUE,0.65,1
1dcc2fb45c366dafbb1f45c0e8afd3bd,5,V-VI,basal cell carcinoma,malignant,Claude,cl,melanoma_vs_rest,FALSE,FALSE,0,1
1dcc2fb45c366dafbb1f45c0e8afd3bd,5,V-VI,basal cell carcinoma,malignant,Claude,cl,basal_cell_carcinoma_vs_rest,TRUE,FALSE,0,0
1dcc2fb45c366dafbb1f45c0e8afd3bd,5,V-VI,basal cell carcinoma,malignant,Claude,cl,squamous_cell_carcinoma_vs_rest,FALSE,FALSE,0,1
9255b18c770f58de26221d16839fadb2,5,V-VI,basal cell carcinoma,malignant,Claude,cl,malignant_vs_benign,TRUE,FALSE,0.2,0
9255b18c770f58de26221d16839fadb2,5,V-VI,basal cell carcinoma,malignant,Claude,cl,melanoma_vs_rest,FALSE,FALSE,0,1
9255b18c770f58de26221d16839fadb2,5,V-VI,basal cell carcinoma,malignant,Claude,cl,basal_cell_carcinoma_vs_rest,TRUE,FALSE,0.2,0
9255b18c770f58de26221d16839fadb2,5,V-VI,basal cell carcinoma,malignant,Claude,cl,squamous_cell_carcinoma_vs_rest,FALSE,FALSE,0.1,1
915d7fa381560d5b77f1e37cd1c37206,5,V-VI,basal cell carcinoma,malignant,Claude,cl,malignant_vs_benign,TRUE,TRUE,0.5,1
915d7fa381560d5b77f1e37cd1c37206,5,V-VI,basal cell carcinoma,malignant,Claude,cl,melanoma_vs_rest,FALSE,FALSE,0,1
915d7fa381560d5b77f1e37cd1c37206,5,V-VI,basal cell carcinoma,malignant,Claude,cl,basal_cell_carcinoma_vs_rest,TRUE,FALSE,0,0
915d7fa381560d5b77f1e37cd1c37206,5,V-VI,basal cell carcinoma,malignant,Claude,cl,squamous_cell_carcinoma_vs_rest,FALSE,TRUE,0.5,0
032b3adb839c23047aedc87707ff978e,5,V-VI,basal cell carcinoma,malignant,Claude,cl,malignant_vs_benign,TRUE,TRUE,0.6,1
032b3adb839c23047aedc87707ff978e,5,V-VI,basal cell carcinoma,malignant,Claude,cl,melanoma_vs_rest,FALSE,TRUE,0.6,0
032b3adb839c23047aedc87707ff978e,5,V-VI,basal cell carcinoma,malignant,Claude,cl,basal_cell_carcinoma_vs_rest,TRUE,FALSE,0,0
032b3adb839c23047aedc87707ff978e,5,V-VI,basal cell carcinoma,malignant,Claude,cl,squamous_cell_carcinoma_vs_rest,FALSE,FALSE,0,1
89867feafae04841becf921893861722,5,V-VI,basal cell carcinoma,malignant,Claude,cl,malignant_vs_benign,TRUE,TRUE,0.55,1
89867feafae04841becf921893861722,5,V-VI,basal cell carcinoma,malignant,Claude,cl,melanoma_vs_rest,FALSE,FALSE,0,1
89867feafae04841becf921893861722,5,V-VI,basal cell carcinoma,malignant,Claude,cl,basal_cell_carcinoma_vs_rest,TRUE,FALSE,0,0
89867feafae04841becf921893861722,5,V-VI,basal cell carcinoma,malignant,Claude,cl,squamous_cell_carcinoma_vs_rest,FALSE,FALSE,0,1
849d862189a58f44a063ee6ba1a80b1b,5,V-VI,basal cell carcinoma,malignant,Claude,cl,malignant_vs_benign,TRUE,TRUE,0.5,1
849d862189a58f44a063ee6ba1a80b1b,5,V-VI,basal cell carcinoma,malignant,Claude,cl,melanoma_vs_rest,FALSE,FALSE,0,1
849d862189a58f44a063ee6ba1a80b1b,5,V-VI,basal cell carcinoma,malignant,Claude,cl,basal_cell_carcinoma_vs_rest,TRUE,FALSE,0.3,0
849d862189a58f44a063ee6ba1a80b1b,5,V-VI,basal cell carcinoma,malignant,Claude,cl,squamous_cell_carcinoma_vs_rest,FALSE,FALSE,0.2,1
9209a4be6a83500ae0c536cc16386284,5,V-VI,basal cell carcinoma,malignant,Claude,cl,malignant_vs_benign,TRUE,TRUE,0.55,1
9209a4be6a83500ae0c536cc16386284,5,V-VI,basal cell carcinoma,malignant,Claude,cl,melanoma_vs_rest,FALSE,FALSE,0,1
9209a4be6a83500ae0c536cc16386284,5,V-VI,basal cell carcinoma,malignant,Claude,cl,basal_cell_carcinoma_vs_rest,TRUE,FALSE,0,0
9209a4be6a83500ae0c536cc16386284,5,V-VI,basal cell carcinoma,malignant,Claude,cl,squamous_cell_carcinoma_vs_rest,FALSE,FALSE,0,1
94646305d86635230c4eb1763bb043bc,5,V-VI,basal cell carcinoma,malignant,Claude,cl,malignant_vs_benign,TRUE,TRUE,0.55,1
94646305d86635230c4eb1763bb043bc,5,V-VI,basal cell carcinoma,malignant,Claude,cl,melanoma_vs_rest,FALSE,FALSE,0,1
94646305d86635230c4eb1763bb043bc,5,V-VI,basal cell carcinoma,malignant,Claude,cl,basal_cell_carcinoma_vs_rest,TRUE,FALSE,0.35,0
94646305d86635230c4eb1763bb043bc,5,V-VI,basal cell carcinoma,malignant,Claude,cl,squamous_cell_carcinoma_vs_rest,FALSE,TRUE,0.55,0
5f1a4d80fdc87563f3cc7174241c3477,5,V-VI,basal cell carcinoma,malignant,Claude,cl,malignant_vs_benign,TRUE,TRUE,0.5,1
5f1a4d80fdc87563f3cc7174241c3477,5,V-VI,basal cell carcinoma,malignant,Claude,cl,melanoma_vs_rest,FALSE,FALSE,0,1
5f1a4d80fdc87563f3cc7174241c3477,5,V-VI,basal cell carcinoma,malignant,Claude,cl,basal_cell_carcinoma_vs_rest,TRUE,FALSE,0,0
5f1a4d80fdc87563f3cc7174241c3477,5,V-VI,basal cell carcinoma,malignant,Claude,cl,squamous_cell_carcinoma_vs_rest,FALSE,TRUE,0.5,0
49ed416e5f1dc646ecbaf99b23b48095,5,V-VI,basal cell carcinoma,malignant,Claude,cl,malignant_vs_benign,TRUE,TRUE,0.55,1
49ed416e5f1dc646ecbaf99b23b48095,5,V-VI,basal cell carcinoma,malignant,Claude,cl,melanoma_vs_rest,FALSE,FALSE,0,1
49ed416e5f1dc646ecbaf99b23b48095,5,V-VI,basal cell carcinoma,malignant,Claude,cl,basal_cell_carcinoma_vs_rest,TRUE,FALSE,0.15,0
49ed416e5f1dc646ecbaf99b23b48095,5,V-VI,basal cell carcinoma,malignant,Claude,cl,squamous_cell_carcinoma_vs_rest,FALSE,FALSE,0.3,1
b02abb6e18e64ffd99083dcf884ad75a,6,V-VI,basal cell carcinoma,malignant,Claude,cl,malignant_vs_benign,TRUE,FALSE,0,0
b02abb6e18e64ffd99083dcf884ad75a,6,V-VI,basal cell carcinoma,malignant,Claude,cl,melanoma_vs_rest,FALSE,FALSE,0,1
b02abb6e18e64ffd99083dcf884ad75a,6,V-VI,basal cell carcinoma,malignant,Claude,cl,basal_cell_carcinoma_vs_rest,TRUE,FALSE,0,0
b02abb6e18e64ffd99083dcf884ad75a,6,V-VI,basal cell carcinoma,malignant,Claude,cl,squamous_cell_carcinoma_vs_rest,FALSE,FALSE,0,1
2cc47698a46f2371a31a5a5a547de03a,6,V-VI,basal cell carcinoma,malignant,Claude,cl,malignant_vs_benign,TRUE,TRUE,0.55,1
2cc47698a46f2371a31a5a5a547de03a,6,V-VI,basal cell carcinoma,malignant,Claude,cl,melanoma_vs_rest,FALSE,FALSE,0,1
2cc47698a46f2371a31a5a5a547de03a,6,V-VI,basal cell carcinoma,malignant,Claude,cl,basal_cell_carcinoma_vs_rest,TRUE,FALSE,0,0
2cc47698a46f2371a31a5a5a547de03a,6,V-VI,basal cell carcinoma,malignant,Claude,cl,squamous_cell_carcinoma_vs_rest,FALSE,TRUE,0.55,0
a1d96dfd1897917119021000c1f9a5af,6,V-VI,basal cell carcinoma,malignant,Claude,cl,malignant_vs_benign,TRUE,TRUE,0.5,1
a1d96dfd1897917119021000c1f9a5af,6,V-VI,basal cell carcinoma,malignant,Claude,cl,melanoma_vs_rest,FALSE,FALSE,0,1
a1d96dfd1897917119021000c1f9a5af,6,V-VI,basal cell carcinoma,malignant,Claude,cl,basal_cell_carcinoma_vs_rest,TRUE,FALSE,0.35,0
a1d96dfd1897917119021000c1f9a5af,6,V-VI,basal cell carcinoma,malignant,Claude,cl,squamous_cell_carcinoma_vs_rest,FALSE,FALSE,0,1
16e8de6bd449154d0823adddef933b73,1,I-II,melanoma spectrum,malignant,Claude,cl,malignant_vs_benign,TRUE,TRUE,0.7,1
16e8de6bd449154d0823adddef933b73,1,I-II,melanoma spectrum,malignant,Claude,cl,melanoma_vs_rest,TRUE,FALSE,0,0
16e8de6bd449154d0823adddef933b73,1,I-II,melanoma spectrum,malignant,Claude,cl,basal_cell_carcinoma_vs_rest,FALSE,FALSE,0.1,1
16e8de6bd449154d0823adddef933b73,1,I-II,melanoma spectrum,malignant,Claude,cl,squamous_cell_carcinoma_vs_rest,FALSE,FALSE,0.2,1
e170d124649f3cddf0e8d2ac7a4e597f,1,I-II,melanoma spectrum,malignant,Claude,cl,malignant_vs_benign,TRUE,TRUE,0.55,1
e170d124649f3cddf0e8d2ac7a4e597f,1,I-II,melanoma spectrum,malignant,Claude,cl,melanoma_vs_rest,TRUE,TRUE,0.55,1
e170d124649f3cddf0e8d2ac7a4e597f,1,I-II,melanoma spectrum,malignant,Claude,cl,basal_cell_carcinoma_vs_rest,FALSE,FALSE,0,1
e170d124649f3cddf0e8d2ac7a4e597f,1,I-II,melanoma spectrum,malignant,Claude,cl,squamous_cell_carcinoma_vs_rest,FALSE,FALSE,0,1
c12375fa8da3696e9198df1fd74703c1,1,I-II,melanoma spectrum,malignant,Claude,cl,malignant_vs_benign,TRUE,TRUE,0.7,1
c12375fa8da3696e9198df1fd74703c1,1,I-II,melanoma spectrum,malignant,Claude,cl,melanoma_vs_rest,TRUE,TRUE,0.7,1
c12375fa8da3696e9198df1fd74703c1,1,I-II,melanoma spectrum,malignant,Claude,cl,basal_cell_carcinoma_vs_rest,FALSE,FALSE,0.2,1
c12375fa8da3696e9198df1fd74703c1,1,I-II,melanoma spectrum,malignant,Claude,cl,squamous_cell_carcinoma_vs_rest,FALSE,FALSE,0,1
b222feca6ef56a50502589690b14cb1a,1,I-II,melanoma spectrum,malignant,Claude,cl,malignant_vs_benign,TRUE,TRUE,0.5,1
b222feca6ef56a50502589690b14cb1a,1,I-II,melanoma spectrum,malignant,Claude,cl,melanoma_vs_rest,TRUE,TRUE,0.5,1
b222feca6ef56a50502589690b14cb1a,1,I-II,melanoma spectrum,malignant,Claude,cl,basal_cell_carcinoma_vs_rest,FALSE,FALSE,0,1
b222feca6ef56a50502589690b14cb1a,1,I-II,melanoma spectrum,malignant,Claude,cl,squamous_cell_carcinoma_vs_rest,FALSE,FALSE,0,1
0fc62c72c433cd6f7ff35d6ba510ac48,1,I-II,melanoma spectrum,malignant,Claude,cl,malignant_vs_benign,TRUE,TRUE,0.55,1
0fc62c72c433cd6f7ff35d6ba510ac48,1,I-II,melanoma spectrum,malignant,Claude,cl,melanoma_vs_rest,TRUE,TRUE,0.55,1
0fc62c72c433cd6f7ff35d6ba510ac48,1,I-II,melanoma spectrum,malignant,Claude,cl,basal_cell_carcinoma_vs_rest,FALSE,FALSE,0,1
0fc62c72c433cd6f7ff35d6ba510ac48,1,I-II,melanoma spectrum,malignant,Claude,cl,squamous_cell_carcinoma_vs_rest,FALSE,FALSE,0,1
fc6e05f39ad27f0d3717f4fb51e607ef,1,I-II,melanoma spectrum,malignant,Claude,cl,malignant_vs_benign,TRUE,TRUE,0.6,1
fc6e05f39ad27f0d3717f4fb51e607ef,1,I-II,melanoma spectrum,malignant,Claude,cl,melanoma_vs_rest,TRUE,FALSE,0,0
fc6e05f39ad27f0d3717f4fb51e607ef,1,I-II,melanoma spectrum,malignant,Claude,cl,basal_cell_carcinoma_vs_rest,FALSE,FALSE,0.15,1
fc6e05f39ad27f0d3717f4fb51e607ef,1,I-II,melanoma spectrum,malignant,Claude,cl,squamous_cell_carcinoma_vs_rest,FALSE,FALSE,0,1
e4e6247b65749ac9939b1465693e9bfb,1,I-II,melanoma spectrum,malignant,Claude,cl,malignant_vs_benign,TRUE,TRUE,0.55,1
e4e6247b65749ac9939b1465693e9bfb,1,I-II,melanoma spectrum,malignant,Claude,cl,melanoma_vs_rest,TRUE,TRUE,0.55,1
e4e6247b65749ac9939b1465693e9bfb,1,I-II,melanoma spectrum,malignant,Claude,cl,basal_cell_carcinoma_vs_rest,FALSE,FALSE,0,1
e4e6247b65749ac9939b1465693e9bfb,1,I-II,melanoma spectrum,malignant,Claude,cl,squamous_cell_carcinoma_vs_rest,FALSE,FALSE,0,1
361c860d6d11345eb0d14b6ff560a952,1,I-II,melanoma spectrum,malignant,Claude,cl,malignant_vs_benign,TRUE,FALSE,0.4,0
361c860d6d11345eb0d14b6ff560a952,1,I-II,melanoma spectrum,malignant,Claude,cl,melanoma_vs_rest,TRUE,FALSE,0.4,0
361c860d6d11345eb0d14b6ff560a952,1,I-II,melanoma spectrum,malignant,Claude,cl,basal_cell_carcinoma_vs_rest,FALSE,FALSE,0,1
361c860d6d11345eb0d14b6ff560a952,1,I-II,melanoma spectrum,malignant,Claude,cl,squamous_cell_carcinoma_vs_rest,FALSE,FALSE,0,1
98a86bd0a6b6d31cc399703220627eab,1,I-II,melanoma spectrum,malignant,Claude,cl,malignant_vs_benign,TRUE,FALSE,0.35,0
98a86bd0a6b6d31cc399703220627eab,1,I-II,melanoma spectrum,malignant,Claude,cl,melanoma_vs_rest,TRUE,FALSE,0,0
98a86bd0a6b6d31cc399703220627eab,1,I-II,melanoma spectrum,malignant,Claude,cl,basal_cell_carcinoma_vs_rest,FALSE,FALSE,0,1
98a86bd0a6b6d31cc399703220627eab,1,I-II,melanoma spectrum,malignant,Claude,cl,squamous_cell_carcinoma_vs_rest,FALSE,FALSE,0,1
1e7a332c75655b759c774efeac3d9dcc,1,I-II,melanoma spectrum,malignant,Claude,cl,malignant_vs_benign,TRUE,TRUE,0.75,1
1e7a332c75655b759c774efeac3d9dcc,1,I-II,melanoma spectrum,malignant,Claude,cl,melanoma_vs_rest,TRUE,FALSE,0,0
1e7a332c75655b759c774efeac3d9dcc,1,I-II,melanoma spectrum,malignant,Claude,cl,basal_cell_carcinoma_vs_rest,FALSE,FALSE,0,1
1e7a332c75655b759c774efeac3d9dcc,1,I-II,melanoma spectrum,malignant,Claude,cl,squamous_cell_carcinoma_vs_rest,FALSE,FALSE,0,1
203f72e12bfd9132ba8f843eaa9a894f,2,I-II,melanoma spectrum,malignant,Claude,cl,malignant_vs_benign,TRUE,TRUE,0.55,1
203f72e12bfd9132ba8f843eaa9a894f,2,I-II,melanoma spectrum,malignant,Claude,cl,melanoma_vs_rest,TRUE,TRUE,0.55,1
203f72e12bfd9132ba8f843eaa9a894f,2,I-II,melanoma spectrum,malignant,Claude,cl,basal_cell_carcinoma_vs_rest,FALSE,FALSE,0,1
203f72e12bfd9132ba8f843eaa9a894f,2,I-II,melanoma spectrum,malignant,Claude,cl,squamous_cell_carcinoma_vs_rest,FALSE,FALSE,0,1
163d9c550fad4704990a3d1b8183d0f8,2,I-II,melanoma spectrum,malignant,Claude,cl,malignant_vs_benign,TRUE,TRUE,0.45,1
163d9c550fad4704990a3d1b8183d0f8,2,I-II,melanoma spectrum,malignant,Claude,cl,melanoma_vs_rest,TRUE,TRUE,0.45,1
163d9c550fad4704990a3d1b8183d0f8,2,I-II,melanoma spectrum,malignant,Claude,cl,basal_cell_carcinoma_vs_rest,FALSE,FALSE,0.35,1
163d9c550fad4704990a3d1b8183d0f8,2,I-II,melanoma spectrum,malignant,Claude,cl,squamous_cell_carcinoma_vs_rest,FALSE,FALSE,0,1
c05b03bcef867fca1e842f5226089b2c,2,I-II,melanoma spectrum,malignant,Claude,cl,malignant_vs_benign,TRUE,FALSE,0.35,0
c05b03bcef867fca1e842f5226089b2c,2,I-II,melanoma spectrum,malignant,Claude,cl,melanoma_vs_rest,TRUE,FALSE,0,0
c05b03bcef867fca1e842f5226089b2c,2,I-II,melanoma spectrum,malignant,Claude,cl,basal_cell_carcinoma_vs_rest,FALSE,FALSE,0,1
c05b03bcef867fca1e842f5226089b2c,2,I-II,melanoma spectrum,malignant,Claude,cl,squamous_cell_carcinoma_vs_rest,FALSE,FALSE,0,1
62d277784521ca0bc25d6e91268b3c71,2,I-II,melanoma spectrum,malignant,Claude,cl,malignant_vs_benign,TRUE,TRUE,0.7,1
62d277784521ca0bc25d6e91268b3c71,2,I-II,melanoma spectrum,malignant,Claude,cl,melanoma_vs_rest,TRUE,TRUE,0.7,1
62d277784521ca0bc25d6e91268b3c71,2,I-II,melanoma spectrum,malignant,Claude,cl,basal_cell_carcinoma_vs_rest,FALSE,FALSE,0,1
62d277784521ca0bc25d6e91268b3c71,2,I-II,melanoma spectrum,malignant,Claude,cl,squamous_cell_carcinoma_vs_rest,FALSE,FALSE,0,1
cc2bd788c5212e2ec7e0869b9e9279e5,2,I-II,melanoma spectrum,malignant,Claude,cl,malignant_vs_benign,TRUE,TRUE,0.45,1
cc2bd788c5212e2ec7e0869b9e9279e5,2,I-II,melanoma spectrum,malignant,Claude,cl,melanoma_vs_rest,TRUE,FALSE,0,0
cc2bd788c5212e2ec7e0869b9e9279e5,2,I-II,melanoma spectrum,malignant,Claude,cl,basal_cell_carcinoma_vs_rest,FALSE,FALSE,0,1
cc2bd788c5212e2ec7e0869b9e9279e5,2,I-II,melanoma spectrum,malignant,Claude,cl,squamous_cell_carcinoma_vs_rest,FALSE,FALSE,0,1
c8e15692cc70579b3ca3b0cf8236ac0d,2,I-II,melanoma spectrum,malignant,Claude,cl,malignant_vs_benign,TRUE,TRUE,0.75,1
c8e15692cc70579b3ca3b0cf8236ac0d,2,I-II,melanoma spectrum,malignant,Claude,cl,melanoma_vs_rest,TRUE,TRUE,0.75,1
c8e15692cc70579b3ca3b0cf8236ac0d,2,I-II,melanoma spectrum,malignant,Claude,cl,basal_cell_carcinoma_vs_rest,FALSE,FALSE,0.1,1
c8e15692cc70579b3ca3b0cf8236ac0d,2,I-II,melanoma spectrum,malignant,Claude,cl,squamous_cell_carcinoma_vs_rest,FALSE,FALSE,0,1
1400a56e8de2b64427acf3ba96895ded,2,I-II,melanoma spectrum,malignant,Claude,cl,malignant_vs_benign,TRUE,TRUE,0.5,1
1400a56e8de2b64427acf3ba96895ded,2,I-II,melanoma spectrum,malignant,Claude,cl,melanoma_vs_rest,TRUE,TRUE,0.5,1
1400a56e8de2b64427acf3ba96895ded,2,I-II,melanoma spectrum,malignant,Claude,cl,basal_cell_carcinoma_vs_rest,FALSE,FALSE,0.2,1
1400a56e8de2b64427acf3ba96895ded,2,I-II,melanoma spectrum,malignant,Claude,cl,squamous_cell_carcinoma_vs_rest,FALSE,FALSE,0,1
85f9b49f753224a9a20c6fb66169335b,2,I-II,melanoma spectrum,malignant,Claude,cl,malignant_vs_benign,TRUE,TRUE,0.65,1
85f9b49f753224a9a20c6fb66169335b,2,I-II,melanoma spectrum,malignant,Claude,cl,melanoma_vs_rest,TRUE,TRUE,0.65,1
85f9b49f753224a9a20c6fb66169335b,2,I-II,melanoma spectrum,malignant,Claude,cl,basal_cell_carcinoma_vs_rest,FALSE,FALSE,0,1
85f9b49f753224a9a20c6fb66169335b,2,I-II,melanoma spectrum,malignant,Claude,cl,squamous_cell_carcinoma_vs_rest,FALSE,FALSE,0,1
40322591e45e91f55f0ba4daff917d1f,2,I-II,melanoma spectrum,malignant,Claude,cl,malignant_vs_benign,TRUE,TRUE,0.5,1
40322591e45e91f55f0ba4daff917d1f,2,I-II,melanoma spectrum,malignant,Claude,cl,melanoma_vs_rest,TRUE,TRUE,0.5,1
40322591e45e91f55f0ba4daff917d1f,2,I-II,melanoma spectrum,malignant,Claude,cl,basal_cell_carcinoma_vs_rest,FALSE,FALSE,0,1
40322591e45e91f55f0ba4daff917d1f,2,I-II,melanoma spectrum,malignant,Claude,cl,squamous_cell_carcinoma_vs_rest,FALSE,FALSE,0,1
098d28da6fe1db559126d701d74fc8e0,2,I-II,melanoma spectrum,malignant,Claude,cl,malignant_vs_benign,TRUE,TRUE,0.65,1
098d28da6fe1db559126d701d74fc8e0,2,I-II,melanoma spectrum,malignant,Claude,cl,melanoma_vs_rest,TRUE,TRUE,0.65,1
098d28da6fe1db559126d701d74fc8e0,2,I-II,melanoma spectrum,malignant,Claude,cl,basal_cell_carcinoma_vs_rest,FALSE,FALSE,0,1
098d28da6fe1db559126d701d74fc8e0,2,I-II,melanoma spectrum,malignant,Claude,cl,squamous_cell_carcinoma_vs_rest,FALSE,FALSE,0,1
f0758a39abe4ef22f174aa6e68689459,3,III-IV,melanoma spectrum,malignant,Claude,cl,malignant_vs_benign,TRUE,TRUE,0.65,1
f0758a39abe4ef22f174aa6e68689459,3,III-IV,melanoma spectrum,malignant,Claude,cl,melanoma_vs_rest,TRUE,FALSE,0,0
f0758a39abe4ef22f174aa6e68689459,3,III-IV,melanoma spectrum,malignant,Claude,cl,basal_cell_carcinoma_vs_rest,FALSE,FALSE,0,1
f0758a39abe4ef22f174aa6e68689459,3,III-IV,melanoma spectrum,malignant,Claude,cl,squamous_cell_carcinoma_vs_rest,FALSE,FALSE,0,1
6c01e05cf7c76a641b92bb4b7383d27b,3,III-IV,melanoma spectrum,malignant,Claude,cl,malignant_vs_benign,TRUE,TRUE,0.55,1
6c01e05cf7c76a641b92bb4b7383d27b,3,III-IV,melanoma spectrum,malignant,Claude,cl,melanoma_vs_rest,TRUE,FALSE,0,0
6c01e05cf7c76a641b92bb4b7383d27b,3,III-IV,melanoma spectrum,malignant,Claude,cl,basal_cell_carcinoma_vs_rest,FALSE,FALSE,0,1
6c01e05cf7c76a641b92bb4b7383d27b,3,III-IV,melanoma spectrum,malignant,Claude,cl,squamous_cell_carcinoma_vs_rest,FALSE,FALSE,0,1
bfb6b1bace873ed26a0f69d6bfde27ba,3,III-IV,melanoma spectrum,malignant,Claude,cl,malignant_vs_benign,TRUE,TRUE,0.5,1
bfb6b1bace873ed26a0f69d6bfde27ba,3,III-IV,melanoma spectrum,malignant,Claude,cl,melanoma_vs_rest,TRUE,TRUE,0.5,1
bfb6b1bace873ed26a0f69d6bfde27ba,3,III-IV,melanoma spectrum,malignant,Claude,cl,basal_cell_carcinoma_vs_rest,FALSE,FALSE,0,1
bfb6b1bace873ed26a0f69d6bfde27ba,3,III-IV,melanoma spectrum,malignant,Claude,cl,squamous_cell_carcinoma_vs_rest,FALSE,FALSE,0,1
16732968b8b8bf0e9dc529bb65031adf,3,III-IV,melanoma spectrum,malignant,Claude,cl,malignant_vs_benign,TRUE,FALSE,0.35,0
16732968b8b8bf0e9dc529bb65031adf,3,III-IV,melanoma spectrum,malignant,Claude,cl,melanoma_vs_rest,TRUE,FALSE,0,0
16732968b8b8bf0e9dc529bb65031adf,3,III-IV,melanoma spectrum,malignant,Claude,cl,basal_cell_carcinoma_vs_rest,FALSE,FALSE,0.2,1
16732968b8b8bf0e9dc529bb65031adf,3,III-IV,melanoma spectrum,malignant,Claude,cl,squamous_cell_carcinoma_vs_rest,FALSE,FALSE,0,1
38c5bd7619923f1297d3b49cebd1bd85,3,III-IV,melanoma spectrum,malignant,Claude,cl,malignant_vs_benign,TRUE,TRUE,0.65,1
38c5bd7619923f1297d3b49cebd1bd85,3,III-IV,melanoma spectrum,malignant,Claude,cl,melanoma_vs_rest,TRUE,TRUE,0.65,1
38c5bd7619923f1297d3b49cebd1bd85,3,III-IV,melanoma spectrum,malignant,Claude,cl,basal_cell_carcinoma_vs_rest,FALSE,FALSE,0.15,1
38c5bd7619923f1297d3b49cebd1bd85,3,III-IV,melanoma spectrum,malignant,Claude,cl,squamous_cell_carcinoma_vs_rest,FALSE,FALSE,0,1
079c3dd9e4b48d119bcdcfc024558128,3,III-IV,melanoma spectrum,malignant,Claude,cl,malignant_vs_benign,TRUE,TRUE,0.55,1
079c3dd9e4b48d119bcdcfc024558128,3,III-IV,melanoma spectrum,malignant,Claude,cl,melanoma_vs_rest,TRUE,FALSE,0,0
079c3dd9e4b48d119bcdcfc024558128,3,III-IV,melanoma spectrum,malignant,Claude,cl,basal_cell_carcinoma_vs_rest,FALSE,FALSE,0,1
079c3dd9e4b48d119bcdcfc024558128,3,III-IV,melanoma spectrum,malignant,Claude,cl,squamous_cell_carcinoma_vs_rest,FALSE,FALSE,0,1
2004c88f0aba56122257c4f71e67c719,3,III-IV,melanoma spectrum,malignant,Claude,cl,malignant_vs_benign,TRUE,TRUE,0.6,1
2004c88f0aba56122257c4f71e67c719,3,III-IV,melanoma spectrum,malignant,Claude,cl,melanoma_vs_rest,TRUE,FALSE,0,0
2004c88f0aba56122257c4f71e67c719,3,III-IV,melanoma spectrum,malignant,Claude,cl,basal_cell_carcinoma_vs_rest,FALSE,FALSE,0,1
2004c88f0aba56122257c4f71e67c719,3,III-IV,melanoma spectrum,malignant,Claude,cl,squamous_cell_carcinoma_vs_rest,FALSE,FALSE,0,1
6744db78a0f5c8b6a5ce65df24cb7473,3,III-IV,melanoma spectrum,malignant,Claude,cl,malignant_vs_benign,TRUE,TRUE,0.75,1
6744db78a0f5c8b6a5ce65df24cb7473,3,III-IV,melanoma spectrum,malignant,Claude,cl,melanoma_vs_rest,TRUE,TRUE,0.75,1
6744db78a0f5c8b6a5ce65df24cb7473,3,III-IV,melanoma spectrum,malignant,Claude,cl,basal_cell_carcinoma_vs_rest,FALSE,FALSE,0,1
6744db78a0f5c8b6a5ce65df24cb7473,3,III-IV,melanoma spectrum,malignant,Claude,cl,squamous_cell_carcinoma_vs_rest,FALSE,FALSE,0.1,1
68528c33db3fc238d183b5d2c14d6f75,3,III-IV,melanoma spectrum,malignant,Claude,cl,malignant_vs_benign,TRUE,TRUE,0.5,1
68528c33db3fc238d183b5d2c14d6f75,3,III-IV,melanoma spectrum,malignant,Claude,cl,melanoma_vs_rest,TRUE,TRUE,0.5,1
68528c33db3fc238d183b5d2c14d6f75,3,III-IV,melanoma spectrum,malignant,Claude,cl,basal_cell_carcinoma_vs_rest,FALSE,FALSE,0,1
68528c33db3fc238d183b5d2c14d6f75,3,III-IV,melanoma spectrum,malignant,Claude,cl,squamous_cell_carcinoma_vs_rest,FALSE,FALSE,0,1
80af44814ea5730ac2e9ba49971ed054,3,III-IV,melanoma spectrum,malignant,Claude,cl,malignant_vs_benign,TRUE,FALSE,0.4,0
80af44814ea5730ac2e9ba49971ed054,3,III-IV,melanoma spectrum,malignant,Claude,cl,melanoma_vs_rest,TRUE,FALSE,0.4,0
80af44814ea5730ac2e9ba49971ed054,3,III-IV,melanoma spectrum,malignant,Claude,cl,basal_cell_carcinoma_vs_rest,FALSE,FALSE,0,1
80af44814ea5730ac2e9ba49971ed054,3,III-IV,melanoma spectrum,malignant,Claude,cl,squamous_cell_carcinoma_vs_rest,FALSE,FALSE,0,1
031906ece1abcde6af5ef82780ea3034,4,III-IV,melanoma spectrum,malignant,Claude,cl,malignant_vs_benign,TRUE,TRUE,0.65,1
031906ece1abcde6af5ef82780ea3034,4,III-IV,melanoma spectrum,malignant,Claude,cl,melanoma_vs_rest,TRUE,TRUE,0.65,1
031906ece1abcde6af5ef82780ea3034,4,III-IV,melanoma spectrum,malignant,Claude,cl,basal_cell_carcinoma_vs_rest,FALSE,FALSE,0.15,1
031906ece1abcde6af5ef82780ea3034,4,III-IV,melanoma spectrum,malignant,Claude,cl,squamous_cell_carcinoma_vs_rest,FALSE,FALSE,0,1
44dd09cec3d8e1a42c64235346e4d062,4,III-IV,melanoma spectrum,malignant,Claude,cl,malignant_vs_benign,TRUE,TRUE,0.7,1
44dd09cec3d8e1a42c64235346e4d062,4,III-IV,melanoma spectrum,malignant,Claude,cl,melanoma_vs_rest,TRUE,TRUE,0.7,1
44dd09cec3d8e1a42c64235346e4d062,4,III-IV,melanoma spectrum,malignant,Claude,cl,basal_cell_carcinoma_vs_rest,FALSE,FALSE,0.1,1
44dd09cec3d8e1a42c64235346e4d062,4,III-IV,melanoma spectrum,malignant,Claude,cl,squamous_cell_carcinoma_vs_rest,FALSE,FALSE,0,1
1d78d91cb196cb45b40c615cbf7a94ff,4,III-IV,melanoma spectrum,malignant,Claude,cl,malignant_vs_benign,TRUE,TRUE,0.7,1
1d78d91cb196cb45b40c615cbf7a94ff,4,III-IV,melanoma spectrum,malignant,Claude,cl,melanoma_vs_rest,TRUE,TRUE,0.7,1
1d78d91cb196cb45b40c615cbf7a94ff,4,III-IV,melanoma spectrum,malignant,Claude,cl,basal_cell_carcinoma_vs_rest,FALSE,FALSE,0,1
1d78d91cb196cb45b40c615cbf7a94ff,4,III-IV,melanoma spectrum,malignant,Claude,cl,squamous_cell_carcinoma_vs_rest,FALSE,FALSE,0,1
25f0286ffedff3a8a17bcdb8f220cdaf,4,III-IV,melanoma spectrum,malignant,Claude,cl,malignant_vs_benign,TRUE,FALSE,0.25,0
25f0286ffedff3a8a17bcdb8f220cdaf,4,III-IV,melanoma spectrum,malignant,Claude,cl,melanoma_vs_rest,TRUE,FALSE,0.25,0
25f0286ffedff3a8a17bcdb8f220cdaf,4,III-IV,melanoma spectrum,malignant,Claude,cl,basal_cell_carcinoma_vs_rest,FALSE,FALSE,0,1
25f0286ffedff3a8a17bcdb8f220cdaf,4,III-IV,melanoma spectrum,malignant,Claude,cl,squamous_cell_carcinoma_vs_rest,FALSE,FALSE,0,1
30559e9ff81800fcc4e2819d89988b88,4,III-IV,melanoma spectrum,malignant,Claude,cl,malignant_vs_benign,TRUE,TRUE,0.75,1
30559e9ff81800fcc4e2819d89988b88,4,III-IV,melanoma spectrum,malignant,Claude,cl,melanoma_vs_rest,TRUE,TRUE,0.75,1
30559e9ff81800fcc4e2819d89988b88,4,III-IV,melanoma spectrum,malignant,Claude,cl,basal_cell_carcinoma_vs_rest,FALSE,FALSE,0,1
30559e9ff81800fcc4e2819d89988b88,4,III-IV,melanoma spectrum,malignant,Claude,cl,squamous_cell_carcinoma_vs_rest,FALSE,FALSE,0,1
3b36608c5ee59c5c9d86d64fb5309007,4,III-IV,melanoma spectrum,malignant,Claude,cl,malignant_vs_benign,TRUE,TRUE,0.65,1
3b36608c5ee59c5c9d86d64fb5309007,4,III-IV,melanoma spectrum,malignant,Claude,cl,melanoma_vs_rest,TRUE,TRUE,0.65,1
3b36608c5ee59c5c9d86d64fb5309007,4,III-IV,melanoma spectrum,malignant,Claude,cl,basal_cell_carcinoma_vs_rest,FALSE,FALSE,0,1
3b36608c5ee59c5c9d86d64fb5309007,4,III-IV,melanoma spectrum,malignant,Claude,cl,squamous_cell_carcinoma_vs_rest,FALSE,FALSE,0,1
3f014488acf61087ab152f8dc5fac8b3,4,III-IV,melanoma spectrum,malignant,Claude,cl,malignant_vs_benign,TRUE,TRUE,0.6,1
3f014488acf61087ab152f8dc5fac8b3,4,III-IV,melanoma spectrum,malignant,Claude,cl,melanoma_vs_rest,TRUE,FALSE,0,0
3f014488acf61087ab152f8dc5fac8b3,4,III-IV,melanoma spectrum,malignant,Claude,cl,basal_cell_carcinoma_vs_rest,FALSE,TRUE,0.6,0
3f014488acf61087ab152f8dc5fac8b3,4,III-IV,melanoma spectrum,malignant,Claude,cl,squamous_cell_carcinoma_vs_rest,FALSE,FALSE,0.15,1
e64bc4a3e3dfc2db301f0b8c64253da5,4,III-IV,melanoma spectrum,malignant,Claude,cl,malignant_vs_benign,TRUE,TRUE,0.65,1
e64bc4a3e3dfc2db301f0b8c64253da5,4,III-IV,melanoma spectrum,malignant,Claude,cl,melanoma_vs_rest,TRUE,TRUE,0.65,1
e64bc4a3e3dfc2db301f0b8c64253da5,4,III-IV,melanoma spectrum,malignant,Claude,cl,basal_cell_carcinoma_vs_rest,FALSE,FALSE,0,1
e64bc4a3e3dfc2db301f0b8c64253da5,4,III-IV,melanoma spectrum,malignant,Claude,cl,squamous_cell_carcinoma_vs_rest,FALSE,FALSE,0,1
00f1b7bb9581e91250a2bb224c3321b8,4,III-IV,melanoma spectrum,malignant,Claude,cl,malignant_vs_benign,TRUE,TRUE,0.5,1
00f1b7bb9581e91250a2bb224c3321b8,4,III-IV,melanoma spectrum,malignant,Claude,cl,melanoma_vs_rest,TRUE,TRUE,0.5,1
00f1b7bb9581e91250a2bb224c3321b8,4,III-IV,melanoma spectrum,malignant,Claude,cl,basal_cell_carcinoma_vs_rest,FALSE,FALSE,0,1
00f1b7bb9581e91250a2bb224c3321b8,4,III-IV,melanoma spectrum,malignant,Claude,cl,squamous_cell_carcinoma_vs_rest,FALSE,FALSE,0,1
be813befb6f1f53ce07c77838af159ea,4,III-IV,melanoma spectrum,malignant,Claude,cl,malignant_vs_benign,TRUE,TRUE,0.7,1
be813befb6f1f53ce07c77838af159ea,4,III-IV,melanoma spectrum,malignant,Claude,cl,melanoma_vs_rest,TRUE,TRUE,0.7,1
be813befb6f1f53ce07c77838af159ea,4,III-IV,melanoma spectrum,malignant,Claude,cl,basal_cell_carcinoma_vs_rest,FALSE,FALSE,0,1
be813befb6f1f53ce07c77838af159ea,4,III-IV,melanoma spectrum,malignant,Claude,cl,squamous_cell_carcinoma_vs_rest,FALSE,FALSE,0,1
0d8457afebb67905127da37baece43d8,5,V-VI,melanoma spectrum,malignant,Claude,cl,malignant_vs_benign,TRUE,TRUE,0.7,1
0d8457afebb67905127da37baece43d8,5,V-VI,melanoma spectrum,malignant,Claude,cl,melanoma_vs_rest,TRUE,TRUE,0.7,1
0d8457afebb67905127da37baece43d8,5,V-VI,melanoma spectrum,malignant,Claude,cl,basal_cell_carcinoma_vs_rest,FALSE,FALSE,0,1
0d8457afebb67905127da37baece43d8,5,V-VI,melanoma spectrum,malignant,Claude,cl,squamous_cell_carcinoma_vs_rest,FALSE,FALSE,0,1
1d8fcc49e4dda6868fcf76916fc14405,5,V-VI,melanoma spectrum,malignant,Claude,cl,malignant_vs_benign,TRUE,TRUE,0.65,1
1d8fcc49e4dda6868fcf76916fc14405,5,V-VI,melanoma spectrum,malignant,Claude,cl,melanoma_vs_rest,TRUE,FALSE,0,0
1d8fcc49e4dda6868fcf76916fc14405,5,V-VI,melanoma spectrum,malignant,Claude,cl,basal_cell_carcinoma_vs_rest,FALSE,FALSE,0,1
1d8fcc49e4dda6868fcf76916fc14405,5,V-VI,melanoma spectrum,malignant,Claude,cl,squamous_cell_carcinoma_vs_rest,FALSE,FALSE,0,1
1ef72998789229d4659d564ba15e7432,5,V-VI,melanoma spectrum,malignant,Claude,cl,malignant_vs_benign,TRUE,FALSE,0,0
1ef72998789229d4659d564ba15e7432,5,V-VI,melanoma spectrum,malignant,Claude,cl,melanoma_vs_rest,TRUE,FALSE,0,0
1ef72998789229d4659d564ba15e7432,5,V-VI,melanoma spectrum,malignant,Claude,cl,basal_cell_carcinoma_vs_rest,FALSE,FALSE,0,1
1ef72998789229d4659d564ba15e7432,5,V-VI,melanoma spectrum,malignant,Claude,cl,squamous_cell_carcinoma_vs_rest,FALSE,FALSE,0,1
37de8e0406609884c1140bf660798d40,5,V-VI,melanoma spectrum,malignant,Claude,cl,malignant_vs_benign,TRUE,TRUE,0.6,1
37de8e0406609884c1140bf660798d40,5,V-VI,melanoma spectrum,malignant,Claude,cl,melanoma_vs_rest,TRUE,TRUE,0.6,1
37de8e0406609884c1140bf660798d40,5,V-VI,melanoma spectrum,malignant,Claude,cl,basal_cell_carcinoma_vs_rest,FALSE,FALSE,0,1
37de8e0406609884c1140bf660798d40,5,V-VI,melanoma spectrum,malignant,Claude,cl,squamous_cell_carcinoma_vs_rest,FALSE,FALSE,0,1
3edf305f280a7b9753a141631b8f3ad9,5,V-VI,melanoma spectrum,malignant,Claude,cl,malignant_vs_benign,TRUE,TRUE,0.7,1
3edf305f280a7b9753a141631b8f3ad9,5,V-VI,melanoma spectrum,malignant,Claude,cl,melanoma_vs_rest,TRUE,TRUE,0.7,1
3edf305f280a7b9753a141631b8f3ad9,5,V-VI,melanoma spectrum,malignant,Claude,cl,basal_cell_carcinoma_vs_rest,FALSE,FALSE,0,1
3edf305f280a7b9753a141631b8f3ad9,5,V-VI,melanoma spectrum,malignant,Claude,cl,squamous_cell_carcinoma_vs_rest,FALSE,FALSE,0,1
7041e0d82e0d554237bd1e6dc886a81f,5,V-VI,melanoma spectrum,malignant,Claude,cl,malignant_vs_benign,TRUE,TRUE,0.65,1
7041e0d82e0d554237bd1e6dc886a81f,5,V-VI,melanoma spectrum,malignant,Claude,cl,melanoma_vs_rest,TRUE,TRUE,0.65,1
7041e0d82e0d554237bd1e6dc886a81f,5,V-VI,melanoma spectrum,malignant,Claude,cl,basal_cell_carcinoma_vs_rest,FALSE,FALSE,0.1,1
7041e0d82e0d554237bd1e6dc886a81f,5,V-VI,melanoma spectrum,malignant,Claude,cl,squamous_cell_carcinoma_vs_rest,FALSE,FALSE,0,1
7d4182584c503100338e00b7b46bcc4b,5,V-VI,melanoma spectrum,malignant,Claude,cl,malignant_vs_benign,TRUE,FALSE,0,0
7d4182584c503100338e00b7b46bcc4b,5,V-VI,melanoma spectrum,malignant,Claude,cl,melanoma_vs_rest,TRUE,FALSE,0,0
7d4182584c503100338e00b7b46bcc4b,5,V-VI,melanoma spectrum,malignant,Claude,cl,basal_cell_carcinoma_vs_rest,FALSE,FALSE,0,1
7d4182584c503100338e00b7b46bcc4b,5,V-VI,melanoma spectrum,malignant,Claude,cl,squamous_cell_carcinoma_vs_rest,FALSE,FALSE,0,1
a9f949191444e250146b49ff8c95c6ac,5,V-VI,melanoma spectrum,malignant,Claude,cl,malignant_vs_benign,TRUE,FALSE,0.35,0
a9f949191444e250146b49ff8c95c6ac,5,V-VI,melanoma spectrum,malignant,Claude,cl,melanoma_vs_rest,TRUE,FALSE,0.35,0
a9f949191444e250146b49ff8c95c6ac,5,V-VI,melanoma spectrum,malignant,Claude,cl,basal_cell_carcinoma_vs_rest,FALSE,FALSE,0,1
a9f949191444e250146b49ff8c95c6ac,5,V-VI,melanoma spectrum,malignant,Claude,cl,squamous_cell_carcinoma_vs_rest,FALSE,FALSE,0,1
ac04675f4d3943dfcfadd5284c60ef20,5,V-VI,melanoma spectrum,malignant,Claude,cl,malignant_vs_benign,TRUE,TRUE,0.65,1
ac04675f4d3943dfcfadd5284c60ef20,5,V-VI,melanoma spectrum,malignant,Claude,cl,melanoma_vs_rest,TRUE,TRUE,0.65,1
ac04675f4d3943dfcfadd5284c60ef20,5,V-VI,melanoma spectrum,malignant,Claude,cl,basal_cell_carcinoma_vs_rest,FALSE,FALSE,0,1
ac04675f4d3943dfcfadd5284c60ef20,5,V-VI,melanoma spectrum,malignant,Claude,cl,squamous_cell_carcinoma_vs_rest,FALSE,FALSE,0,1
d4862d1b866e2c536dde339f60de4f0d,5,V-VI,melanoma spectrum,malignant,Claude,cl,malignant_vs_benign,TRUE,TRUE,0.5,1
d4862d1b866e2c536dde339f60de4f0d,5,V-VI,melanoma spectrum,malignant,Claude,cl,melanoma_vs_rest,TRUE,FALSE,0,0
d4862d1b866e2c536dde339f60de4f0d,5,V-VI,melanoma spectrum,malignant,Claude,cl,basal_cell_carcinoma_vs_rest,FALSE,FALSE,0.1,1
d4862d1b866e2c536dde339f60de4f0d,5,V-VI,melanoma spectrum,malignant,Claude,cl,squamous_cell_carcinoma_vs_rest,FALSE,FALSE,0.4,1
eab91c11e20398a89c454717dc5eaa94,5,V-VI,melanoma spectrum,malignant,Claude,cl,malignant_vs_benign,TRUE,FALSE,0.3,0
eab91c11e20398a89c454717dc5eaa94,5,V-VI,melanoma spectrum,malignant,Claude,cl,melanoma_vs_rest,TRUE,FALSE,0,0
eab91c11e20398a89c454717dc5eaa94,5,V-VI,melanoma spectrum,malignant,Claude,cl,basal_cell_carcinoma_vs_rest,FALSE,FALSE,0,1
eab91c11e20398a89c454717dc5eaa94,5,V-VI,melanoma spectrum,malignant,Claude,cl,squamous_cell_carcinoma_vs_rest,FALSE,FALSE,0,1
02f11821915d67f20fb15a8e8b96c1d3,6,V-VI,melanoma spectrum,malignant,Claude,cl,malignant_vs_benign,TRUE,FALSE,0.3,0
02f11821915d67f20fb15a8e8b96c1d3,6,V-VI,melanoma spectrum,malignant,Claude,cl,melanoma_vs_rest,TRUE,FALSE,0.25,0
02f11821915d67f20fb15a8e8b96c1d3,6,V-VI,melanoma spectrum,malignant,Claude,cl,basal_cell_carcinoma_vs_rest,FALSE,FALSE,0,1
02f11821915d67f20fb15a8e8b96c1d3,6,V-VI,melanoma spectrum,malignant,Claude,cl,squamous_cell_carcinoma_vs_rest,FALSE,FALSE,0,1
3b24865e842419e4efc3fb909c633077,6,V-VI,melanoma spectrum,malignant,Claude,cl,malignant_vs_benign,TRUE,FALSE,0.3,0
3b24865e842419e4efc3fb909c633077,6,V-VI,melanoma spectrum,malignant,Claude,cl,melanoma_vs_rest,TRUE,FALSE,0,0
3b24865e842419e4efc3fb909c633077,6,V-VI,melanoma spectrum,malignant,Claude,cl,basal_cell_carcinoma_vs_rest,FALSE,FALSE,0,1
3b24865e842419e4efc3fb909c633077,6,V-VI,melanoma spectrum,malignant,Claude,cl,squamous_cell_carcinoma_vs_rest,FALSE,FALSE,0,1
454e68bf5705eabf0f4d28fc1dbd77be,6,V-VI,melanoma spectrum,malignant,Claude,cl,malignant_vs_benign,TRUE,TRUE,0.65,1
454e68bf5705eabf0f4d28fc1dbd77be,6,V-VI,melanoma spectrum,malignant,Claude,cl,melanoma_vs_rest,TRUE,TRUE,0.65,1
454e68bf5705eabf0f4d28fc1dbd77be,6,V-VI,melanoma spectrum,malignant,Claude,cl,basal_cell_carcinoma_vs_rest,FALSE,FALSE,0.15,1
454e68bf5705eabf0f4d28fc1dbd77be,6,V-VI,melanoma spectrum,malignant,Claude,cl,squamous_cell_carcinoma_vs_rest,FALSE,FALSE,0,1
4ab4fa98f5acf7ec42886917128df401,6,V-VI,melanoma spectrum,malignant,Claude,cl,malignant_vs_benign,TRUE,TRUE,0.6,1
4ab4fa98f5acf7ec42886917128df401,6,V-VI,melanoma spectrum,malignant,Claude,cl,melanoma_vs_rest,TRUE,TRUE,0.6,1
4ab4fa98f5acf7ec42886917128df401,6,V-VI,melanoma spectrum,malignant,Claude,cl,basal_cell_carcinoma_vs_rest,FALSE,FALSE,0,1
4ab4fa98f5acf7ec42886917128df401,6,V-VI,melanoma spectrum,malignant,Claude,cl,squamous_cell_carcinoma_vs_rest,FALSE,FALSE,0.15,1
4c3f795cf8eb72b946f9bd2642cf23c1,6,V-VI,melanoma spectrum,malignant,Claude,cl,malignant_vs_benign,TRUE,TRUE,0.7,1
4c3f795cf8eb72b946f9bd2642cf23c1,6,V-VI,melanoma spectrum,malignant,Claude,cl,melanoma_vs_rest,TRUE,TRUE,0.7,1
4c3f795cf8eb72b946f9bd2642cf23c1,6,V-VI,melanoma spectrum,malignant,Claude,cl,basal_cell_carcinoma_vs_rest,FALSE,FALSE,0,1
4c3f795cf8eb72b946f9bd2642cf23c1,6,V-VI,melanoma spectrum,malignant,Claude,cl,squamous_cell_carcinoma_vs_rest,FALSE,FALSE,0,1
617f9ddb778028f305520a92ac052c68,6,V-VI,melanoma spectrum,malignant,Claude,cl,malignant_vs_benign,TRUE,TRUE,0.65,1
617f9ddb778028f305520a92ac052c68,6,V-VI,melanoma spectrum,malignant,Claude,cl,melanoma_vs_rest,TRUE,TRUE,0.65,1
617f9ddb778028f305520a92ac052c68,6,V-VI,melanoma spectrum,malignant,Claude,cl,basal_cell_carcinoma_vs_rest,FALSE,FALSE,0,1
617f9ddb778028f305520a92ac052c68,6,V-VI,melanoma spectrum,malignant,Claude,cl,squamous_cell_carcinoma_vs_rest,FALSE,FALSE,0,1
a177a5fc4b0e7033c39fb4f2503279ab,6,V-VI,melanoma spectrum,malignant,Claude,cl,malignant_vs_benign,TRUE,TRUE,0.7,1
a177a5fc4b0e7033c39fb4f2503279ab,6,V-VI,melanoma spectrum,malignant,Claude,cl,melanoma_vs_rest,TRUE,TRUE,0.7,1
a177a5fc4b0e7033c39fb4f2503279ab,6,V-VI,melanoma spectrum,malignant,Claude,cl,basal_cell_carcinoma_vs_rest,FALSE,FALSE,0,1
a177a5fc4b0e7033c39fb4f2503279ab,6,V-VI,melanoma spectrum,malignant,Claude,cl,squamous_cell_carcinoma_vs_rest,FALSE,FALSE,0,1
b22e94f7e5cde4d33adf24245ea5faf2,6,V-VI,melanoma spectrum,malignant,Claude,cl,malignant_vs_benign,TRUE,FALSE,0,0
b22e94f7e5cde4d33adf24245ea5faf2,6,V-VI,melanoma spectrum,malignant,Claude,cl,melanoma_vs_rest,TRUE,FALSE,0,0
b22e94f7e5cde4d33adf24245ea5faf2,6,V-VI,melanoma spectrum,malignant,Claude,cl,basal_cell_carcinoma_vs_rest,FALSE,FALSE,0,1
b22e94f7e5cde4d33adf24245ea5faf2,6,V-VI,melanoma spectrum,malignant,Claude,cl,squamous_cell_carcinoma_vs_rest,FALSE,FALSE,0,1
d10722216af2bab5bfc450259169f9fe,6,V-VI,melanoma spectrum,malignant,Claude,cl,malignant_vs_benign,TRUE,TRUE,0.55,1
d10722216af2bab5bfc450259169f9fe,6,V-VI,melanoma spectrum,malignant,Claude,cl,melanoma_vs_rest,TRUE,FALSE,0.25,0
d10722216af2bab5bfc450259169f9fe,6,V-VI,melanoma spectrum,malignant,Claude,cl,basal_cell_carcinoma_vs_rest,FALSE,FALSE,0,1
d10722216af2bab5bfc450259169f9fe,6,V-VI,melanoma spectrum,malignant,Claude,cl,squamous_cell_carcinoma_vs_rest,FALSE,FALSE,0,1
04ff8956172642998a8edbcaa0960f09,1,I-II,benign nevus,benign,Claude,cl,malignant_vs_benign,FALSE,FALSE,0,1
04ff8956172642998a8edbcaa0960f09,1,I-II,benign nevus,benign,Claude,cl,melanoma_vs_rest,FALSE,FALSE,0,1
04ff8956172642998a8edbcaa0960f09,1,I-II,benign nevus,benign,Claude,cl,basal_cell_carcinoma_vs_rest,FALSE,FALSE,0,1
04ff8956172642998a8edbcaa0960f09,1,I-II,benign nevus,benign,Claude,cl,squamous_cell_carcinoma_vs_rest,FALSE,FALSE,0,1
6135408e7729eb1deb0711446ecc4883,1,I-II,benign nevus,benign,Claude,cl,malignant_vs_benign,FALSE,FALSE,0,1
6135408e7729eb1deb0711446ecc4883,1,I-II,benign nevus,benign,Claude,cl,melanoma_vs_rest,FALSE,FALSE,0,1
6135408e7729eb1deb0711446ecc4883,1,I-II,benign nevus,benign,Claude,cl,basal_cell_carcinoma_vs_rest,FALSE,FALSE,0,1
6135408e7729eb1deb0711446ecc4883,1,I-II,benign nevus,benign,Claude,cl,squamous_cell_carcinoma_vs_rest,FALSE,FALSE,0,1
67a5980c2855fb037a812e716dc911ca,1,I-II,benign nevus,benign,Claude,cl,malignant_vs_benign,FALSE,FALSE,0,1
67a5980c2855fb037a812e716dc911ca,1,I-II,benign nevus,benign,Claude,cl,melanoma_vs_rest,FALSE,FALSE,0,1
67a5980c2855fb037a812e716dc911ca,1,I-II,benign nevus,benign,Claude,cl,basal_cell_carcinoma_vs_rest,FALSE,FALSE,0,1
67a5980c2855fb037a812e716dc911ca,1,I-II,benign nevus,benign,Claude,cl,squamous_cell_carcinoma_vs_rest,FALSE,FALSE,0,1
7edd1ea64cd58993db33eb7f63c9e23b,1,I-II,benign nevus,benign,Claude,cl,malignant_vs_benign,FALSE,FALSE,0,1
7edd1ea64cd58993db33eb7f63c9e23b,1,I-II,benign nevus,benign,Claude,cl,melanoma_vs_rest,FALSE,FALSE,0,1
7edd1ea64cd58993db33eb7f63c9e23b,1,I-II,benign nevus,benign,Claude,cl,basal_cell_carcinoma_vs_rest,FALSE,FALSE,0,1
7edd1ea64cd58993db33eb7f63c9e23b,1,I-II,benign nevus,benign,Claude,cl,squamous_cell_carcinoma_vs_rest,FALSE,FALSE,0,1
8169683ac60b87ed3de3870d8a5e1c19,1,I-II,benign nevus,benign,Claude,cl,malignant_vs_benign,FALSE,FALSE,0,1
8169683ac60b87ed3de3870d8a5e1c19,1,I-II,benign nevus,benign,Claude,cl,melanoma_vs_rest,FALSE,FALSE,0,1
8169683ac60b87ed3de3870d8a5e1c19,1,I-II,benign nevus,benign,Claude,cl,basal_cell_carcinoma_vs_rest,FALSE,FALSE,0,1
8169683ac60b87ed3de3870d8a5e1c19,1,I-II,benign nevus,benign,Claude,cl,squamous_cell_carcinoma_vs_rest,FALSE,FALSE,0,1
870cc15be006f854b30fb4959bb54eae,1,I-II,benign nevus,benign,Claude,cl,malignant_vs_benign,FALSE,FALSE,0,1
870cc15be006f854b30fb4959bb54eae,1,I-II,benign nevus,benign,Claude,cl,melanoma_vs_rest,FALSE,FALSE,0,1
870cc15be006f854b30fb4959bb54eae,1,I-II,benign nevus,benign,Claude,cl,basal_cell_carcinoma_vs_rest,FALSE,FALSE,0,1
870cc15be006f854b30fb4959bb54eae,1,I-II,benign nevus,benign,Claude,cl,squamous_cell_carcinoma_vs_rest,FALSE,FALSE,0,1
886e41a00b7d754d53e7ecd9dec9058f,1,I-II,benign nevus,benign,Claude,cl,malignant_vs_benign,FALSE,FALSE,0,1
886e41a00b7d754d53e7ecd9dec9058f,1,I-II,benign nevus,benign,Claude,cl,melanoma_vs_rest,FALSE,FALSE,0,1
886e41a00b7d754d53e7ecd9dec9058f,1,I-II,benign nevus,benign,Claude,cl,basal_cell_carcinoma_vs_rest,FALSE,FALSE,0,1
886e41a00b7d754d53e7ecd9dec9058f,1,I-II,benign nevus,benign,Claude,cl,squamous_cell_carcinoma_vs_rest,FALSE,FALSE,0,1
9b80bb011a2ae3f741c6c1af12ec34e9,1,I-II,benign nevus,benign,Claude,cl,malignant_vs_benign,FALSE,FALSE,0,1
9b80bb011a2ae3f741c6c1af12ec34e9,1,I-II,benign nevus,benign,Claude,cl,melanoma_vs_rest,FALSE,FALSE,0,1
9b80bb011a2ae3f741c6c1af12ec34e9,1,I-II,benign nevus,benign,Claude,cl,basal_cell_carcinoma_vs_rest,FALSE,FALSE,0,1
9b80bb011a2ae3f741c6c1af12ec34e9,1,I-II,benign nevus,benign,Claude,cl,squamous_cell_carcinoma_vs_rest,FALSE,FALSE,0,1
b9e384f23afb5f3b9312668aebfc342f,1,I-II,benign nevus,benign,Claude,cl,malignant_vs_benign,FALSE,FALSE,0,1
b9e384f23afb5f3b9312668aebfc342f,1,I-II,benign nevus,benign,Claude,cl,melanoma_vs_rest,FALSE,FALSE,0,1
b9e384f23afb5f3b9312668aebfc342f,1,I-II,benign nevus,benign,Claude,cl,basal_cell_carcinoma_vs_rest,FALSE,FALSE,0,1
b9e384f23afb5f3b9312668aebfc342f,1,I-II,benign nevus,benign,Claude,cl,squamous_cell_carcinoma_vs_rest,FALSE,FALSE,0,1
c0a5c449ab3d9164f7558370210dadfb,1,I-II,benign nevus,benign,Claude,cl,malignant_vs_benign,FALSE,FALSE,0,1
c0a5c449ab3d9164f7558370210dadfb,1,I-II,benign nevus,benign,Claude,cl,melanoma_vs_rest,FALSE,FALSE,0,1
c0a5c449ab3d9164f7558370210dadfb,1,I-II,benign nevus,benign,Claude,cl,basal_cell_carcinoma_vs_rest,FALSE,FALSE,0,1
c0a5c449ab3d9164f7558370210dadfb,1,I-II,benign nevus,benign,Claude,cl,squamous_cell_carcinoma_vs_rest,FALSE,FALSE,0,1
d52c33f0ce4c9947fc062f4c95ab50f2,1,I-II,benign nevus,benign,Claude,cl,malignant_vs_benign,FALSE,FALSE,0,1
d52c33f0ce4c9947fc062f4c95ab50f2,1,I-II,benign nevus,benign,Claude,cl,melanoma_vs_rest,FALSE,FALSE,0,1
d52c33f0ce4c9947fc062f4c95ab50f2,1,I-II,benign nevus,benign,Claude,cl,basal_cell_carcinoma_vs_rest,FALSE,FALSE,0,1
d52c33f0ce4c9947fc062f4c95ab50f2,1,I-II,benign nevus,benign,Claude,cl,squamous_cell_carcinoma_vs_rest,FALSE,FALSE,0,1
1e8e1f523ca089efdeffd0244eec6c85,2,I-II,benign nevus,benign,Claude,cl,malignant_vs_benign,FALSE,FALSE,0,1
1e8e1f523ca089efdeffd0244eec6c85,2,I-II,benign nevus,benign,Claude,cl,melanoma_vs_rest,FALSE,FALSE,0,1
1e8e1f523ca089efdeffd0244eec6c85,2,I-II,benign nevus,benign,Claude,cl,basal_cell_carcinoma_vs_rest,FALSE,FALSE,0,1
1e8e1f523ca089efdeffd0244eec6c85,2,I-II,benign nevus,benign,Claude,cl,squamous_cell_carcinoma_vs_rest,FALSE,FALSE,0,1
49635d65d9bc4f7d605f912397ffb3ff,2,I-II,benign nevus,benign,Claude,cl,malignant_vs_benign,FALSE,FALSE,0,1
49635d65d9bc4f7d605f912397ffb3ff,2,I-II,benign nevus,benign,Claude,cl,melanoma_vs_rest,FALSE,FALSE,0,1
49635d65d9bc4f7d605f912397ffb3ff,2,I-II,benign nevus,benign,Claude,cl,basal_cell_carcinoma_vs_rest,FALSE,FALSE,0,1
49635d65d9bc4f7d605f912397ffb3ff,2,I-II,benign nevus,benign,Claude,cl,squamous_cell_carcinoma_vs_rest,FALSE,FALSE,0,1
67af6e2923e52eff436a013572b7088b,2,I-II,benign nevus,benign,Claude,cl,malignant_vs_benign,FALSE,TRUE,0.55,0
67af6e2923e52eff436a013572b7088b,2,I-II,benign nevus,benign,Claude,cl,melanoma_vs_rest,FALSE,FALSE,0,1
67af6e2923e52eff436a013572b7088b,2,I-II,benign nevus,benign,Claude,cl,basal_cell_carcinoma_vs_rest,FALSE,FALSE,0,1
67af6e2923e52eff436a013572b7088b,2,I-II,benign nevus,benign,Claude,cl,squamous_cell_carcinoma_vs_rest,FALSE,FALSE,0,1
7094ebc9834c1cbe6991ca9eb6f38c9a,2,I-II,benign nevus,benign,Claude,cl,malignant_vs_benign,FALSE,FALSE,0,1
7094ebc9834c1cbe6991ca9eb6f38c9a,2,I-II,benign nevus,benign,Claude,cl,melanoma_vs_rest,FALSE,FALSE,0,1
7094ebc9834c1cbe6991ca9eb6f38c9a,2,I-II,benign nevus,benign,Claude,cl,basal_cell_carcinoma_vs_rest,FALSE,FALSE,0,1
7094ebc9834c1cbe6991ca9eb6f38c9a,2,I-II,benign nevus,benign,Claude,cl,squamous_cell_carcinoma_vs_rest,FALSE,FALSE,0,1
70f0fd4d38ece05739370023a873cc10,2,I-II,benign nevus,benign,Claude,cl,malignant_vs_benign,FALSE,FALSE,0,1
70f0fd4d38ece05739370023a873cc10,2,I-II,benign nevus,benign,Claude,cl,melanoma_vs_rest,FALSE,FALSE,0,1
70f0fd4d38ece05739370023a873cc10,2,I-II,benign nevus,benign,Claude,cl,basal_cell_carcinoma_vs_rest,FALSE,FALSE,0,1
70f0fd4d38ece05739370023a873cc10,2,I-II,benign nevus,benign,Claude,cl,squamous_cell_carcinoma_vs_rest,FALSE,FALSE,0,1
731faa24d8d0b5dc3b266fdfaa0a3154,2,I-II,benign nevus,benign,Claude,cl,malignant_vs_benign,FALSE,FALSE,0,1
731faa24d8d0b5dc3b266fdfaa0a3154,2,I-II,benign nevus,benign,Claude,cl,melanoma_vs_rest,FALSE,FALSE,0,1
731faa24d8d0b5dc3b266fdfaa0a3154,2,I-II,benign nevus,benign,Claude,cl,basal_cell_carcinoma_vs_rest,FALSE,FALSE,0,1
731faa24d8d0b5dc3b266fdfaa0a3154,2,I-II,benign nevus,benign,Claude,cl,squamous_cell_carcinoma_vs_rest,FALSE,FALSE,0,1
7fcf488081345e8e4a3b2e3636900f70,2,I-II,benign nevus,benign,Claude,cl,malignant_vs_benign,FALSE,FALSE,0,1
7fcf488081345e8e4a3b2e3636900f70,2,I-II,benign nevus,benign,Claude,cl,melanoma_vs_rest,FALSE,FALSE,0,1
7fcf488081345e8e4a3b2e3636900f70,2,I-II,benign nevus,benign,Claude,cl,basal_cell_carcinoma_vs_rest,FALSE,FALSE,0,1
7fcf488081345e8e4a3b2e3636900f70,2,I-II,benign nevus,benign,Claude,cl,squamous_cell_carcinoma_vs_rest,FALSE,FALSE,0,1
d0bfab00dfa3c2c832ddf9e95ad23075,2,I-II,benign nevus,benign,Claude,cl,malignant_vs_benign,FALSE,FALSE,0,1
d0bfab00dfa3c2c832ddf9e95ad23075,2,I-II,benign nevus,benign,Claude,cl,melanoma_vs_rest,FALSE,FALSE,0,1
d0bfab00dfa3c2c832ddf9e95ad23075,2,I-II,benign nevus,benign,Claude,cl,basal_cell_carcinoma_vs_rest,FALSE,FALSE,0,1
d0bfab00dfa3c2c832ddf9e95ad23075,2,I-II,benign nevus,benign,Claude,cl,squamous_cell_carcinoma_vs_rest,FALSE,FALSE,0,1
e4e454f19f97b4438229aa58ead1d365,2,I-II,benign nevus,benign,Claude,cl,malignant_vs_benign,FALSE,FALSE,0,1
e4e454f19f97b4438229aa58ead1d365,2,I-II,benign nevus,benign,Claude,cl,melanoma_vs_rest,FALSE,FALSE,0,1
e4e454f19f97b4438229aa58ead1d365,2,I-II,benign nevus,benign,Claude,cl,basal_cell_carcinoma_vs_rest,FALSE,FALSE,0,1
e4e454f19f97b4438229aa58ead1d365,2,I-II,benign nevus,benign,Claude,cl,squamous_cell_carcinoma_vs_rest,FALSE,FALSE,0,1
f2a275f5f8fe396644e1601abfe356f9,2,I-II,benign nevus,benign,Claude,cl,malignant_vs_benign,FALSE,FALSE,0,1
f2a275f5f8fe396644e1601abfe356f9,2,I-II,benign nevus,benign,Claude,cl,melanoma_vs_rest,FALSE,FALSE,0,1
f2a275f5f8fe396644e1601abfe356f9,2,I-II,benign nevus,benign,Claude,cl,basal_cell_carcinoma_vs_rest,FALSE,FALSE,0,1
f2a275f5f8fe396644e1601abfe356f9,2,I-II,benign nevus,benign,Claude,cl,squamous_cell_carcinoma_vs_rest,FALSE,FALSE,0,1
50e884335df0cc38774797b1e3da724c,3,III-IV,benign nevus,benign,Claude,cl,malignant_vs_benign,FALSE,FALSE,0,1
50e884335df0cc38774797b1e3da724c,3,III-IV,benign nevus,benign,Claude,cl,melanoma_vs_rest,FALSE,FALSE,0,1
50e884335df0cc38774797b1e3da724c,3,III-IV,benign nevus,benign,Claude,cl,basal_cell_carcinoma_vs_rest,FALSE,FALSE,0,1
50e884335df0cc38774797b1e3da724c,3,III-IV,benign nevus,benign,Claude,cl,squamous_cell_carcinoma_vs_rest,FALSE,FALSE,0,1
7414a1d3b0319e921a73b2dbf874b7c9,3,III-IV,benign nevus,benign,Claude,cl,malignant_vs_benign,FALSE,FALSE,0,1
7414a1d3b0319e921a73b2dbf874b7c9,3,III-IV,benign nevus,benign,Claude,cl,melanoma_vs_rest,FALSE,FALSE,0,1
7414a1d3b0319e921a73b2dbf874b7c9,3,III-IV,benign nevus,benign,Claude,cl,basal_cell_carcinoma_vs_rest,FALSE,FALSE,0,1
7414a1d3b0319e921a73b2dbf874b7c9,3,III-IV,benign nevus,benign,Claude,cl,squamous_cell_carcinoma_vs_rest,FALSE,FALSE,0,1
773ad86674166846f5568c000bc394a1,3,III-IV,benign nevus,benign,Claude,cl,malignant_vs_benign,FALSE,FALSE,0,1
773ad86674166846f5568c000bc394a1,3,III-IV,benign nevus,benign,Claude,cl,melanoma_vs_rest,FALSE,FALSE,0,1
773ad86674166846f5568c000bc394a1,3,III-IV,benign nevus,benign,Claude,cl,basal_cell_carcinoma_vs_rest,FALSE,FALSE,0,1
773ad86674166846f5568c000bc394a1,3,III-IV,benign nevus,benign,Claude,cl,squamous_cell_carcinoma_vs_rest,FALSE,FALSE,0,1
8a3f07df6cf5f88cf06a9a2b0aa35422,3,III-IV,benign nevus,benign,Claude,cl,malignant_vs_benign,FALSE,FALSE,0,1
8a3f07df6cf5f88cf06a9a2b0aa35422,3,III-IV,benign nevus,benign,Claude,cl,melanoma_vs_rest,FALSE,FALSE,0,1
8a3f07df6cf5f88cf06a9a2b0aa35422,3,III-IV,benign nevus,benign,Claude,cl,basal_cell_carcinoma_vs_rest,FALSE,FALSE,0,1
8a3f07df6cf5f88cf06a9a2b0aa35422,3,III-IV,benign nevus,benign,Claude,cl,squamous_cell_carcinoma_vs_rest,FALSE,FALSE,0,1
bf099025b4eb00a75d473a3b366952f5,3,III-IV,benign nevus,benign,Claude,cl,malignant_vs_benign,FALSE,FALSE,0,1
bf099025b4eb00a75d473a3b366952f5,3,III-IV,benign nevus,benign,Claude,cl,melanoma_vs_rest,FALSE,FALSE,0,1
bf099025b4eb00a75d473a3b366952f5,3,III-IV,benign nevus,benign,Claude,cl,basal_cell_carcinoma_vs_rest,FALSE,FALSE,0,1
bf099025b4eb00a75d473a3b366952f5,3,III-IV,benign nevus,benign,Claude,cl,squamous_cell_carcinoma_vs_rest,FALSE,FALSE,0,1
c8c63f5f347e408981de99a00cbd255d,3,III-IV,benign nevus,benign,Claude,cl,malignant_vs_benign,FALSE,FALSE,0,1
c8c63f5f347e408981de99a00cbd255d,3,III-IV,benign nevus,benign,Claude,cl,melanoma_vs_rest,FALSE,FALSE,0,1
c8c63f5f347e408981de99a00cbd255d,3,III-IV,benign nevus,benign,Claude,cl,basal_cell_carcinoma_vs_rest,FALSE,FALSE,0,1
c8c63f5f347e408981de99a00cbd255d,3,III-IV,benign nevus,benign,Claude,cl,squamous_cell_carcinoma_vs_rest,FALSE,FALSE,0,1
d1603db4f4b5efc013984ee9bcaa6b06,3,III-IV,benign nevus,benign,Claude,cl,malignant_vs_benign,FALSE,FALSE,0,1
d1603db4f4b5efc013984ee9bcaa6b06,3,III-IV,benign nevus,benign,Claude,cl,melanoma_vs_rest,FALSE,FALSE,0,1
d1603db4f4b5efc013984ee9bcaa6b06,3,III-IV,benign nevus,benign,Claude,cl,basal_cell_carcinoma_vs_rest,FALSE,FALSE,0,1
d1603db4f4b5efc013984ee9bcaa6b06,3,III-IV,benign nevus,benign,Claude,cl,squamous_cell_carcinoma_vs_rest,FALSE,FALSE,0,1
d91f1961238599efad26aa8142fb196d,3,III-IV,benign nevus,benign,Claude,cl,malignant_vs_benign,FALSE,FALSE,0,1
d91f1961238599efad26aa8142fb196d,3,III-IV,benign nevus,benign,Claude,cl,melanoma_vs_rest,FALSE,FALSE,0,1
d91f1961238599efad26aa8142fb196d,3,III-IV,benign nevus,benign,Claude,cl,basal_cell_carcinoma_vs_rest,FALSE,FALSE,0,1
d91f1961238599efad26aa8142fb196d,3,III-IV,benign nevus,benign,Claude,cl,squamous_cell_carcinoma_vs_rest,FALSE,FALSE,0,1
e4ba0957015d8478e9a1974968a34b31,3,III-IV,benign nevus,benign,Claude,cl,malignant_vs_benign,FALSE,FALSE,0,1
e4ba0957015d8478e9a1974968a34b31,3,III-IV,benign nevus,benign,Claude,cl,melanoma_vs_rest,FALSE,FALSE,0,1
e4ba0957015d8478e9a1974968a34b31,3,III-IV,benign nevus,benign,Claude,cl,basal_cell_carcinoma_vs_rest,FALSE,FALSE,0,1
e4ba0957015d8478e9a1974968a34b31,3,III-IV,benign nevus,benign,Claude,cl,squamous_cell_carcinoma_vs_rest,FALSE,FALSE,0,1
feabe7afd5bf64029cde195e8edad3a5,3,III-IV,benign nevus,benign,Claude,cl,malignant_vs_benign,FALSE,FALSE,0,1
feabe7afd5bf64029cde195e8edad3a5,3,III-IV,benign nevus,benign,Claude,cl,melanoma_vs_rest,FALSE,FALSE,0,1
feabe7afd5bf64029cde195e8edad3a5,3,III-IV,benign nevus,benign,Claude,cl,basal_cell_carcinoma_vs_rest,FALSE,FALSE,0,1
feabe7afd5bf64029cde195e8edad3a5,3,III-IV,benign nevus,benign,Claude,cl,squamous_cell_carcinoma_vs_rest,FALSE,FALSE,0,1
55b0a18bf7d66e453577477afad86967,4,III-IV,benign nevus,benign,Claude,cl,malignant_vs_benign,FALSE,FALSE,0.1,1
55b0a18bf7d66e453577477afad86967,4,III-IV,benign nevus,benign,Claude,cl,melanoma_vs_rest,FALSE,FALSE,0,1
55b0a18bf7d66e453577477afad86967,4,III-IV,benign nevus,benign,Claude,cl,basal_cell_carcinoma_vs_rest,FALSE,FALSE,0,1
55b0a18bf7d66e453577477afad86967,4,III-IV,benign nevus,benign,Claude,cl,squamous_cell_carcinoma_vs_rest,FALSE,FALSE,0,1
6a0264fec349d4487c83a53bc8d5d690,4,III-IV,benign nevus,benign,Claude,cl,malignant_vs_benign,FALSE,FALSE,0,1
6a0264fec349d4487c83a53bc8d5d690,4,III-IV,benign nevus,benign,Claude,cl,melanoma_vs_rest,FALSE,FALSE,0,1
6a0264fec349d4487c83a53bc8d5d690,4,III-IV,benign nevus,benign,Claude,cl,basal_cell_carcinoma_vs_rest,FALSE,FALSE,0,1
6a0264fec349d4487c83a53bc8d5d690,4,III-IV,benign nevus,benign,Claude,cl,squamous_cell_carcinoma_vs_rest,FALSE,FALSE,0,1
6a4b03f7cf0e7b6fcc018ea929e4acd5,4,III-IV,benign nevus,benign,Claude,cl,malignant_vs_benign,FALSE,FALSE,0,1
6a4b03f7cf0e7b6fcc018ea929e4acd5,4,III-IV,benign nevus,benign,Claude,cl,melanoma_vs_rest,FALSE,FALSE,0,1
6a4b03f7cf0e7b6fcc018ea929e4acd5,4,III-IV,benign nevus,benign,Claude,cl,basal_cell_carcinoma_vs_rest,FALSE,FALSE,0,1
6a4b03f7cf0e7b6fcc018ea929e4acd5,4,III-IV,benign nevus,benign,Claude,cl,squamous_cell_carcinoma_vs_rest,FALSE,FALSE,0,1
931d34dec55210d6241da6b512f0110e,4,III-IV,benign nevus,benign,Claude,cl,malignant_vs_benign,FALSE,FALSE,0.3,1
931d34dec55210d6241da6b512f0110e,4,III-IV,benign nevus,benign,Claude,cl,melanoma_vs_rest,FALSE,FALSE,0,1
931d34dec55210d6241da6b512f0110e,4,III-IV,benign nevus,benign,Claude,cl,basal_cell_carcinoma_vs_rest,FALSE,FALSE,0,1
931d34dec55210d6241da6b512f0110e,4,III-IV,benign nevus,benign,Claude,cl,squamous_cell_carcinoma_vs_rest,FALSE,FALSE,0,1
968e1a5756f64d872387e90182a2babf,4,III-IV,benign nevus,benign,Claude,cl,malignant_vs_benign,FALSE,FALSE,0,1
968e1a5756f64d872387e90182a2babf,4,III-IV,benign nevus,benign,Claude,cl,melanoma_vs_rest,FALSE,FALSE,0,1
968e1a5756f64d872387e90182a2babf,4,III-IV,benign nevus,benign,Claude,cl,basal_cell_carcinoma_vs_rest,FALSE,FALSE,0,1
968e1a5756f64d872387e90182a2babf,4,III-IV,benign nevus,benign,Claude,cl,squamous_cell_carcinoma_vs_rest,FALSE,FALSE,0,1
afb1549a32af6db1a892ba9c8f162efb,4,III-IV,benign nevus,benign,Claude,cl,malignant_vs_benign,FALSE,FALSE,0,1
afb1549a32af6db1a892ba9c8f162efb,4,III-IV,benign nevus,benign,Claude,cl,melanoma_vs_rest,FALSE,FALSE,0,1
afb1549a32af6db1a892ba9c8f162efb,4,III-IV,benign nevus,benign,Claude,cl,basal_cell_carcinoma_vs_rest,FALSE,FALSE,0,1
afb1549a32af6db1a892ba9c8f162efb,4,III-IV,benign nevus,benign,Claude,cl,squamous_cell_carcinoma_vs_rest,FALSE,FALSE,0,1
b1098b20b934997bfc37b366c6bbbf72,4,III-IV,benign nevus,benign,Claude,cl,malignant_vs_benign,FALSE,FALSE,0,1
b1098b20b934997bfc37b366c6bbbf72,4,III-IV,benign nevus,benign,Claude,cl,melanoma_vs_rest,FALSE,FALSE,0,1
b1098b20b934997bfc37b366c6bbbf72,4,III-IV,benign nevus,benign,Claude,cl,basal_cell_carcinoma_vs_rest,FALSE,FALSE,0,1
b1098b20b934997bfc37b366c6bbbf72,4,III-IV,benign nevus,benign,Claude,cl,squamous_cell_carcinoma_vs_rest,FALSE,FALSE,0,1
dea8f4fc4ec290d3bc9b5b0977bdf880,4,III-IV,benign nevus,benign,Claude,cl,malignant_vs_benign,FALSE,FALSE,0,1
dea8f4fc4ec290d3bc9b5b0977bdf880,4,III-IV,benign nevus,benign,Claude,cl,melanoma_vs_rest,FALSE,FALSE,0,1
dea8f4fc4ec290d3bc9b5b0977bdf880,4,III-IV,benign nevus,benign,Claude,cl,basal_cell_carcinoma_vs_rest,FALSE,FALSE,0,1
dea8f4fc4ec290d3bc9b5b0977bdf880,4,III-IV,benign nevus,benign,Claude,cl,squamous_cell_carcinoma_vs_rest,FALSE,FALSE,0,1
f27cd92ce48e3148f78e5a46c11a460a,4,III-IV,benign nevus,benign,Claude,cl,malignant_vs_benign,FALSE,FALSE,0.1,1
f27cd92ce48e3148f78e5a46c11a460a,4,III-IV,benign nevus,benign,Claude,cl,melanoma_vs_rest,FALSE,FALSE,0,1
f27cd92ce48e3148f78e5a46c11a460a,4,III-IV,benign nevus,benign,Claude,cl,basal_cell_carcinoma_vs_rest,FALSE,FALSE,0,1
f27cd92ce48e3148f78e5a46c11a460a,4,III-IV,benign nevus,benign,Claude,cl,squamous_cell_carcinoma_vs_rest,FALSE,FALSE,0,1
f5289a44be7bbf579e192c12774390c2,4,III-IV,benign nevus,benign,Claude,cl,malignant_vs_benign,FALSE,FALSE,0,1
f5289a44be7bbf579e192c12774390c2,4,III-IV,benign nevus,benign,Claude,cl,melanoma_vs_rest,FALSE,FALSE,0,1
f5289a44be7bbf579e192c12774390c2,4,III-IV,benign nevus,benign,Claude,cl,basal_cell_carcinoma_vs_rest,FALSE,FALSE,0,1
f5289a44be7bbf579e192c12774390c2,4,III-IV,benign nevus,benign,Claude,cl,squamous_cell_carcinoma_vs_rest,FALSE,FALSE,0,1
26b46628697510ce0ede5851006d5c34,5,V-VI,benign nevus,benign,Claude,cl,malignant_vs_benign,FALSE,FALSE,0.1,1
26b46628697510ce0ede5851006d5c34,5,V-VI,benign nevus,benign,Claude,cl,melanoma_vs_rest,FALSE,FALSE,0,1
26b46628697510ce0ede5851006d5c34,5,V-VI,benign nevus,benign,Claude,cl,basal_cell_carcinoma_vs_rest,FALSE,FALSE,0,1
26b46628697510ce0ede5851006d5c34,5,V-VI,benign nevus,benign,Claude,cl,squamous_cell_carcinoma_vs_rest,FALSE,FALSE,0,1
2d47534396dae6130583dfb65c30fe61,5,V-VI,benign nevus,benign,Claude,cl,malignant_vs_benign,FALSE,FALSE,0.07,1
2d47534396dae6130583dfb65c30fe61,5,V-VI,benign nevus,benign,Claude,cl,melanoma_vs_rest,FALSE,FALSE,0,1
2d47534396dae6130583dfb65c30fe61,5,V-VI,benign nevus,benign,Claude,cl,basal_cell_carcinoma_vs_rest,FALSE,FALSE,0,1
2d47534396dae6130583dfb65c30fe61,5,V-VI,benign nevus,benign,Claude,cl,squamous_cell_carcinoma_vs_rest,FALSE,FALSE,0,1
535e72695bd844f8ef74d4aab4299f33,5,V-VI,benign nevus,benign,Claude,cl,malignant_vs_benign,FALSE,FALSE,0.1,1
535e72695bd844f8ef74d4aab4299f33,5,V-VI,benign nevus,benign,Claude,cl,melanoma_vs_rest,FALSE,FALSE,0,1
535e72695bd844f8ef74d4aab4299f33,5,V-VI,benign nevus,benign,Claude,cl,basal_cell_carcinoma_vs_rest,FALSE,FALSE,0,1
535e72695bd844f8ef74d4aab4299f33,5,V-VI,benign nevus,benign,Claude,cl,squamous_cell_carcinoma_vs_rest,FALSE,FALSE,0,1
91a12888aa3eb6ac9011939352a9c6e2,5,V-VI,benign nevus,benign,Claude,cl,malignant_vs_benign,FALSE,FALSE,0,1
91a12888aa3eb6ac9011939352a9c6e2,5,V-VI,benign nevus,benign,Claude,cl,melanoma_vs_rest,FALSE,FALSE,0,1
91a12888aa3eb6ac9011939352a9c6e2,5,V-VI,benign nevus,benign,Claude,cl,basal_cell_carcinoma_vs_rest,FALSE,FALSE,0,1
91a12888aa3eb6ac9011939352a9c6e2,5,V-VI,benign nevus,benign,Claude,cl,squamous_cell_carcinoma_vs_rest,FALSE,FALSE,0,1
9a049a3ca3f96ae3356d30d1486f7bef,5,V-VI,benign nevus,benign,Claude,cl,malignant_vs_benign,FALSE,FALSE,0,1
9a049a3ca3f96ae3356d30d1486f7bef,5,V-VI,benign nevus,benign,Claude,cl,melanoma_vs_rest,FALSE,FALSE,0,1
9a049a3ca3f96ae3356d30d1486f7bef,5,V-VI,benign nevus,benign,Claude,cl,basal_cell_carcinoma_vs_rest,FALSE,FALSE,0,1
9a049a3ca3f96ae3356d30d1486f7bef,5,V-VI,benign nevus,benign,Claude,cl,squamous_cell_carcinoma_vs_rest,FALSE,FALSE,0,1
a11c754f8e19c7a770d73878f86766b8,5,V-VI,benign nevus,benign,Claude,cl,malignant_vs_benign,FALSE,FALSE,0,1
a11c754f8e19c7a770d73878f86766b8,5,V-VI,benign nevus,benign,Claude,cl,melanoma_vs_rest,FALSE,FALSE,0,1
a11c754f8e19c7a770d73878f86766b8,5,V-VI,benign nevus,benign,Claude,cl,basal_cell_carcinoma_vs_rest,FALSE,FALSE,0,1
a11c754f8e19c7a770d73878f86766b8,5,V-VI,benign nevus,benign,Claude,cl,squamous_cell_carcinoma_vs_rest,FALSE,FALSE,0,1
cd1723ac116758cb87a16e7a1a30f270,5,V-VI,benign nevus,benign,Claude,cl,malignant_vs_benign,FALSE,FALSE,0.1,1
cd1723ac116758cb87a16e7a1a30f270,5,V-VI,benign nevus,benign,Claude,cl,melanoma_vs_rest,FALSE,FALSE,0,1
cd1723ac116758cb87a16e7a1a30f270,5,V-VI,benign nevus,benign,Claude,cl,basal_cell_carcinoma_vs_rest,FALSE,FALSE,0,1
cd1723ac116758cb87a16e7a1a30f270,5,V-VI,benign nevus,benign,Claude,cl,squamous_cell_carcinoma_vs_rest,FALSE,FALSE,0,1
d4e6307697e22eed8376fb2e2c54ab1f,5,V-VI,benign nevus,benign,Claude,cl,malignant_vs_benign,FALSE,FALSE,0.1,1
d4e6307697e22eed8376fb2e2c54ab1f,5,V-VI,benign nevus,benign,Claude,cl,melanoma_vs_rest,FALSE,FALSE,0,1
d4e6307697e22eed8376fb2e2c54ab1f,5,V-VI,benign nevus,benign,Claude,cl,basal_cell_carcinoma_vs_rest,FALSE,FALSE,0,1
d4e6307697e22eed8376fb2e2c54ab1f,5,V-VI,benign nevus,benign,Claude,cl,squamous_cell_carcinoma_vs_rest,FALSE,FALSE,0,1
f2eda43c2fa0e4d269fe8cc4baf1e7d6,5,V-VI,benign nevus,benign,Claude,cl,malignant_vs_benign,FALSE,FALSE,0,1
f2eda43c2fa0e4d269fe8cc4baf1e7d6,5,V-VI,benign nevus,benign,Claude,cl,melanoma_vs_rest,FALSE,FALSE,0,1
f2eda43c2fa0e4d269fe8cc4baf1e7d6,5,V-VI,benign nevus,benign,Claude,cl,basal_cell_carcinoma_vs_rest,FALSE,FALSE,0,1
f2eda43c2fa0e4d269fe8cc4baf1e7d6,5,V-VI,benign nevus,benign,Claude,cl,squamous_cell_carcinoma_vs_rest,FALSE,FALSE,0,1
f6fe73e66c6d27e33da417c8bc431847,5,V-VI,benign nevus,benign,Claude,cl,malignant_vs_benign,FALSE,FALSE,0,1
f6fe73e66c6d27e33da417c8bc431847,5,V-VI,benign nevus,benign,Claude,cl,melanoma_vs_rest,FALSE,FALSE,0,1
f6fe73e66c6d27e33da417c8bc431847,5,V-VI,benign nevus,benign,Claude,cl,basal_cell_carcinoma_vs_rest,FALSE,FALSE,0,1
f6fe73e66c6d27e33da417c8bc431847,5,V-VI,benign nevus,benign,Claude,cl,squamous_cell_carcinoma_vs_rest,FALSE,FALSE,0,1
94238b7bc1fa76e2fb7825d28a755453,6,V-VI,benign nevus,benign,Claude,cl,malignant_vs_benign,FALSE,FALSE,0.15,1
94238b7bc1fa76e2fb7825d28a755453,6,V-VI,benign nevus,benign,Claude,cl,melanoma_vs_rest,FALSE,FALSE,0,1
94238b7bc1fa76e2fb7825d28a755453,6,V-VI,benign nevus,benign,Claude,cl,basal_cell_carcinoma_vs_rest,FALSE,FALSE,0,1
94238b7bc1fa76e2fb7825d28a755453,6,V-VI,benign nevus,benign,Claude,cl,squamous_cell_carcinoma_vs_rest,FALSE,FALSE,0,1
23298fb4037f3307f5a65b9e65d201a5,6,V-VI,benign nevus,benign,Claude,cl,malignant_vs_benign,FALSE,FALSE,0,1
23298fb4037f3307f5a65b9e65d201a5,6,V-VI,benign nevus,benign,Claude,cl,melanoma_vs_rest,FALSE,FALSE,0,1
23298fb4037f3307f5a65b9e65d201a5,6,V-VI,benign nevus,benign,Claude,cl,basal_cell_carcinoma_vs_rest,FALSE,FALSE,0,1
23298fb4037f3307f5a65b9e65d201a5,6,V-VI,benign nevus,benign,Claude,cl,squamous_cell_carcinoma_vs_rest,FALSE,FALSE,0,1
